a,b,winrate_a_vs_b,matches,ci_low,ci_high
Boros Energy,Boros Energy,0.5,862,0.47,0.53
Boros Energy,Jeskai Blink,0.51,769,0.47,0.54
Boros Energy,Amulet Titan,0.52,664,0.48,0.56
Boros Energy,Izzet Prowess,0.55,593,0.51,0.59
Boros Energy,Affinity,0.53,653,0.5,0.57
Boros Energy,Esper Reanimator,0.52,516,0.48,0.57
Boros Energy,Domain Aggro,0.55,437,0.5,0.6
Boros Energy,Esper Phelia,0.54,260,0.48,0.6
Boros Energy,Eldrazi Tron,0.54,226,0.47,0.6
Boros Energy,Tameshi Belcher,0.42,220,0.36,0.49
Boros Energy,Eldrazi Bloodchief Combo,0.51,218,0.45,0.58
Boros Energy,Simic Ritual,0.59,232,0.52,0.65
Boros Energy,Eldrazi Ramp,0.5,223,0.43,0.57
Boros Energy,Ruby Storm,0.49,216,0.42,0.56
Boros Energy,Azorius Control,0.61,119,0.51,0.69
Boros Energy,Neoform,0.41,143,0.33,0.5
Boros Energy,Dimir Frog,0.5,74,0.38,0.62
Boros Energy,Azorius Blink,0.52,81,0.4,0.63
Boros Energy,Golgari Yawgmoth,0.52,86,0.41,0.63
Boros Energy,Mill,0.73,66,0.6,0.83
Boros Energy,Jeskai Control,0.62,77,0.51,0.73
Boros Energy,Samwise Combo,0.59,54,0.45,0.72
Boros Energy,Grixis Reanimator,0.47,68,0.35,0.6
Boros Energy,Living End,0.51,39,0.35,0.68
Boros Energy,Mono Blue Tron,0.61,36,0.43,0.77
Boros Energy,Eldrazi Aggro,0.76,21,0.53,0.92
Boros Energy,4 Color Ritual,0.66,29,0.46,0.82
Boros Energy,Hollow One,0.47,17,0.23,0.72
Boros Energy,Burn,0.78,9,0.4,0.97
Jeskai Blink,Boros Energy,0.49,769,0.46,0.53
Jeskai Blink,Jeskai Blink,0.5,974,0.47,0.53
Jeskai Blink,Amulet Titan,0.46,688,0.42,0.5
Jeskai Blink,Izzet Prowess,0.53,619,0.49,0.57
Jeskai Blink,Affinity,0.48,610,0.44,0.52
Jeskai Blink,Esper Reanimator,0.5,426,0.45,0.55
Jeskai Blink,Domain Aggro,0.55,425,0.5,0.6
Jeskai Blink,Esper Phelia,0.51,235,0.45,0.58
Jeskai Blink,Eldrazi Tron,0.58,170,0.5,0.65
Jeskai Blink,Tameshi Belcher,0.51,168,0.43,0.58
Jeskai Blink,Eldrazi Bloodchief Combo,0.55,206,0.48,0.62
Jeskai Blink,Simic Ritual,0.35,286,0.3,0.41
Jeskai Blink,Eldrazi Ramp,0.5,135,0.41,0.58
Jeskai Blink,Ruby Storm,0.43,198,0.36,0.51
Jeskai Blink,Azorius Control,0.56,142,0.48,0.65
Jeskai Blink,Neoform,0.58,96,0.48,0.68
Jeskai Blink,Dimir Frog,0.66,109,0.56,0.75
Jeskai Blink,Azorius Blink,0.67,45,0.51,0.8
Jeskai Blink,Golgari Yawgmoth,0.32,53,0.2,0.46
Jeskai Blink,Mill,0.52,54,0.38,0.66
Jeskai Blink,Jeskai Control,0.59,63,0.46,0.71
Jeskai Blink,Samwise Combo,0.36,64,0.24,0.49
Jeskai Blink,Grixis Reanimator,0.51,35,0.34,0.69
Jeskai Blink,Living End,0.47,45,0.32,0.62
Jeskai Blink,Mono Blue Tron,0.67,30,0.47,0.83
Jeskai Blink,Eldrazi Aggro,0.64,36,0.46,0.79
Jeskai Blink,4 Color Ritual,0.56,18,0.31,0.78
Jeskai Blink,Hollow One,0.58,12,0.28,0.85
Jeskai Blink,Burn,0.4,10,0.12,0.74
Amulet Titan,Boros Energy,0.48,664,0.44,0.52
Amulet Titan,Jeskai Blink,0.54,688,0.5,0.58
Amulet Titan,Amulet Titan,0.5,656,0.46,0.54
Amulet Titan,Izzet Prowess,0.59,528,0.54,0.63
Amulet Titan,Affinity,0.58,493,0.53,0.62
Amulet Titan,Esper Reanimator,0.47,462,0.42,0.51
Amulet Titan,Domain Aggro,0.57,378,0.52,0.62
Amulet Titan,Esper Phelia,0.49,264,0.43,0.55
Amulet Titan,Eldrazi Tron,0.75,252,0.69,0.8
Amulet Titan,Tameshi Belcher,0.43,161,0.36,0.52
Amulet Titan,Eldrazi Bloodchief Combo,0.54,227,0.47,0.6
Amulet Titan,Simic Ritual,0.27,184,0.21,0.34
Amulet Titan,Eldrazi Ramp,0.7,138,0.61,0.77
Amulet Titan,Ruby Storm,0.4,152,0.32,0.48
Amulet Titan,Azorius Control,0.48,134,0.39,0.57
Amulet Titan,Neoform,0.29,80,0.19,0.4
Amulet Titan,Dimir Frog,0.51,89,0.4,0.61
Amulet Titan,Azorius Blink,0.53,83,0.42,0.64
Amulet Titan,Golgari Yawgmoth,0.48,46,0.33,0.63
Amulet Titan,Mill,0.34,58,0.22,0.48
Amulet Titan,Jeskai Control,0.27,45,0.15,0.42
Amulet Titan,Samwise Combo,0.34,64,0.23,0.47
Amulet Titan,Grixis Reanimator,0.64,33,0.45,0.8
Amulet Titan,Living End,0.66,29,0.46,0.82
Amulet Titan,Mono Blue Tron,0.74,38,0.57,0.87
Amulet Titan,Eldrazi Aggro,0.64,42,0.48,0.78
Amulet Titan,4 Color Ritual,0.25,24,0.1,0.47
Amulet Titan,Hollow One,0.78,9,0.4,0.97
Amulet Titan,Burn,0.88,17,0.64,0.99
Izzet Prowess,Boros Energy,0.45,593,0.41,0.49
Izzet Prowess,Jeskai Blink,0.47,619,0.43,0.51
Izzet Prowess,Amulet Titan,0.41,528,0.37,0.46
Izzet Prowess,Izzet Prowess,0.5,558,0.46,0.54
Izzet Prowess,Affinity,0.47,471,0.43,0.52
Izzet Prowess,Esper Reanimator,0.44,408,0.39,0.49
Izzet Prowess,Domain Aggro,0.36,387,0.31,0.41
Izzet Prowess,Esper Phelia,0.51,220,0.45,0.58
Izzet Prowess,Eldrazi Tron,0.42,201,0.35,0.49
Izzet Prowess,Tameshi Belcher,0.67,159,0.59,0.74
Izzet Prowess,Eldrazi Bloodchief Combo,0.55,179,0.47,0.62
Izzet Prowess,Simic Ritual,0.72,197,0.65,0.78
Izzet Prowess,Eldrazi Ramp,0.46,147,0.38,0.55
Izzet Prowess,Ruby Storm,0.53,135,0.45,0.62
Izzet Prowess,Azorius Control,0.61,108,0.51,0.7
Izzet Prowess,Neoform,0.31,89,0.22,0.42
Izzet Prowess,Dimir Frog,0.5,54,0.36,0.64
Izzet Prowess,Azorius Blink,0.43,49,0.29,0.58
Izzet Prowess,Golgari Yawgmoth,0.46,54,0.33,0.6
Izzet Prowess,Mill,0.87,55,0.76,0.95
Izzet Prowess,Jeskai Control,0.41,59,0.28,0.54
Izzet Prowess,Samwise Combo,0.69,45,0.53,0.82
Izzet Prowess,Grixis Reanimator,0.42,43,0.27,0.58
Izzet Prowess,Living End,0.54,24,0.33,0.74
Izzet Prowess,Mono Blue Tron,0.55,31,0.36,0.73
Izzet Prowess,Eldrazi Aggro,0.36,33,0.2,0.55
Izzet Prowess,4 Color Ritual,0.47,15,0.21,0.73
Izzet Prowess,Hollow One,0.75,20,0.51,0.91
Izzet Prowess,Burn,0.67,15,0.38,0.88
Affinity,Boros Energy,0.47,653,0.43,0.5
Affinity,Jeskai Blink,0.52,610,0.48,0.56
Affinity,Amulet Titan,0.42,493,0.38,0.47
Affinity,Izzet Prowess,0.53,471,0.48,0.57
Affinity,Affinity,0.5,388,0.45,0.55
Affinity,Esper Reanimator,0.64,368,0.59,0.69
Affinity,Domain Aggro,0.52,310,0.46,0.57
Affinity,Esper Phelia,0.58,246,0.52,0.64
Affinity,Eldrazi Tron,0.56,189,0.49,0.63
Affinity,Tameshi Belcher,0.62,205,0.55,0.69
Affinity,Eldrazi Bloodchief Combo,0.36,169,0.28,0.43
Affinity,Simic Ritual,0.65,172,0.57,0.72
Affinity,Eldrazi Ramp,0.56,138,0.47,0.64
Affinity,Ruby Storm,0.46,177,0.39,0.54
Affinity,Azorius Control,0.47,105,0.37,0.57
Affinity,Neoform,0.55,78,0.43,0.66
Affinity,Dimir Frog,0.64,70,0.52,0.75
Affinity,Azorius Blink,0.56,55,0.42,0.7
Affinity,Golgari Yawgmoth,0.53,58,0.4,0.67
Affinity,Mill,0.7,53,0.56,0.82
Affinity,Jeskai Control,0.51,43,0.35,0.67
Affinity,Samwise Combo,0.51,45,0.36,0.66
Affinity,Grixis Reanimator,0.59,44,0.43,0.74
Affinity,Living End,0.62,29,0.42,0.79
Affinity,Mono Blue Tron,0.6,15,0.32,0.84
Affinity,Eldrazi Aggro,0.5,18,0.26,0.74
Affinity,4 Color Ritual,0.41,17,0.18,0.67
Affinity,Hollow One,0.55,11,0.23,0.83
Affinity,Burn,0.75,16,0.48,0.93
Esper Reanimator,Boros Energy,0.48,516,0.43,0.52
Esper Reanimator,Jeskai Blink,0.5,426,0.45,0.55
Esper Reanimator,Amulet Titan,0.53,462,0.49,0.58
Esper Reanimator,Izzet Prowess,0.56,408,0.51,0.61
Esper Reanimator,Affinity,0.36,368,0.31,0.41
Esper Reanimator,Esper Reanimator,0.5,386,0.45,0.55
Esper Reanimator,Domain Aggro,0.52,269,0.46,0.59
Esper Reanimator,Esper Phelia,0.47,234,0.41,0.54
Esper Reanimator,Eldrazi Tron,0.41,195,0.34,0.48
Esper Reanimator,Tameshi Belcher,0.48,220,0.41,0.55
Esper Reanimator,Eldrazi Bloodchief Combo,0.47,157,0.39,0.55
Esper Reanimator,Simic Ritual,0.34,123,0.26,0.43
Esper Reanimator,Eldrazi Ramp,0.48,128,0.4,0.57
Esper Reanimator,Ruby Storm,0.57,111,0.47,0.66
Esper Reanimator,Azorius Control,0.39,106,0.29,0.49
Esper Reanimator,Neoform,0.65,68,0.52,0.76
Esper Reanimator,Dimir Frog,0.4,58,0.27,0.53
Esper Reanimator,Azorius Blink,0.46,54,0.33,0.6
Esper Reanimator,Golgari Yawgmoth,0.33,42,0.2,0.5
Esper Reanimator,Mill,0.45,42,0.3,0.61
Esper Reanimator,Jeskai Control,0.66,50,0.51,0.79
Esper Reanimator,Samwise Combo,0.55,38,0.38,0.71
Esper Reanimator,Grixis Reanimator,0.68,44,0.52,0.81
Esper Reanimator,Living End,0.69,16,0.41,0.89
Esper Reanimator,Mono Blue Tron,0.54,26,0.33,0.73
Esper Reanimator,Eldrazi Aggro,0.22,9,0.03,0.6
Esper Reanimator,4 Color Ritual,0.31,16,0.11,0.59
Esper Reanimator,Hollow One,0.62,13,0.32,0.86
Esper Reanimator,Burn,0.85,13,0.55,0.98
Domain Aggro,Boros Energy,0.45,437,0.4,0.5
Domain Aggro,Jeskai Blink,0.45,425,0.4,0.5
Domain Aggro,Amulet Titan,0.43,378,0.38,0.48
Domain Aggro,Izzet Prowess,0.64,387,0.59,0.69
Domain Aggro,Affinity,0.48,310,0.43,0.54
Domain Aggro,Esper Reanimator,0.48,269,0.41,0.54
Domain Aggro,Domain Aggro,0.5,196,0.43,0.57
Domain Aggro,Esper Phelia,0.49,149,0.41,0.57
Domain Aggro,Eldrazi Tron,0.55,148,0.46,0.63
Domain Aggro,Tameshi Belcher,0.52,128,0.43,0.6
Domain Aggro,Eldrazi Bloodchief Combo,0.5,127,0.41,0.59
Domain Aggro,Simic Ritual,0.37,118,0.29,0.47
Domain Aggro,Eldrazi Ramp,0.42,106,0.32,0.51
Domain Aggro,Ruby Storm,0.53,109,0.43,0.63
Domain Aggro,Azorius Control,0.57,81,0.45,0.68
Domain Aggro,Neoform,0.51,51,0.37,0.65
Domain Aggro,Dimir Frog,0.48,50,0.34,0.63
Domain Aggro,Azorius Blink,0.71,38,0.54,0.85
Domain Aggro,Golgari Yawgmoth,0.59,34,0.41,0.75
Domain Aggro,Mill,0.73,37,0.56,0.86
Domain Aggro,Jeskai Control,0.74,23,0.52,0.9
Domain Aggro,Samwise Combo,0.58,38,0.41,0.74
Domain Aggro,Grixis Reanimator,0.61,31,0.42,0.78
Domain Aggro,Living End,0.32,19,0.13,0.57
Domain Aggro,Mono Blue Tron,0.48,21,0.26,0.7
Domain Aggro,Eldrazi Aggro,0.54,13,0.25,0.81
Domain Aggro,4 Color Ritual,0.5,14,0.23,0.77
Domain Aggro,Hollow One,0.55,11,0.23,0.83
Domain Aggro,Burn,0.71,14,0.42,0.92
Esper Phelia,Boros Energy,0.46,260,0.4,0.52
Esper Phelia,Jeskai Blink,0.49,235,0.42,0.55
Esper Phelia,Amulet Titan,0.51,264,0.45,0.57
Esper Phelia,Izzet Prowess,0.49,220,0.42,0.55
Esper Phelia,Affinity,0.42,246,0.36,0.48
Esper Phelia,Esper Reanimator,0.53,234,0.46,0.59
Esper Phelia,Domain Aggro,0.51,149,0.43,0.59
Esper Phelia,Esper Phelia,0.5,108,0.4,0.6
Esper Phelia,Eldrazi Tron,0.41,109,0.32,0.51
Esper Phelia,Tameshi Belcher,0.63,101,0.53,0.73
Esper Phelia,Eldrazi Bloodchief Combo,0.42,106,0.32,0.51
Esper Phelia,Simic Ritual,0.37,78,0.26,0.49
Esper Phelia,Eldrazi Ramp,0.44,73,0.32,0.56
Esper Phelia,Ruby Storm,0.53,55,0.39,0.66
Esper Phelia,Azorius Control,0.4,58,0.27,0.53
Esper Phelia,Neoform,0.67,33,0.48,0.82
Esper Phelia,Dimir Frog,0.54,35,0.37,0.71
Esper Phelia,Azorius Blink,0.58,36,0.41,0.74
Esper Phelia,Golgari Yawgmoth,0.58,19,0.33,0.8
Esper Phelia,Mill,0.46,13,0.19,0.75
Esper Phelia,Jeskai Control,0.5,26,0.3,0.7
Esper Phelia,Samwise Combo,0.62,29,0.42,0.79
Esper Phelia,Grixis Reanimator,0.57,21,0.34,0.78
Esper Phelia,Living End,0.57,14,0.29,0.82
Esper Phelia,Mono Blue Tron,0.53,15,0.27,0.79
Esper Phelia,Eldrazi Aggro,0.4,10,0.12,0.74
Esper Phelia,4 Color Ritual,0.71,7,0.29,0.96
Esper Phelia,Hollow One,0.69,13,0.39,0.91
Esper Phelia,Burn,0.33,6,0.04,0.78
Eldrazi Tron,Boros Energy,0.46,226,0.4,0.53
Eldrazi Tron,Jeskai Blink,0.42,170,0.35,0.5
Eldrazi Tron,Amulet Titan,0.25,252,0.2,0.31
Eldrazi Tron,Izzet Prowess,0.58,201,0.51,0.65
Eldrazi Tron,Affinity,0.44,189,0.37,0.51
Eldrazi Tron,Esper Reanimator,0.59,195,0.52,0.66
Eldrazi Tron,Domain Aggro,0.45,148,0.37,0.54
Eldrazi Tron,Esper Phelia,0.59,109,0.49,0.68
Eldrazi Tron,Eldrazi Tron,0.5,90,0.39,0.61
Eldrazi Tron,Tameshi Belcher,0.55,103,0.45,0.65
Eldrazi Tron,Eldrazi Bloodchief Combo,0.38,85,0.27,0.49
Eldrazi Tron,Simic Ritual,0.43,44,0.28,0.59
Eldrazi Tron,Eldrazi Ramp,0.41,66,0.29,0.54
Eldrazi Tron,Ruby Storm,0.4,52,0.27,0.55
Eldrazi Tron,Azorius Control,0.56,59,0.42,0.69
Eldrazi Tron,Neoform,0.38,42,0.24,0.54
Eldrazi Tron,Dimir Frog,0.58,26,0.37,0.77
Eldrazi Tron,Azorius Blink,0.41,39,0.26,0.58
Eldrazi Tron,Golgari Yawgmoth,0.59,29,0.39,0.76
Eldrazi Tron,Mill,0.58,24,0.37,0.78
Eldrazi Tron,Jeskai Control,0.56,25,0.35,0.76
Eldrazi Tron,Samwise Combo,0.63,24,0.41,0.81
Eldrazi Tron,Grixis Reanimator,0.65,20,0.41,0.85
Eldrazi Tron,Living End,0.54,13,0.25,0.81
Eldrazi Tron,Mono Blue Tron,0.25,16,0.07,0.52
Eldrazi Tron,Eldrazi Aggro,0.25,8,0.03,0.65
Eldrazi Tron,4 Color Ritual,0.38,8,0.09,0.76
Eldrazi Tron,Hollow One,0.6,10,0.26,0.88
Eldrazi Tron,Burn,0.67,6,0.22,0.96
Tameshi Belcher,Boros Energy,0.58,220,0.51,0.64
Tameshi Belcher,Jeskai Blink,0.49,168,0.42,0.57
Tameshi Belcher,Amulet Titan,0.57,161,0.48,0.64
Tameshi Belcher,Izzet Prowess,0.33,159,0.26,0.41
Tameshi Belcher,Affinity,0.38,205,0.31,0.45
Tameshi Belcher,Esper Reanimator,0.52,220,0.45,0.59
Tameshi Belcher,Domain Aggro,0.48,128,0.4,0.57
Tameshi Belcher,Esper Phelia,0.37,101,0.27,0.47
Tameshi Belcher,Eldrazi Tron,0.45,103,0.35,0.55
Tameshi Belcher,Tameshi Belcher,0.5,106,0.4,0.6
Tameshi Belcher,Eldrazi Bloodchief Combo,0.38,63,0.26,0.51
Tameshi Belcher,Simic Ritual,0.53,47,0.38,0.68
Tameshi Belcher,Eldrazi Ramp,0.47,60,0.34,0.6
Tameshi Belcher,Ruby Storm,0.7,53,0.56,0.82
Tameshi Belcher,Azorius Control,0.55,53,0.4,0.68
Tameshi Belcher,Neoform,0.58,43,0.42,0.73
Tameshi Belcher,Dimir Frog,0.36,22,0.17,0.59
Tameshi Belcher,Azorius Blink,0.48,27,0.29,0.68
Tameshi Belcher,Golgari Yawgmoth,0.57,21,0.34,0.78
Tameshi Belcher,Mill,0.4,15,0.16,0.68
Tameshi Belcher,Jeskai Control,0.56,18,0.31,0.78
Tameshi Belcher,Samwise Combo,0.33,18,0.13,0.59
Tameshi Belcher,Grixis Reanimator,0.46,13,0.19,0.75
Tameshi Belcher,Living End,0.64,11,0.31,0.89
Tameshi Belcher,Mono Blue Tron,0.5,12,0.21,0.79
Tameshi Belcher,Eldrazi Aggro,0.5,10,0.19,0.81
Tameshi Belcher,4 Color Ritual,0.67,3,0.09,0.99
Tameshi Belcher,Hollow One,0.4,5,0.05,0.85
Tameshi Belcher,Burn,0.0,3,0.0,0.71
Eldrazi Bloodchief Combo,Boros Energy,0.49,218,0.42,0.55
Eldrazi Bloodchief Combo,Jeskai Blink,0.45,206,0.38,0.52
Eldrazi Bloodchief Combo,Amulet Titan,0.46,227,0.4,0.53
Eldrazi Bloodchief Combo,Izzet Prowess,0.45,179,0.38,0.53
Eldrazi Bloodchief Combo,Affinity,0.64,169,0.57,0.72
Eldrazi Bloodchief Combo,Esper Reanimator,0.53,157,0.45,0.61
Eldrazi Bloodchief Combo,Domain Aggro,0.5,127,0.41,0.59
Eldrazi Bloodchief Combo,Esper Phelia,0.58,106,0.49,0.68
Eldrazi Bloodchief Combo,Eldrazi Tron,0.62,85,0.51,0.73
Eldrazi Bloodchief Combo,Tameshi Belcher,0.62,63,0.49,0.74
Eldrazi Bloodchief Combo,Eldrazi Bloodchief Combo,0.5,84,0.39,0.61
Eldrazi Bloodchief Combo,Simic Ritual,0.6,75,0.48,0.71
Eldrazi Bloodchief Combo,Eldrazi Ramp,0.54,65,0.41,0.66
Eldrazi Bloodchief Combo,Ruby Storm,0.43,46,0.29,0.59
Eldrazi Bloodchief Combo,Azorius Control,0.62,50,0.47,0.75
Eldrazi Bloodchief Combo,Neoform,0.41,34,0.25,0.59
Eldrazi Bloodchief Combo,Dimir Frog,0.75,24,0.53,0.9
Eldrazi Bloodchief Combo,Azorius Blink,0.6,25,0.39,0.79
Eldrazi Bloodchief Combo,Golgari Yawgmoth,0.77,13,0.46,0.95
Eldrazi Bloodchief Combo,Mill,0.46,26,0.27,0.67
Eldrazi Bloodchief Combo,Jeskai Control,0.36,25,0.18,0.57
Eldrazi Bloodchief Combo,Samwise Combo,0.37,19,0.16,0.62
Eldrazi Bloodchief Combo,Grixis Reanimator,0.7,10,0.35,0.93
Eldrazi Bloodchief Combo,Living End,1.0,4,0.4,1.0
Eldrazi Bloodchief Combo,Mono Blue Tron,0.71,14,0.42,0.92
Eldrazi Bloodchief Combo,Eldrazi Aggro,0.67,9,0.3,0.93
Eldrazi Bloodchief Combo,4 Color Ritual,0.83,6,0.36,1.0
Eldrazi Bloodchief Combo,Hollow One,0.75,4,0.19,0.99
Eldrazi Bloodchief Combo,Burn,0.67,6,0.22,0.96
Simic Ritual,Boros Energy,0.41,232,0.35,0.48
Simic Ritual,Jeskai Blink,0.65,286,0.59,0.7
Simic Ritual,Amulet Titan,0.73,184,0.66,0.79
Simic Ritual,Izzet Prowess,0.28,197,0.22,0.35
Simic Ritual,Affinity,0.35,172,0.28,0.43
Simic Ritual,Esper Reanimator,0.66,123,0.57,0.74
Simic Ritual,Domain Aggro,0.63,118,0.53,0.71
Simic Ritual,Esper Phelia,0.63,78,0.51,0.74
Simic Ritual,Eldrazi Tron,0.57,44,0.41,0.72
Simic Ritual,Tameshi Belcher,0.47,47,0.32,0.62
Simic Ritual,Eldrazi Bloodchief Combo,0.4,75,0.29,0.52
Simic Ritual,Simic Ritual,0.5,92,0.39,0.61
Simic Ritual,Eldrazi Ramp,0.67,54,0.53,0.79
Simic Ritual,Ruby Storm,0.52,56,0.38,0.65
Simic Ritual,Azorius Control,0.76,34,0.59,0.89
Simic Ritual,Neoform,0.74,27,0.54,0.89
Simic Ritual,Dimir Frog,0.42,26,0.23,0.63
Simic Ritual,Azorius Blink,0.29,7,0.04,0.71
Simic Ritual,Golgari Yawgmoth,0.45,22,0.24,0.68
Simic Ritual,Mill,0.68,22,0.45,0.86
Simic Ritual,Jeskai Control,0.83,12,0.52,0.98
Simic Ritual,Samwise Combo,0.53,19,0.29,0.76
Simic Ritual,Grixis Reanimator,0.64,14,0.35,0.87
Simic Ritual,Living End,0.8,5,0.28,0.99
Simic Ritual,Mono Blue Tron,0.33,6,0.04,0.78
Simic Ritual,Eldrazi Aggro,0.29,7,0.04,0.71
Simic Ritual,4 Color Ritual,0.56,9,0.21,0.86
Simic Ritual,Hollow One,0.67,3,0.09,0.99
Simic Ritual,Burn,0.33,3,0.01,0.91
Eldrazi Ramp,Boros Energy,0.5,223,0.43,0.57
Eldrazi Ramp,Jeskai Blink,0.5,135,0.42,0.59
Eldrazi Ramp,Amulet Titan,0.3,138,0.23,0.39
Eldrazi Ramp,Izzet Prowess,0.54,147,0.45,0.62
Eldrazi Ramp,Affinity,0.44,138,0.36,0.53
Eldrazi Ramp,Esper Reanimator,0.52,128,0.43,0.6
Eldrazi Ramp,Domain Aggro,0.58,106,0.49,0.68
Eldrazi Ramp,Esper Phelia,0.56,73,0.44,0.68
Eldrazi Ramp,Eldrazi Tron,0.59,66,0.46,0.71
Eldrazi Ramp,Tameshi Belcher,0.53,60,0.4,0.66
Eldrazi Ramp,Eldrazi Bloodchief Combo,0.46,65,0.34,0.59
Eldrazi Ramp,Simic Ritual,0.33,54,0.21,0.47
Eldrazi Ramp,Eldrazi Ramp,0.5,60,0.37,0.63
Eldrazi Ramp,Ruby Storm,0.26,53,0.15,0.4
Eldrazi Ramp,Azorius Control,0.4,52,0.27,0.55
Eldrazi Ramp,Neoform,0.33,30,0.17,0.53
Eldrazi Ramp,Dimir Frog,0.63,24,0.41,0.81
Eldrazi Ramp,Azorius Blink,0.56,9,0.21,0.86
Eldrazi Ramp,Golgari Yawgmoth,0.52,21,0.3,0.74
Eldrazi Ramp,Mill,0.58,19,0.33,0.8
Eldrazi Ramp,Jeskai Control,0.57,21,0.34,0.78
Eldrazi Ramp,Samwise Combo,0.38,8,0.09,0.76
Eldrazi Ramp,Grixis Reanimator,0.31,16,0.11,0.59
Eldrazi Ramp,Living End,0.3,10,0.07,0.65
Eldrazi Ramp,Mono Blue Tron,0.5,10,0.19,0.81
Eldrazi Ramp,Eldrazi Aggro,0.59,17,0.33,0.82
Eldrazi Ramp,4 Color Ritual,0.8,5,0.28,0.99
Eldrazi Ramp,Hollow One,0.67,9,0.3,0.93
Eldrazi Ramp,Burn,1.0,4,0.4,1.0
Ruby Storm,Boros Energy,0.51,216,0.44,0.58
Ruby Storm,Jeskai Blink,0.57,198,0.49,0.64
Ruby Storm,Amulet Titan,0.6,152,0.52,0.68
Ruby Storm,Izzet Prowess,0.47,135,0.38,0.55
Ruby Storm,Affinity,0.54,177,0.46,0.61
Ruby Storm,Esper Reanimator,0.43,111,0.34,0.53
Ruby Storm,Domain Aggro,0.47,109,0.37,0.57
Ruby Storm,Esper Phelia,0.47,55,0.34,0.61
Ruby Storm,Eldrazi Tron,0.6,52,0.45,0.73
Ruby Storm,Tameshi Belcher,0.3,53,0.18,0.44
Ruby Storm,Eldrazi Bloodchief Combo,0.57,46,0.41,0.71
Ruby Storm,Simic Ritual,0.48,56,0.35,0.62
Ruby Storm,Eldrazi Ramp,0.74,53,0.6,0.85
Ruby Storm,Ruby Storm,0.5,52,0.36,0.64
Ruby Storm,Azorius Control,0.28,32,0.14,0.47
Ruby Storm,Neoform,0.21,28,0.08,0.41
Ruby Storm,Dimir Frog,0.32,19,0.13,0.57
Ruby Storm,Azorius Blink,0.44,16,0.2,0.7
Ruby Storm,Golgari Yawgmoth,0.44,18,0.22,0.69
Ruby Storm,Mill,0.63,16,0.35,0.85
Ruby Storm,Jeskai Control,0.29,14,0.08,0.58
Ruby Storm,Samwise Combo,0.73,11,0.39,0.94
Ruby Storm,Grixis Reanimator,0.59,17,0.33,0.82
Ruby Storm,Living End,0.46,13,0.19,0.75
Ruby Storm,Mono Blue Tron,0.6,5,0.15,0.95
Ruby Storm,Eldrazi Aggro,0.75,4,0.19,0.99
Ruby Storm,4 Color Ritual,0.56,9,0.21,0.86
Ruby Storm,Hollow One,0.57,7,0.18,0.9
Ruby Storm,Burn,1.0,3,0.29,1.0
Azorius Control,Boros Energy,0.39,119,0.31,0.49
Azorius Control,Jeskai Blink,0.44,142,0.35,0.52
Azorius Control,Amulet Titan,0.52,134,0.43,0.61
Azorius Control,Izzet Prowess,0.39,108,0.3,0.49
Azorius Control,Affinity,0.53,105,0.43,0.63
Azorius Control,Esper Reanimator,0.61,106,0.51,0.71
Azorius Control,Domain Aggro,0.43,81,0.32,0.55
Azorius Control,Esper Phelia,0.6,58,0.47,0.73
Azorius Control,Eldrazi Tron,0.44,59,0.31,0.58
Azorius Control,Tameshi Belcher,0.45,53,0.32,0.6
Azorius Control,Eldrazi Bloodchief Combo,0.38,50,0.25,0.53
Azorius Control,Simic Ritual,0.24,34,0.11,0.41
Azorius Control,Eldrazi Ramp,0.6,52,0.45,0.73
Azorius Control,Ruby Storm,0.72,32,0.53,0.86
Azorius Control,Azorius Control,0.5,34,0.32,0.68
Azorius Control,Neoform,0.85,13,0.55,0.98
Azorius Control,Dimir Frog,0.47,17,0.23,0.72
Azorius Control,Azorius Blink,0.68,19,0.43,0.87
Azorius Control,Golgari Yawgmoth,0.5,12,0.21,0.79
Azorius Control,Mill,0.45,20,0.23,0.68
Azorius Control,Jeskai Control,0.7,10,0.35,0.93
Azorius Control,Samwise Combo,0.45,11,0.17,0.77
Azorius Control,Grixis Reanimator,0.67,9,0.3,0.93
Azorius Control,Living End,0.5,8,0.16,0.84
Azorius Control,Mono Blue Tron,0.63,8,0.24,0.91
Azorius Control,Eldrazi Aggro,0.14,7,0.0,0.58
Azorius Control,4 Color Ritual,0.4,5,0.05,0.85
Azorius Control,Hollow One,0.6,5,0.15,0.95
Azorius Control,Burn,0.5,4,0.07,0.93
Neoform,Boros Energy,0.59,143,0.5,0.67
Neoform,Jeskai Blink,0.42,96,0.32,0.52
Neoform,Amulet Titan,0.71,80,0.6,0.81
Neoform,Izzet Prowess,0.69,89,0.58,0.78
Neoform,Affinity,0.45,78,0.34,0.57
Neoform,Esper Reanimator,0.35,68,0.24,0.48
Neoform,Domain Aggro,0.49,51,0.35,0.63
Neoform,Esper Phelia,0.33,33,0.18,0.52
Neoform,Eldrazi Tron,0.62,42,0.46,0.76
Neoform,Tameshi Belcher,0.42,43,0.27,0.58
Neoform,Eldrazi Bloodchief Combo,0.59,34,0.41,0.75
Neoform,Simic Ritual,0.26,27,0.11,0.46
Neoform,Eldrazi Ramp,0.67,30,0.47,0.83
Neoform,Ruby Storm,0.79,28,0.59,0.92
Neoform,Azorius Control,0.15,13,0.02,0.45
Neoform,Neoform,0.5,40,0.34,0.66
Neoform,Dimir Frog,0.18,11,0.02,0.52
Neoform,Azorius Blink,0.44,16,0.2,0.7
Neoform,Golgari Yawgmoth,0.67,12,0.35,0.9
Neoform,Mill,0.14,7,0.0,0.58
Neoform,Jeskai Control,0.36,11,0.11,0.69
Neoform,Samwise Combo,0.57,7,0.18,0.9
Neoform,Grixis Reanimator,1.0,2,0.16,1.0
Neoform,Living End,0.5,2,0.01,0.99
Neoform,Mono Blue Tron,0.8,5,0.28,0.99
Neoform,Eldrazi Aggro,0.43,7,0.1,0.82
Neoform,4 Color Ritual,0.43,7,0.1,0.82
Neoform,Hollow One,0.33,3,0.01,0.91
Neoform,Burn,0.5,2,0.01,0.99
Dimir Frog,Boros Energy,0.5,74,0.38,0.62
Dimir Frog,Jeskai Blink,0.34,109,0.25,0.44
Dimir Frog,Amulet Titan,0.49,89,0.39,0.6
Dimir Frog,Izzet Prowess,0.5,54,0.36,0.64
Dimir Frog,Affinity,0.36,70,0.25,0.48
Dimir Frog,Esper Reanimator,0.6,58,0.47,0.73
Dimir Frog,Domain Aggro,0.52,50,0.37,0.66
Dimir Frog,Esper Phelia,0.46,35,0.29,0.63
Dimir Frog,Eldrazi Tron,0.42,26,0.23,0.63
Dimir Frog,Tameshi Belcher,0.64,22,0.41,0.83
Dimir Frog,Eldrazi Bloodchief Combo,0.25,24,0.1,0.47
Dimir Frog,Simic Ritual,0.58,26,0.37,0.77
Dimir Frog,Eldrazi Ramp,0.38,24,0.19,0.59
Dimir Frog,Ruby Storm,0.68,19,0.43,0.87
Dimir Frog,Azorius Control,0.53,17,0.28,0.77
Dimir Frog,Neoform,0.82,11,0.48,0.98
Dimir Frog,Dimir Frog,0.5,10,0.19,0.81
Dimir Frog,Azorius Blink,0.5,12,0.21,0.79
Dimir Frog,Golgari Yawgmoth,0.33,12,0.1,0.65
Dimir Frog,Mill,0.75,8,0.35,0.97
Dimir Frog,Jeskai Control,0.5,4,0.07,0.93
Dimir Frog,Samwise Combo,0.67,6,0.22,0.96
Dimir Frog,Grixis Reanimator,0.5,2,0.01,0.99
Dimir Frog,Living End,0.33,3,0.01,0.91
Dimir Frog,Mono Blue Tron,0.5,6,0.12,0.88
Dimir Frog,Eldrazi Aggro,0.8,5,0.28,0.99
Dimir Frog,4 Color Ritual,0.0,2,0.0,0.84
Dimir Frog,Hollow One,0.33,3,0.01,0.91
Dimir Frog,Burn,1.0,2,0.16,1.0
Azorius Blink,Boros Energy,0.48,81,0.37,0.6
Azorius Blink,Jeskai Blink,0.33,45,0.2,0.49
Azorius Blink,Amulet Titan,0.47,83,0.36,0.58
Azorius Blink,Izzet Prowess,0.57,49,0.42,0.71
Azorius Blink,Affinity,0.44,55,0.3,0.58
Azorius Blink,Esper Reanimator,0.54,54,0.4,0.67
Azorius Blink,Domain Aggro,0.29,38,0.15,0.46
Azorius Blink,Esper Phelia,0.42,36,0.26,0.59
Azorius Blink,Eldrazi Tron,0.59,39,0.42,0.74
Azorius Blink,Tameshi Belcher,0.52,27,0.32,0.71
Azorius Blink,Eldrazi Bloodchief Combo,0.4,25,0.21,0.61
Azorius Blink,Simic Ritual,0.71,7,0.29,0.96
Azorius Blink,Eldrazi Ramp,0.44,9,0.14,0.79
Azorius Blink,Ruby Storm,0.56,16,0.3,0.8
Azorius Blink,Azorius Control,0.32,19,0.13,0.57
Azorius Blink,Neoform,0.56,16,0.3,0.8
Azorius Blink,Dimir Frog,0.5,12,0.21,0.79
Azorius Blink,Azorius Blink,0.5,6,0.12,0.88
Azorius Blink,Golgari Yawgmoth,0.4,5,0.05,0.85
Azorius Blink,Mill,0.6,5,0.15,0.95
Azorius Blink,Jeskai Control,0.27,11,0.06,0.61
Azorius Blink,Samwise Combo,0.86,7,0.42,1.0
Azorius Blink,Grixis Reanimator,0.71,7,0.29,0.96
Azorius Blink,Living End,0.67,6,0.22,0.96
Azorius Blink,Mono Blue Tron,0.86,7,0.42,1.0
Azorius Blink,Eldrazi Aggro,0.0,3,0.0,0.71
Azorius Blink,4 Color Ritual,0.4,5,0.05,0.85
Azorius Blink,Hollow One,1.0,2,0.16,1.0
Golgari Yawgmoth,Boros Energy,0.48,86,0.37,0.59
Golgari Yawgmoth,Jeskai Blink,0.68,53,0.54,0.8
Golgari Yawgmoth,Amulet Titan,0.52,46,0.37,0.67
Golgari Yawgmoth,Izzet Prowess,0.54,54,0.4,0.67
Golgari Yawgmoth,Affinity,0.47,58,0.33,0.6
Golgari Yawgmoth,Esper Reanimator,0.67,42,0.5,0.8
Golgari Yawgmoth,Domain Aggro,0.41,34,0.25,0.59
Golgari Yawgmoth,Esper Phelia,0.42,19,0.2,0.67
Golgari Yawgmoth,Eldrazi Tron,0.41,29,0.24,0.61
Golgari Yawgmoth,Tameshi Belcher,0.43,21,0.22,0.66
Golgari Yawgmoth,Eldrazi Bloodchief Combo,0.23,13,0.05,0.54
Golgari Yawgmoth,Simic Ritual,0.55,22,0.32,0.76
Golgari Yawgmoth,Eldrazi Ramp,0.48,21,0.26,0.7
Golgari Yawgmoth,Ruby Storm,0.56,18,0.31,0.78
Golgari Yawgmoth,Azorius Control,0.5,12,0.21,0.79
Golgari Yawgmoth,Neoform,0.33,12,0.1,0.65
Golgari Yawgmoth,Dimir Frog,0.67,12,0.35,0.9
Golgari Yawgmoth,Azorius Blink,0.6,5,0.15,0.95
Golgari Yawgmoth,Golgari Yawgmoth,0.5,8,0.16,0.84
Golgari Yawgmoth,Mill,1.0,2,0.16,1.0
Golgari Yawgmoth,Jeskai Control,0.4,5,0.05,0.85
Golgari Yawgmoth,Samwise Combo,0.75,8,0.35,0.97
Golgari Yawgmoth,Grixis Reanimator,0.57,7,0.18,0.9
Golgari Yawgmoth,Living End,0.67,9,0.3,0.93
Golgari Yawgmoth,Mono Blue Tron,0.0,2,0.0,0.84
Golgari Yawgmoth,Eldrazi Aggro,0.0,1,0.0,0.98
Golgari Yawgmoth,4 Color Ritual,0.33,6,0.04,0.78
Golgari Yawgmoth,Hollow One,0.0,3,0.0,0.71
Golgari Yawgmoth,Burn,0.25,4,0.01,0.81
Mill,Boros Energy,0.27,66,0.17,0.4
Mill,Jeskai Blink,0.48,54,0.34,0.62
Mill,Amulet Titan,0.66,58,0.52,0.78
Mill,Izzet Prowess,0.13,55,0.05,0.24
Mill,Affinity,0.3,53,0.18,0.44
Mill,Esper Reanimator,0.55,42,0.39,0.7
Mill,Domain Aggro,0.27,37,0.14,0.44
Mill,Esper Phelia,0.54,13,0.25,0.81
Mill,Eldrazi Tron,0.42,24,0.22,0.63
Mill,Tameshi Belcher,0.6,15,0.32,0.84
Mill,Eldrazi Bloodchief Combo,0.54,26,0.33,0.73
Mill,Simic Ritual,0.32,22,0.14,0.55
Mill,Eldrazi Ramp,0.42,19,0.2,0.67
Mill,Ruby Storm,0.38,16,0.15,0.65
Mill,Azorius Control,0.55,20,0.32,0.77
Mill,Neoform,0.86,7,0.42,1.0
Mill,Dimir Frog,0.25,8,0.03,0.65
Mill,Azorius Blink,0.4,5,0.05,0.85
Mill,Golgari Yawgmoth,0.0,2,0.0,0.84
Mill,Mill,0.5,12,0.21,0.79
Mill,Jeskai Control,0.6,5,0.15,0.95
Mill,Samwise Combo,0.0,5,0.0,0.52
Mill,Grixis Reanimator,0.5,6,0.12,0.88
Mill,Living End,0.2,5,0.01,0.72
Mill,Mono Blue Tron,0.75,4,0.19,0.99
Mill,Eldrazi Aggro,0.5,2,0.01,0.99
Mill,4 Color Ritual,0.0,1,0.0,0.98
Mill,Hollow One,0.0,3,0.0,0.71
Mill,Burn,0.0,2,0.0,0.84
Jeskai Control,Boros Energy,0.38,77,0.27,0.49
Jeskai Control,Jeskai Blink,0.41,63,0.29,0.54
Jeskai Control,Amulet Titan,0.73,45,0.58,0.85
Jeskai Control,Izzet Prowess,0.59,59,0.46,0.72
Jeskai Control,Affinity,0.49,43,0.33,0.65
Jeskai Control,Esper Reanimator,0.34,50,0.21,0.49
Jeskai Control,Domain Aggro,0.26,23,0.1,0.48
Jeskai Control,Esper Phelia,0.5,26,0.3,0.7
Jeskai Control,Eldrazi Tron,0.44,25,0.24,0.65
Jeskai Control,Tameshi Belcher,0.44,18,0.22,0.69
Jeskai Control,Eldrazi Bloodchief Combo,0.64,25,0.43,0.82
Jeskai Control,Simic Ritual,0.17,12,0.02,0.48
Jeskai Control,Eldrazi Ramp,0.43,21,0.22,0.66
Jeskai Control,Ruby Storm,0.71,14,0.42,0.92
Jeskai Control,Azorius Control,0.3,10,0.07,0.65
Jeskai Control,Neoform,0.64,11,0.31,0.89
Jeskai Control,Dimir Frog,0.5,4,0.07,0.93
Jeskai Control,Azorius Blink,0.73,11,0.39,0.94
Jeskai Control,Golgari Yawgmoth,0.6,5,0.15,0.95
Jeskai Control,Mill,0.4,5,0.05,0.85
Jeskai Control,Jeskai Control,0.5,2,0.01,0.99
Jeskai Control,Samwise Combo,1.0,3,0.29,1.0
Jeskai Control,Grixis Reanimator,0.6,5,0.15,0.95
Jeskai Control,Living End,0.4,5,0.05,0.85
Jeskai Control,Mono Blue Tron,1.0,3,0.29,1.0
Jeskai Control,Eldrazi Aggro,0.2,5,0.01,0.72
Jeskai Control,4 Color Ritual,0.5,2,0.01,0.99
Jeskai Control,Hollow One,0.0,2,0.0,0.84
Jeskai Control,Burn,1.0,2,0.16,1.0
Samwise Combo,Boros Energy,0.41,54,0.28,0.55
Samwise Combo,Jeskai Blink,0.64,64,0.51,0.76
Samwise Combo,Amulet Titan,0.66,64,0.53,0.77
Samwise Combo,Izzet Prowess,0.31,45,0.18,0.47
Samwise Combo,Affinity,0.49,45,0.34,0.64
Samwise Combo,Esper Reanimator,0.45,38,0.29,0.62
Samwise Combo,Domain Aggro,0.42,38,0.26,0.59
Samwise Combo,Esper Phelia,0.38,29,0.21,0.58
Samwise Combo,Eldrazi Tron,0.38,24,0.19,0.59
Samwise Combo,Tameshi Belcher,0.67,18,0.41,0.87
Samwise Combo,Eldrazi Bloodchief Combo,0.63,19,0.38,0.84
Samwise Combo,Simic Ritual,0.47,19,0.24,0.71
Samwise Combo,Eldrazi Ramp,0.63,8,0.24,0.91
Samwise Combo,Ruby Storm,0.27,11,0.06,0.61
Samwise Combo,Azorius Control,0.55,11,0.23,0.83
Samwise Combo,Neoform,0.43,7,0.1,0.82
Samwise Combo,Dimir Frog,0.33,6,0.04,0.78
Samwise Combo,Azorius Blink,0.14,7,0.0,0.58
Samwise Combo,Golgari Yawgmoth,0.25,8,0.03,0.65
Samwise Combo,Mill,1.0,5,0.48,1.0
Samwise Combo,Jeskai Control,0.0,3,0.0,0.71
Samwise Combo,Samwise Combo,0.5,4,0.07,0.93
Samwise Combo,Grixis Reanimator,1.0,4,0.4,1.0
Samwise Combo,Living End,0.75,4,0.19,0.99
Samwise Combo,Mono Blue Tron,0.43,7,0.1,0.82
Samwise Combo,Eldrazi Aggro,0.67,6,0.22,0.96
Samwise Combo,4 Color Ritual,0.5,2,0.01,0.99
Samwise Combo,Hollow One,0.0,1,0.0,0.98
Samwise Combo,Burn,1.0,2,0.16,1.0
Grixis Reanimator,Boros Energy,0.53,68,0.4,0.65
Grixis Reanimator,Jeskai Blink,0.49,35,0.31,0.66
Grixis Reanimator,Amulet Titan,0.36,33,0.2,0.55
Grixis Reanimator,Izzet Prowess,0.58,43,0.42,0.73
Grixis Reanimator,Affinity,0.41,44,0.26,0.57
Grixis Reanimator,Esper Reanimator,0.32,44,0.19,0.48
Grixis Reanimator,Domain Aggro,0.39,31,0.22,0.58
Grixis Reanimator,Esper Phelia,0.43,21,0.22,0.66
Grixis Reanimator,Eldrazi Tron,0.35,20,0.15,0.59
Grixis Reanimator,Tameshi Belcher,0.54,13,0.25,0.81
Grixis Reanimator,Eldrazi Bloodchief Combo,0.3,10,0.07,0.65
Grixis Reanimator,Simic Ritual,0.36,14,0.13,0.65
Grixis Reanimator,Eldrazi Ramp,0.69,16,0.41,0.89
Grixis Reanimator,Ruby Storm,0.41,17,0.18,0.67
Grixis Reanimator,Azorius Control,0.33,9,0.07,0.7
Grixis Reanimator,Neoform,0.0,2,0.0,0.84
Grixis Reanimator,Dimir Frog,0.5,2,0.01,0.99
Grixis Reanimator,Azorius Blink,0.29,7,0.04,0.71
Grixis Reanimator,Golgari Yawgmoth,0.43,7,0.1,0.82
Grixis Reanimator,Mill,0.5,6,0.12,0.88
Grixis Reanimator,Jeskai Control,0.4,5,0.05,0.85
Grixis Reanimator,Samwise Combo,0.0,4,0.0,0.6
Grixis Reanimator,Grixis Reanimator,0.5,10,0.19,0.81
Grixis Reanimator,Living End,0.83,6,0.36,1.0
Grixis Reanimator,Mono Blue Tron,0.33,6,0.04,0.78
Grixis Reanimator,Eldrazi Aggro,0.71,7,0.29,0.96
Grixis Reanimator,4 Color Ritual,0.0,1,0.0,0.98
Grixis Reanimator,Hollow One,1.0,2,0.16,1.0
Grixis Reanimator,Burn,0.5,2,0.01,0.99
Living End,Boros Energy,0.49,39,0.32,0.65
Living End,Jeskai Blink,0.53,45,0.38,0.68
Living End,Amulet Titan,0.34,29,0.18,0.54
Living End,Izzet Prowess,0.46,24,0.26,0.67
Living End,Affinity,0.38,29,0.21,0.58
Living End,Esper Reanimator,0.31,16,0.11,0.59
Living End,Domain Aggro,0.68,19,0.43,0.87
Living End,Esper Phelia,0.43,14,0.18,0.71
Living End,Eldrazi Tron,0.46,13,0.19,0.75
Living End,Tameshi Belcher,0.36,11,0.11,0.69
Living End,Eldrazi Bloodchief Combo,0.0,4,0.0,0.6
Living End,Simic Ritual,0.2,5,0.01,0.72
Living End,Eldrazi Ramp,0.7,10,0.35,0.93
Living End,Ruby Storm,0.54,13,0.25,0.81
Living End,Azorius Control,0.5,8,0.16,0.84
Living End,Neoform,0.5,2,0.01,0.99
Living End,Dimir Frog,0.67,3,0.09,0.99
Living End,Azorius Blink,0.33,6,0.04,0.78
Living End,Golgari Yawgmoth,0.33,9,0.07,0.7
Living End,Mill,0.8,5,0.28,0.99
Living End,Jeskai Control,0.6,5,0.15,0.95
Living End,Samwise Combo,0.25,4,0.01,0.81
Living End,Grixis Reanimator,0.17,6,0.0,0.64
Living End,Living End,0.5,2,0.01,0.99
Living End,Eldrazi Aggro,0.8,5,0.28,0.99
Living End,4 Color Ritual,0.5,2,0.01,0.99
Living End,Hollow One,1.0,1,0.02,1.0
Living End,Burn,1.0,1,0.02,1.0
Mono Blue Tron,Boros Energy,0.39,36,0.23,0.57
Mono Blue Tron,Jeskai Blink,0.33,30,0.17,0.53
Mono Blue Tron,Amulet Titan,0.26,38,0.13,0.43
Mono Blue Tron,Izzet Prowess,0.45,31,0.27,0.64
Mono Blue Tron,Affinity,0.4,15,0.16,0.68
Mono Blue Tron,Esper Reanimator,0.46,26,0.27,0.67
Mono Blue Tron,Domain Aggro,0.52,21,0.3,0.74
Mono Blue Tron,Esper Phelia,0.47,15,0.21,0.73
Mono Blue Tron,Eldrazi Tron,0.75,16,0.48,0.93
Mono Blue Tron,Tameshi Belcher,0.5,12,0.21,0.79
Mono Blue Tron,Eldrazi Bloodchief Combo,0.29,14,0.08,0.58
Mono Blue Tron,Simic Ritual,0.67,6,0.22,0.96
Mono Blue Tron,Eldrazi Ramp,0.5,10,0.19,0.81
Mono Blue Tron,Ruby Storm,0.4,5,0.05,0.85
Mono Blue Tron,Azorius Control,0.38,8,0.09,0.76
Mono Blue Tron,Neoform,0.2,5,0.01,0.72
Mono Blue Tron,Dimir Frog,0.5,6,0.12,0.88
Mono Blue Tron,Azorius Blink,0.14,7,0.0,0.58
Mono Blue Tron,Golgari Yawgmoth,1.0,2,0.16,1.0
Mono Blue Tron,Mill,0.25,4,0.01,0.81
Mono Blue Tron,Jeskai Control,0.0,3,0.0,0.71
Mono Blue Tron,Samwise Combo,0.57,7,0.18,0.9
Mono Blue Tron,Grixis Reanimator,0.67,6,0.22,0.96
Mono Blue Tron,Mono Blue Tron,0.5,2,0.01,0.99
Mono Blue Tron,Eldrazi Aggro,0.5,2,0.01,0.99
Mono Blue Tron,4 Color Ritual,1.0,1,0.02,1.0
Mono Blue Tron,Hollow One,0.5,2,0.01,0.99
Eldrazi Aggro,Boros Energy,0.24,21,0.08,0.47
Eldrazi Aggro,Jeskai Blink,0.36,36,0.21,0.54
Eldrazi Aggro,Amulet Titan,0.36,42,0.22,0.52
Eldrazi Aggro,Izzet Prowess,0.64,33,0.45,0.8
Eldrazi Aggro,Affinity,0.5,18,0.26,0.74
Eldrazi Aggro,Esper Reanimator,0.78,9,0.4,0.97
Eldrazi Aggro,Domain Aggro,0.46,13,0.19,0.75
Eldrazi Aggro,Esper Phelia,0.6,10,0.26,0.88
Eldrazi Aggro,Eldrazi Tron,0.75,8,0.35,0.97
Eldrazi Aggro,Tameshi Belcher,0.5,10,0.19,0.81
Eldrazi Aggro,Eldrazi Bloodchief Combo,0.33,9,0.07,0.7
Eldrazi Aggro,Simic Ritual,0.71,7,0.29,0.96
Eldrazi Aggro,Eldrazi Ramp,0.41,17,0.18,0.67
Eldrazi Aggro,Ruby Storm,0.25,4,0.01,0.81
Eldrazi Aggro,Azorius Control,0.86,7,0.42,1.0
Eldrazi Aggro,Neoform,0.57,7,0.18,0.9
Eldrazi Aggro,Dimir Frog,0.2,5,0.01,0.72
Eldrazi Aggro,Azorius Blink,1.0,3,0.29,1.0
Eldrazi Aggro,Golgari Yawgmoth,1.0,1,0.02,1.0
Eldrazi Aggro,Mill,0.5,2,0.01,0.99
Eldrazi Aggro,Jeskai Control,0.8,5,0.28,0.99
Eldrazi Aggro,Samwise Combo,0.33,6,0.04,0.78
Eldrazi Aggro,Grixis Reanimator,0.29,7,0.04,0.71
Eldrazi Aggro,Living End,0.2,5,0.01,0.72
Eldrazi Aggro,Mono Blue Tron,0.5,2,0.01,0.99
Eldrazi Aggro,Eldrazi Aggro,0.5,2,0.01,0.99
Eldrazi Aggro,4 Color Ritual,0.0,1,0.0,0.98
Eldrazi Aggro,Hollow One,0.67,3,0.09,0.99
Eldrazi Aggro,Burn,1.0,1,0.02,1.0
Orzhov Blink,Boros Energy,0.46,28,0.28,0.66
Orzhov Blink,Jeskai Blink,0.52,23,0.31,0.73
Orzhov Blink,Amulet Titan,0.5,28,0.31,0.69
Orzhov Blink,Izzet Prowess,0.57,21,0.34,0.78
Orzhov Blink,Affinity,0.56,16,0.3,0.8
Orzhov Blink,Esper Reanimator,0.19,16,0.04,0.46
Orzhov Blink,Domain Aggro,0.33,18,0.13,0.59
Orzhov Blink,Esper Phelia,0.62,13,0.32,0.86
Orzhov Blink,Eldrazi Tron,0.36,14,0.13,0.65
Orzhov Blink,Tameshi Belcher,0.38,8,0.09,0.76
Orzhov Blink,Eldrazi Bloodchief Combo,0.33,6,0.04,0.78
Orzhov Blink,Simic Ritual,0.33,9,0.07,0.7
Orzhov Blink,Eldrazi Ramp,0.56,9,0.21,0.86
Orzhov Blink,Ruby Storm,0.67,3,0.09,0.99
Orzhov Blink,Azorius Control,0.33,6,0.04,0.78
Orzhov Blink,Neoform,1.0,2,0.16,1.0
Orzhov Blink,Dimir Frog,0.8,5,0.28,0.99
Orzhov Blink,Azorius Blink,1.0,1,0.02,1.0
Orzhov Blink,Golgari Yawgmoth,0.5,2,0.01,0.99
Orzhov Blink,Mill,0.14,7,0.0,0.58
Orzhov Blink,Jeskai Control,1.0,4,0.4,1.0
Orzhov Blink,Samwise Combo,1.0,1,0.02,1.0
Orzhov Blink,Living End,0.67,3,0.09,0.99
Orzhov Blink,Mono Blue Tron,0.25,4,0.01,0.81
Orzhov Blink,Hollow One,0.0,2,0.0,0.84
Orzhov Blink,Burn,1.0,1,0.02,1.0
Izzet Metalcraft,Boros Energy,0.46,35,0.29,0.63
Izzet Metalcraft,Jeskai Blink,0.64,33,0.45,0.8
Izzet Metalcraft,Amulet Titan,0.52,25,0.31,0.72
Izzet Metalcraft,Izzet Prowess,0.52,25,0.31,0.72
Izzet Metalcraft,Affinity,0.58,19,0.33,0.8
Izzet Metalcraft,Esper Reanimator,0.6,15,0.32,0.84
Izzet Metalcraft,Domain Aggro,0.53,15,0.27,0.79
Izzet Metalcraft,Esper Phelia,0.45,11,0.17,0.77
Izzet Metalcraft,Eldrazi Tron,0.67,3,0.09,0.99
Izzet Metalcraft,Tameshi Belcher,0.67,3,0.09,0.99
Izzet Metalcraft,Eldrazi Bloodchief Combo,0.43,7,0.1,0.82
Izzet Metalcraft,Simic Ritual,0.91,11,0.59,1.0
Izzet Metalcraft,Eldrazi Ramp,0.75,4,0.19,0.99
Izzet Metalcraft,Ruby Storm,0.83,6,0.36,1.0
Izzet Metalcraft,Azorius Control,0.6,5,0.15,0.95
Izzet Metalcraft,Neoform,0.4,5,0.05,0.85
Izzet Metalcraft,Dimir Frog,1.0,1,0.02,1.0
Izzet Metalcraft,Azorius Blink,1.0,2,0.16,1.0
Izzet Metalcraft,Golgari Yawgmoth,0.5,8,0.16,0.84
Izzet Metalcraft,Mill,1.0,1,0.02,1.0
Izzet Metalcraft,Jeskai Control,0.0,1,0.0,0.98
Izzet Metalcraft,Samwise Combo,1.0,3,0.29,1.0
Izzet Metalcraft,Grixis Reanimator,0.5,2,0.01,0.99
Izzet Metalcraft,Living End,1.0,2,0.16,1.0
Izzet Metalcraft,Eldrazi Aggro,0.0,1,0.0,0.98
Izzet Metalcraft,4 Color Ritual,1.0,1,0.02,1.0
Merfolk,Boros Energy,0.22,18,0.06,0.48
Merfolk,Jeskai Blink,0.41,22,0.21,0.64
Merfolk,Amulet Titan,0.57,28,0.37,0.76
Merfolk,Izzet Prowess,0.17,18,0.04,0.41
Merfolk,Affinity,0.22,18,0.06,0.48
Merfolk,Esper Reanimator,0.61,23,0.39,0.8
Merfolk,Domain Aggro,0.24,17,0.07,0.5
Merfolk,Esper Phelia,0.31,13,0.09,0.61
Merfolk,Eldrazi Tron,0.56,9,0.21,0.86
Merfolk,Tameshi Belcher,0.67,3,0.09,0.99
Merfolk,Eldrazi Bloodchief Combo,0.5,6,0.12,0.88
Merfolk,Simic Ritual,0.63,8,0.24,0.91
Merfolk,Eldrazi Ramp,0.67,15,0.38,0.88
Merfolk,Ruby Storm,0.57,7,0.18,0.9
Merfolk,Azorius Control,0.43,7,0.1,0.82
Merfolk,Neoform,0.75,4,0.19,0.99
Merfolk,Dimir Frog,1.0,1,0.02,1.0
Merfolk,Mill,1.0,4,0.4,1.0
Merfolk,Jeskai Control,0.0,1,0.0,0.98
Merfolk,Samwise Combo,0.0,1,0.0,0.98
Merfolk,Grixis Reanimator,0.5,2,0.01,0.99
Merfolk,Living End,1.0,1,0.02,1.0
Merfolk,Mono Blue Tron,0.5,2,0.01,0.99
Merfolk,Eldrazi Aggro,0.0,1,0.0,0.98
Merfolk,4 Color Ritual,0.0,1,0.0,0.98
Merfolk,Hollow One,0.0,2,0.0,0.84
Merfolk,Burn,1.0,1,0.02,1.0
4 Color Ritual,Boros Energy,0.34,29,0.18,0.54
4 Color Ritual,Jeskai Blink,0.44,18,0.22,0.69
4 Color Ritual,Amulet Titan,0.75,24,0.53,0.9
4 Color Ritual,Izzet Prowess,0.53,15,0.27,0.79
4 Color Ritual,Affinity,0.59,17,0.33,0.82
4 Color Ritual,Esper Reanimator,0.69,16,0.41,0.89
4 Color Ritual,Domain Aggro,0.5,14,0.23,0.77
4 Color Ritual,Esper Phelia,0.29,7,0.04,0.71
4 Color Ritual,Eldrazi Tron,0.63,8,0.24,0.91
4 Color Ritual,Tameshi Belcher,0.33,3,0.01,0.91
4 Color Ritual,Eldrazi Bloodchief Combo,0.17,6,0.0,0.64
4 Color Ritual,Simic Ritual,0.44,9,0.14,0.79
4 Color Ritual,Eldrazi Ramp,0.2,5,0.01,0.72
4 Color Ritual,Ruby Storm,0.44,9,0.14,0.79
4 Color Ritual,Azorius Control,0.6,5,0.15,0.95
4 Color Ritual,Neoform,0.57,7,0.18,0.9
4 Color Ritual,Dimir Frog,1.0,2,0.16,1.0
4 Color Ritual,Azorius Blink,0.6,5,0.15,0.95
4 Color Ritual,Golgari Yawgmoth,0.67,6,0.22,0.96
4 Color Ritual,Mill,1.0,1,0.02,1.0
4 Color Ritual,Jeskai Control,0.5,2,0.01,0.99
4 Color Ritual,Samwise Combo,0.5,2,0.01,0.99
4 Color Ritual,Grixis Reanimator,1.0,1,0.02,1.0
4 Color Ritual,Living End,0.5,2,0.01,0.99
4 Color Ritual,Mono Blue Tron,0.0,1,0.0,0.98
4 Color Ritual,Eldrazi Aggro,1.0,1,0.02,1.0
4 Color Ritual,Burn,0.5,2,0.01,0.99
Esper Frog,Boros Energy,0.35,26,0.17,0.56
Esper Frog,Jeskai Blink,0.33,18,0.13,0.59
Esper Frog,Amulet Titan,0.68,22,0.45,0.86
Esper Frog,Izzet Prowess,0.69,13,0.39,0.91
Esper Frog,Affinity,0.27,15,0.08,0.55
Esper Frog,Esper Reanimator,0.53,17,0.28,0.77
Esper Frog,Domain Aggro,0.38,13,0.14,0.68
Esper Frog,Esper Phelia,0.5,6,0.12,0.88
Esper Frog,Eldrazi Tron,0.29,7,0.04,0.71
Esper Frog,Tameshi Belcher,0.67,12,0.35,0.9
Esper Frog,Eldrazi Bloodchief Combo,0.0,5,0.0,0.52
Esper Frog,Simic Ritual,0.25,4,0.01,0.81
Esper Frog,Eldrazi Ramp,0.2,5,0.01,0.72
Esper Frog,Ruby Storm,0.5,2,0.01,0.99
Esper Frog,Azorius Control,0.57,7,0.18,0.9
Esper Frog,Neoform,0.5,4,0.07,0.93
Esper Frog,Dimir Frog,0.4,5,0.05,0.85
Esper Frog,Azorius Blink,0.2,5,0.01,0.72
Esper Frog,Golgari Yawgmoth,0.25,4,0.01,0.81
Esper Frog,Mill,0.67,3,0.09,0.99
Esper Frog,Jeskai Control,0.5,2,0.01,0.99
Esper Frog,Samwise Combo,1.0,2,0.16,1.0
Esper Frog,Grixis Reanimator,0.0,1,0.0,0.98
Esper Frog,Living End,1.0,1,0.02,1.0
Esper Frog,Mono Blue Tron,0.5,2,0.01,0.99
Esper Frog,Eldrazi Aggro,0.0,1,0.0,0.98
Esper Frog,4 Color Ritual,1.0,1,0.02,1.0
Esper Frog,Hollow One,1.0,1,0.02,1.0
Esper Frog,Burn,0.0,1,0.0,0.98
Hollow One,Boros Energy,0.53,17,0.28,0.77
Hollow One,Jeskai Blink,0.42,12,0.15,0.72
Hollow One,Amulet Titan,0.22,9,0.03,0.6
Hollow One,Izzet Prowess,0.25,20,0.09,0.49
Hollow One,Affinity,0.45,11,0.17,0.77
Hollow One,Esper Reanimator,0.38,13,0.14,0.68
Hollow One,Domain Aggro,0.45,11,0.17,0.77
Hollow One,Esper Phelia,0.31,13,0.09,0.61
Hollow One,Eldrazi Tron,0.4,10,0.12,0.74
Hollow One,Tameshi Belcher,0.6,5,0.15,0.95
Hollow One,Eldrazi Bloodchief Combo,0.25,4,0.01,0.81
Hollow One,Simic Ritual,0.33,3,0.01,0.91
Hollow One,Eldrazi Ramp,0.33,9,0.07,0.7
Hollow One,Ruby Storm,0.43,7,0.1,0.82
Hollow One,Azorius Control,0.4,5,0.05,0.85
Hollow One,Neoform,0.67,3,0.09,0.99
Hollow One,Dimir Frog,0.67,3,0.09,0.99
Hollow One,Azorius Blink,0.0,2,0.0,0.84
Hollow One,Golgari Yawgmoth,1.0,3,0.29,1.0
Hollow One,Mill,1.0,3,0.29,1.0
Hollow One,Jeskai Control,1.0,2,0.16,1.0
Hollow One,Samwise Combo,1.0,1,0.02,1.0
Hollow One,Grixis Reanimator,0.0,2,0.0,0.84
Hollow One,Living End,0.0,1,0.0,0.98
Hollow One,Mono Blue Tron,0.5,2,0.01,0.99
Hollow One,Eldrazi Aggro,0.33,3,0.01,0.91
Hollow One,Burn,1.0,2,0.16,1.0
Burn,Boros Energy,0.22,9,0.03,0.6
Burn,Jeskai Blink,0.6,10,0.26,0.88
Burn,Amulet Titan,0.12,17,0.01,0.36
Burn,Izzet Prowess,0.33,15,0.12,0.62
Burn,Affinity,0.25,16,0.07,0.52
Burn,Esper Reanimator,0.15,13,0.02,0.45
Burn,Domain Aggro,0.29,14,0.08,0.58
Burn,Esper Phelia,0.67,6,0.22,0.96
Burn,Eldrazi Tron,0.33,6,0.04,0.78
Burn,Tameshi Belcher,1.0,3,0.29,1.0
Burn,Eldrazi Bloodchief Combo,0.33,6,0.04,0.78
Burn,Simic Ritual,0.67,3,0.09,0.99
Burn,Eldrazi Ramp,0.0,4,0.0,0.6
Burn,Ruby Storm,0.0,3,0.0,0.71
Burn,Azorius Control,0.5,4,0.07,0.93
Burn,Neoform,0.5,2,0.01,0.99
Burn,Dimir Frog,0.0,2,0.0,0.84
Burn,Golgari Yawgmoth,0.75,4,0.19,0.99
Burn,Mill,1.0,2,0.16,1.0
Burn,Jeskai Control,0.0,2,0.0,0.84
Burn,Samwise Combo,0.0,2,0.0,0.84
Burn,Grixis Reanimator,0.5,2,0.01,0.99
Burn,Living End,0.0,1,0.0,0.98
Burn,Eldrazi Aggro,0.0,1,0.0,0.98
Burn,4 Color Ritual,0.5,2,0.01,0.99
Burn,Hollow One,0.0,2,0.0,0.84
4 Color Omnath,Boros Energy,0.57,14,0.29,0.82
4 Color Omnath,Jeskai Blink,0.48,21,0.26,0.7
4 Color Omnath,Amulet Titan,0.5,12,0.21,0.79
4 Color Omnath,Izzet Prowess,0.38,16,0.15,0.65
4 Color Omnath,Affinity,0.38,13,0.14,0.68
4 Color Omnath,Esper Reanimator,0.78,9,0.4,0.97
4 Color Omnath,Domain Aggro,0.33,6,0.04,0.78
4 Color Omnath,Esper Phelia,0.67,3,0.09,0.99
4 Color Omnath,Eldrazi Tron,0.5,8,0.16,0.84
4 Color Omnath,Tameshi Belcher,0.4,5,0.05,0.85
4 Color Omnath,Eldrazi Bloodchief Combo,0.86,7,0.42,1.0
4 Color Omnath,Simic Ritual,0.33,6,0.04,0.78
4 Color Omnath,Eldrazi Ramp,0.33,3,0.01,0.91
4 Color Omnath,Ruby Storm,0.4,10,0.12,0.74
4 Color Omnath,Azorius Control,0.67,3,0.09,0.99
4 Color Omnath,Neoform,0.5,2,0.01,0.99
4 Color Omnath,Dimir Frog,0.5,2,0.01,0.99
4 Color Omnath,Azorius Blink,0.5,2,0.01,0.99
4 Color Omnath,Golgari Yawgmoth,0.0,1,0.0,0.98
4 Color Omnath,Mill,0.33,3,0.01,0.91
4 Color Omnath,Jeskai Control,1.0,1,0.02,1.0
4 Color Omnath,Samwise Combo,0.0,1,0.0,0.98
4 Color Omnath,Living End,0.0,1,0.0,0.98
4 Color Omnath,Mono Blue Tron,1.0,1,0.02,1.0
4 Color Omnath,Eldrazi Aggro,0.0,2,0.0,0.84
4 Color Omnath,Burn,0.0,1,0.0,0.98
Dredge,Boros Energy,0.24,17,0.07,0.5
Dredge,Jeskai Blink,0.55,11,0.23,0.83
Dredge,Amulet Titan,0.32,19,0.13,0.57
Dredge,Izzet Prowess,0.25,16,0.07,0.52
Dredge,Affinity,0.31,13,0.09,0.61
Dredge,Esper Reanimator,0.42,12,0.15,0.72
Dredge,Domain Aggro,0.31,13,0.09,0.61
Dredge,Esper Phelia,0.0,5,0.0,0.52
Dredge,Eldrazi Tron,0.0,5,0.0,0.52
Dredge,Tameshi Belcher,0.56,9,0.21,0.86
Dredge,Eldrazi Bloodchief Combo,0.0,4,0.0,0.6
Dredge,Simic Ritual,0.33,3,0.01,0.91
Dredge,Eldrazi Ramp,0.5,2,0.01,0.99
Dredge,Ruby Storm,0.6,5,0.15,0.95
Dredge,Azorius Control,0.0,5,0.0,0.52
Dredge,Neoform,0.0,1,0.0,0.98
Dredge,Dimir Frog,1.0,1,0.02,1.0
Dredge,Azorius Blink,0.5,2,0.01,0.99
Dredge,Golgari Yawgmoth,0.0,1,0.0,0.98
Dredge,Mill,0.0,1,0.0,0.98
Dredge,Jeskai Control,1.0,1,0.02,1.0
Dredge,Grixis Reanimator,1.0,1,0.02,1.0
Dredge,Living End,0.0,3,0.0,0.71
Dredge,Mono Blue Tron,0.0,1,0.0,0.98
Dredge,Eldrazi Aggro,0.5,2,0.01,0.99
Dredge,4 Color Ritual,0.0,1,0.0,0.98
Dredge,Hollow One,0.0,2,0.0,0.84
Grixis Frog,Boros Energy,0.32,19,0.13,0.57
Grixis Frog,Jeskai Blink,0.73,15,0.45,0.92
Grixis Frog,Amulet Titan,0.7,20,0.46,0.88
Grixis Frog,Izzet Prowess,0.38,8,0.09,0.76
Grixis Frog,Affinity,0.25,12,0.05,0.57
Grixis Frog,Esper Reanimator,0.43,7,0.1,0.82
Grixis Frog,Domain Aggro,0.25,4,0.01,0.81
Grixis Frog,Esper Phelia,0.57,7,0.18,0.9
Grixis Frog,Eldrazi Tron,0.43,7,0.1,0.82
Grixis Frog,Tameshi Belcher,0.57,7,0.18,0.9
Grixis Frog,Eldrazi Bloodchief Combo,0.17,6,0.0,0.64
Grixis Frog,Simic Ritual,0.5,8,0.16,0.84
Grixis Frog,Eldrazi Ramp,0.5,2,0.01,0.99
Grixis Frog,Ruby Storm,1.0,4,0.4,1.0
Grixis Frog,Azorius Control,1.0,2,0.16,1.0
Grixis Frog,Neoform,1.0,3,0.29,1.0
Grixis Frog,Dimir Frog,0.33,3,0.01,0.91
Grixis Frog,Azorius Blink,1.0,1,0.02,1.0
Grixis Frog,Golgari Yawgmoth,0.0,3,0.0,0.71
Grixis Frog,Mill,0.33,3,0.01,0.91
Grixis Frog,Jeskai Control,0.5,2,0.01,0.99
Grixis Frog,Samwise Combo,0.0,2,0.0,0.84
Grixis Frog,Living End,0.33,3,0.01,0.91
Grixis Frog,Eldrazi Aggro,1.0,1,0.02,1.0
Grixis Frog,Hollow One,1.0,1,0.02,1.0
Izzet Control,Boros Energy,0.39,18,0.17,0.64
Izzet Control,Jeskai Blink,0.5,10,0.19,0.81
Izzet Control,Amulet Titan,0.69,16,0.41,0.89
Izzet Control,Izzet Prowess,0.38,13,0.14,0.68
Izzet Control,Affinity,0.5,10,0.19,0.81
Izzet Control,Esper Reanimator,0.63,8,0.24,0.91
Izzet Control,Domain Aggro,0.63,8,0.24,0.91
Izzet Control,Esper Phelia,0.8,5,0.28,0.99
Izzet Control,Eldrazi Tron,0.0,2,0.0,0.84
Izzet Control,Tameshi Belcher,0.67,6,0.22,0.96
Izzet Control,Eldrazi Bloodchief Combo,0.43,7,0.1,0.82
Izzet Control,Simic Ritual,0.5,6,0.12,0.88
Izzet Control,Eldrazi Ramp,0.0,4,0.0,0.6
Izzet Control,Ruby Storm,1.0,7,0.59,1.0
Izzet Control,Azorius Control,1.0,2,0.16,1.0
Izzet Control,Neoform,0.5,2,0.01,0.99
Izzet Control,Dimir Frog,0.0,3,0.0,0.71
Izzet Control,Golgari Yawgmoth,0.5,2,0.01,0.99
Izzet Control,Jeskai Control,1.0,2,0.16,1.0
Izzet Control,Grixis Reanimator,1.0,2,0.16,1.0
Izzet Control,Mono Blue Tron,1.0,1,0.02,1.0
Izzet Control,4 Color Ritual,1.0,1,0.02,1.0
Izzet Control,Hollow One,0.0,1,0.0,0.98
Izzet Control,Burn,0.0,1,0.0,0.98
Hammer Time,Boros Energy,0.27,15,0.08,0.55
Hammer Time,Jeskai Blink,0.33,18,0.13,0.59
Hammer Time,Amulet Titan,0.19,16,0.04,0.46
Hammer Time,Izzet Prowess,0.33,12,0.1,0.65
Hammer Time,Affinity,0.4,15,0.16,0.68
Hammer Time,Esper Reanimator,0.4,5,0.05,0.85
Hammer Time,Domain Aggro,0.58,12,0.28,0.85
Hammer Time,Esper Phelia,0.8,5,0.28,0.99
Hammer Time,Eldrazi Tron,0.5,6,0.12,0.88
Hammer Time,Tameshi Belcher,0.33,3,0.01,0.91
Hammer Time,Eldrazi Bloodchief Combo,0.25,4,0.01,0.81
Hammer Time,Simic Ritual,0.6,5,0.15,0.95
Hammer Time,Eldrazi Ramp,0.67,3,0.09,0.99
Hammer Time,Ruby Storm,0.29,7,0.04,0.71
Hammer Time,Azorius Control,1.0,1,0.02,1.0
Hammer Time,Dimir Frog,0.0,2,0.0,0.84
Hammer Time,Golgari Yawgmoth,1.0,1,0.02,1.0
Hammer Time,Jeskai Control,1.0,1,0.02,1.0
Hammer Time,Grixis Reanimator,0.0,2,0.0,0.84
Hammer Time,Living End,0.5,2,0.01,0.99
Hammer Time,Eldrazi Aggro,0.0,1,0.0,0.98
Temur Song,Boros Energy,0.58,19,0.33,0.8
Temur Song,Jeskai Blink,0.58,19,0.33,0.8
Temur Song,Amulet Titan,0.67,6,0.22,0.96
Temur Song,Izzet Prowess,0.25,8,0.03,0.65
Temur Song,Affinity,0.5,10,0.19,0.81
Temur Song,Esper Reanimator,0.4,5,0.05,0.85
Temur Song,Domain Aggro,0.4,10,0.12,0.74
Temur Song,Esper Phelia,0.33,6,0.04,0.78
Temur Song,Eldrazi Tron,0.0,2,0.0,0.84
Temur Song,Tameshi Belcher,0.67,3,0.09,0.99
Temur Song,Eldrazi Bloodchief Combo,0.2,5,0.01,0.72
Temur Song,Simic Ritual,0.25,4,0.01,0.81
Temur Song,Eldrazi Ramp,0.0,1,0.0,0.98
Temur Song,Ruby Storm,0.4,5,0.05,0.85
Temur Song,Azorius Control,0.0,1,0.0,0.98
Temur Song,Neoform,0.2,5,0.01,0.72
Temur Song,Dimir Frog,0.6,5,0.15,0.95
Temur Song,Azorius Blink,0.5,2,0.01,0.99
Temur Song,Golgari Yawgmoth,0.5,2,0.01,0.99
Temur Song,Mill,0.0,2,0.0,0.84
Temur Song,Jeskai Control,0.5,2,0.01,0.99
Temur Song,Samwise Combo,1.0,1,0.02,1.0
Temur Song,Grixis Reanimator,1.0,1,0.02,1.0
Temur Song,Living End,1.0,1,0.02,1.0
Temur Song,Mono Blue Tron,1.0,1,0.02,1.0
Temur Song,Eldrazi Aggro,1.0,1,0.02,1.0
Temur Song,4 Color Ritual,1.0,1,0.02,1.0
Temur Song,Burn,1.0,1,0.02,1.0
Mardu Energy,Boros Energy,0.1,10,0.0,0.45
Mardu Energy,Jeskai Blink,0.5,8,0.16,0.84
Mardu Energy,Amulet Titan,0.46,13,0.19,0.75
Mardu Energy,Izzet Prowess,0.25,12,0.05,0.57
Mardu Energy,Affinity,0.44,9,0.14,0.79
Mardu Energy,Esper Reanimator,0.17,12,0.02,0.48
Mardu Energy,Domain Aggro,0.63,8,0.24,0.91
Mardu Energy,Esper Phelia,0.5,4,0.07,0.93
Mardu Energy,Eldrazi Tron,0.5,6,0.12,0.88
Mardu Energy,Tameshi Belcher,1.0,1,0.02,1.0
Mardu Energy,Eldrazi Bloodchief Combo,0.0,1,0.0,0.98
Mardu Energy,Simic Ritual,0.25,4,0.01,0.81
Mardu Energy,Eldrazi Ramp,0.4,5,0.05,0.85
Mardu Energy,Ruby Storm,0.5,2,0.01,0.99
Mardu Energy,Azorius Control,1.0,2,0.16,1.0
Mardu Energy,Neoform,0.33,3,0.01,0.91
Mardu Energy,Dimir Frog,1.0,1,0.02,1.0
Mardu Energy,Azorius Blink,0.5,2,0.01,0.99
Mardu Energy,Golgari Yawgmoth,0.5,2,0.01,0.99
Mardu Energy,Samwise Combo,0.0,1,0.0,0.98
Mardu Energy,Grixis Reanimator,0.33,3,0.01,0.91
Mardu Energy,Mono Blue Tron,1.0,1,0.02,1.0
Mardu Energy,Eldrazi Aggro,0.0,1,0.0,0.98
Mardu Energy,Hollow One,0.0,3,0.0,0.71
Mardu Energy,Burn,1.0,1,0.02,1.0
Mono Black Necrodominance,Boros Energy,0.58,12,0.28,0.85
Mono Black Necrodominance,Jeskai Blink,0.47,15,0.21,0.73
Mono Black Necrodominance,Amulet Titan,0.7,10,0.35,0.93
Mono Black Necrodominance,Izzet Prowess,0.17,12,0.02,0.48
Mono Black Necrodominance,Affinity,0.36,14,0.13,0.65
Mono Black Necrodominance,Esper Reanimator,0.44,9,0.14,0.79
Mono Black Necrodominance,Domain Aggro,0.5,6,0.12,0.88
Mono Black Necrodominance,Esper Phelia,0.8,5,0.28,0.99
Mono Black Necrodominance,Eldrazi Tron,0.5,2,0.01,0.99
Mono Black Necrodominance,Tameshi Belcher,0.2,5,0.01,0.72
Mono Black Necrodominance,Eldrazi Bloodchief Combo,0.0,3,0.0,0.71
Mono Black Necrodominance,Simic Ritual,0.8,5,0.28,0.99
Mono Black Necrodominance,Eldrazi Ramp,0.6,5,0.15,0.95
Mono Black Necrodominance,Ruby Storm,0.0,1,0.0,0.98
Mono Black Necrodominance,Azorius Control,0.0,1,0.0,0.98
Mono Black Necrodominance,Neoform,1.0,3,0.29,1.0
Mono Black Necrodominance,Golgari Yawgmoth,1.0,2,0.16,1.0
Mono Black Necrodominance,Mill,0.0,2,0.0,0.84
Mono Black Necrodominance,Jeskai Control,0.0,2,0.0,0.84
Mono Black Necrodominance,Grixis Reanimator,0.5,4,0.07,0.93
Mono Black Necrodominance,Eldrazi Aggro,1.0,1,0.02,1.0
Mono Black Necrodominance,4 Color Ritual,0.0,1,0.0,0.98
Mono Black Necrodominance,Hollow One,1.0,1,0.02,1.0
Jund Saga,Boros Energy,0.43,14,0.18,0.71
Jund Saga,Jeskai Blink,0.0,7,0.0,0.41
Jund Saga,Amulet Titan,0.5,12,0.21,0.79
Jund Saga,Izzet Prowess,0.54,13,0.25,0.81
Jund Saga,Affinity,0.38,8,0.09,0.76
Jund Saga,Esper Reanimator,0.25,4,0.01,0.81
Jund Saga,Domain Aggro,0.8,5,0.28,0.99
Jund Saga,Esper Phelia,0.67,3,0.09,0.99
Jund Saga,Tameshi Belcher,0.57,7,0.18,0.9
Jund Saga,Eldrazi Bloodchief Combo,0.4,5,0.05,0.85
Jund Saga,Simic Ritual,1.0,3,0.29,1.0
Jund Saga,Eldrazi Ramp,0.2,5,0.01,0.72
Jund Saga,Ruby Storm,0.33,6,0.04,0.78
Jund Saga,Azorius Control,0.0,1,0.0,0.98
Jund Saga,Neoform,1.0,1,0.02,1.0
Jund Saga,Dimir Frog,0.5,2,0.01,0.99
Jund Saga,Azorius Blink,0.0,1,0.0,0.98
Jund Saga,Golgari Yawgmoth,0.33,3,0.01,0.91
Jund Saga,Samwise Combo,1.0,1,0.02,1.0
Jund Saga,4 Color Ritual,0.0,1,0.0,0.98
Jeskai Ascendancy,Boros Energy,0.56,9,0.21,0.86
Jeskai Ascendancy,Jeskai Blink,0.55,11,0.23,0.83
Jeskai Ascendancy,Amulet Titan,0.44,9,0.14,0.79
Jeskai Ascendancy,Izzet Prowess,0.55,11,0.23,0.83
Jeskai Ascendancy,Affinity,0.88,8,0.47,1.0
Jeskai Ascendancy,Esper Reanimator,0.43,7,0.1,0.82
Jeskai Ascendancy,Domain Aggro,0.2,5,0.01,0.72
Jeskai Ascendancy,Esper Phelia,0.33,3,0.01,0.91
Jeskai Ascendancy,Eldrazi Tron,0.2,5,0.01,0.72
Jeskai Ascendancy,Tameshi Belcher,0.6,5,0.15,0.95
Jeskai Ascendancy,Eldrazi Bloodchief Combo,0.5,4,0.07,0.93
Jeskai Ascendancy,Simic Ritual,0.5,6,0.12,0.88
Jeskai Ascendancy,Eldrazi Ramp,0.5,2,0.01,0.99
Jeskai Ascendancy,Ruby Storm,1.0,4,0.4,1.0
Jeskai Ascendancy,Azorius Control,0.25,4,0.01,0.81
Jeskai Ascendancy,Neoform,1.0,1,0.02,1.0
Jeskai Ascendancy,Azorius Blink,0.67,3,0.09,0.99
Jeskai Ascendancy,Golgari Yawgmoth,0.67,3,0.09,0.99
Jeskai Ascendancy,Jeskai Control,0.0,1,0.0,0.98
Jeskai Ascendancy,Samwise Combo,1.0,1,0.02,1.0
Jeskai Ascendancy,Living End,1.0,1,0.02,1.0
Jeskai Ascendancy,Mono Blue Tron,0.0,2,0.0,0.84
Jeskai Ascendancy,Eldrazi Aggro,1.0,1,0.02,1.0
Jeskai Ascendancy,Hollow One,1.0,1,0.02,1.0
Bant Ritual,Boros Energy,0.29,7,0.04,0.71
Bant Ritual,Jeskai Blink,0.69,16,0.41,0.89
Bant Ritual,Amulet Titan,0.67,9,0.3,0.93
Bant Ritual,Izzet Prowess,0.45,11,0.17,0.77
Bant Ritual,Affinity,0.27,15,0.08,0.55
Bant Ritual,Esper Reanimator,0.75,4,0.19,0.99
Bant Ritual,Domain Aggro,0.25,4,0.01,0.81
Bant Ritual,Esper Phelia,0.5,4,0.07,0.93
Bant Ritual,Eldrazi Tron,0.33,3,0.01,0.91
Bant Ritual,Tameshi Belcher,0.0,2,0.0,0.84
Bant Ritual,Eldrazi Bloodchief Combo,0.33,3,0.01,0.91
Bant Ritual,Simic Ritual,0.17,6,0.0,0.64
Bant Ritual,Eldrazi Ramp,0.5,4,0.07,0.93
Bant Ritual,Ruby Storm,0.0,2,0.0,0.84
Bant Ritual,Azorius Control,0.33,3,0.01,0.91
Bant Ritual,Neoform,1.0,1,0.02,1.0
Bant Ritual,Azorius Blink,0.0,1,0.0,0.98
Bant Ritual,Golgari Yawgmoth,0.5,2,0.01,0.99
Bant Ritual,Mill,1.0,2,0.16,1.0
Bant Ritual,Jeskai Control,1.0,2,0.16,1.0
Bant Ritual,Samwise Combo,0.0,2,0.0,0.84
Bant Ritual,Grixis Reanimator,0.0,1,0.0,0.98
Bant Ritual,Mono Blue Tron,1.0,1,0.02,1.0
Bant Ritual,4 Color Ritual,0.0,1,0.0,0.98
Eldrazi Breach,Boros Energy,0.43,7,0.1,0.82
Eldrazi Breach,Jeskai Blink,0.25,12,0.05,0.57
Eldrazi Breach,Amulet Titan,0.58,12,0.28,0.85
Eldrazi Breach,Izzet Prowess,0.33,9,0.07,0.7
Eldrazi Breach,Affinity,0.5,8,0.16,0.84
Eldrazi Breach,Esper Reanimator,0.6,5,0.15,0.95
Eldrazi Breach,Domain Aggro,0.0,6,0.0,0.46
Eldrazi Breach,Esper Phelia,0.75,4,0.19,0.99
Eldrazi Breach,Eldrazi Tron,0.33,3,0.01,0.91
Eldrazi Breach,Tameshi Belcher,0.0,3,0.0,0.71
Eldrazi Breach,Eldrazi Bloodchief Combo,0.5,2,0.01,0.99
Eldrazi Breach,Simic Ritual,0.4,5,0.05,0.85
Eldrazi Breach,Eldrazi Ramp,0.0,1,0.0,0.98
Eldrazi Breach,Ruby Storm,0.5,2,0.01,0.99
Eldrazi Breach,Azorius Control,1.0,1,0.02,1.0
Eldrazi Breach,Dimir Frog,0.33,3,0.01,0.91
Eldrazi Breach,Azorius Blink,0.0,1,0.0,0.98
Eldrazi Breach,Golgari Yawgmoth,0.67,3,0.09,0.99
Eldrazi Breach,Jeskai Control,1.0,2,0.16,1.0
Eldrazi Breach,Samwise Combo,1.0,2,0.16,1.0
Eldrazi Breach,Living End,1.0,1,0.02,1.0
Izzet Wizards,Boros Energy,0.33,12,0.1,0.65
Izzet Wizards,Jeskai Blink,0.63,8,0.24,0.91
Izzet Wizards,Amulet Titan,0.8,5,0.28,0.99
Izzet Wizards,Izzet Prowess,0.17,6,0.0,0.64
Izzet Wizards,Affinity,0.13,8,0.0,0.53
Izzet Wizards,Esper Reanimator,0.38,8,0.09,0.76
Izzet Wizards,Domain Aggro,0.33,9,0.07,0.7
Izzet Wizards,Esper Phelia,0.5,2,0.01,0.99
Izzet Wizards,Eldrazi Tron,0.67,6,0.22,0.96
Izzet Wizards,Tameshi Belcher,0.5,2,0.01,0.99
Izzet Wizards,Eldrazi Bloodchief Combo,0.5,4,0.07,0.93
Izzet Wizards,Simic Ritual,0.5,4,0.07,0.93
Izzet Wizards,Eldrazi Ramp,0.0,1,0.0,0.98
Izzet Wizards,Ruby Storm,1.0,1,0.02,1.0
Izzet Wizards,Azorius Control,0.0,1,0.0,0.98
Izzet Wizards,Neoform,1.0,3,0.29,1.0
Izzet Wizards,Azorius Blink,0.5,2,0.01,0.99
Izzet Wizards,Golgari Yawgmoth,1.0,1,0.02,1.0
Izzet Wizards,Jeskai Control,0.5,4,0.07,0.93
Izzet Wizards,Samwise Combo,1.0,1,0.02,1.0
Izzet Wizards,Grixis Reanimator,1.0,1,0.02,1.0
Izzet Wizards,Living End,1.0,1,0.02,1.0
Izzet Wizards,4 Color Ritual,0.0,1,0.0,0.98
Kethis Combo,Boros Energy,0.73,11,0.39,0.94
Kethis Combo,Jeskai Blink,0.78,9,0.4,0.97
Kethis Combo,Amulet Titan,0.56,9,0.21,0.86
Kethis Combo,Izzet Prowess,0.56,9,0.21,0.86
Kethis Combo,Affinity,0.71,7,0.29,0.96
Kethis Combo,Esper Reanimator,0.6,10,0.26,0.88
Kethis Combo,Domain Aggro,0.5,4,0.07,0.93
Kethis Combo,Esper Phelia,0.6,5,0.15,0.95
Kethis Combo,Eldrazi Tron,0.0,1,0.0,0.98
Kethis Combo,Tameshi Belcher,1.0,1,0.02,1.0
Kethis Combo,Eldrazi Bloodchief Combo,1.0,2,0.16,1.0
Kethis Combo,Simic Ritual,0.33,6,0.04,0.78
Kethis Combo,Eldrazi Ramp,1.0,2,0.16,1.0
Kethis Combo,Ruby Storm,1.0,1,0.02,1.0
Kethis Combo,Azorius Control,1.0,2,0.16,1.0
Kethis Combo,Dimir Frog,0.5,2,0.01,0.99
Kethis Combo,Mill,0.0,1,0.0,0.98
Kethis Combo,Jeskai Control,1.0,1,0.02,1.0
Kethis Combo,Living End,1.0,1,0.02,1.0
Kethis Combo,Burn,1.0,1,0.02,1.0
Red Belcher,Boros Energy,0.56,9,0.21,0.86
Red Belcher,Jeskai Blink,0.43,7,0.1,0.82
Red Belcher,Amulet Titan,0.75,4,0.19,0.99
Red Belcher,Izzet Prowess,0.2,15,0.04,0.48
Red Belcher,Affinity,0.17,6,0.0,0.64
Red Belcher,Esper Reanimator,0.2,5,0.01,0.72
Red Belcher,Domain Aggro,0.5,2,0.01,0.99
Red Belcher,Esper Phelia,0.2,5,0.01,0.72
Red Belcher,Eldrazi Tron,0.0,1,0.0,0.98
Red Belcher,Tameshi Belcher,0.0,1,0.0,0.98
Red Belcher,Eldrazi Bloodchief Combo,0.29,7,0.04,0.71
Red Belcher,Simic Ritual,0.33,3,0.01,0.91
Red Belcher,Eldrazi Ramp,0.6,5,0.15,0.95
Red Belcher,Ruby Storm,0.0,1,0.0,0.98
Red Belcher,Azorius Control,0.33,6,0.04,0.78
Red Belcher,Dimir Frog,0.0,3,0.0,0.71
Red Belcher,Azorius Blink,0.0,1,0.0,0.98
Red Belcher,Golgari Yawgmoth,1.0,1,0.02,1.0
Red Belcher,Living End,0.33,3,0.01,0.91
Red Belcher,4 Color Ritual,0.5,2,0.01,0.99
Dimir Necrodominance,Boros Energy,0.63,8,0.24,0.91
Dimir Necrodominance,Jeskai Blink,0.5,10,0.19,0.81
Dimir Necrodominance,Amulet Titan,0.43,7,0.1,0.82
Dimir Necrodominance,Izzet Prowess,0.86,7,0.42,1.0
Dimir Necrodominance,Affinity,0.4,10,0.12,0.74
Dimir Necrodominance,Esper Reanimator,0.5,4,0.07,0.93
Dimir Necrodominance,Domain Aggro,0.17,6,0.0,0.64
Dimir Necrodominance,Esper Phelia,0.4,5,0.05,0.85
Dimir Necrodominance,Eldrazi Tron,1.0,1,0.02,1.0
Dimir Necrodominance,Tameshi Belcher,1.0,1,0.02,1.0
Dimir Necrodominance,Eldrazi Bloodchief Combo,0.33,3,0.01,0.91
Dimir Necrodominance,Simic Ritual,0.25,4,0.01,0.81
Dimir Necrodominance,Eldrazi Ramp,0.0,1,0.0,0.98
Dimir Necrodominance,Ruby Storm,0.25,4,0.01,0.81
Dimir Necrodominance,Neoform,1.0,1,0.02,1.0
Dimir Necrodominance,Dimir Frog,1.0,2,0.16,1.0
Dimir Necrodominance,Jeskai Control,0.0,1,0.0,0.98
Dimir Necrodominance,Living End,1.0,1,0.02,1.0
Dimir Necrodominance,Hollow One,1.0,2,0.16,1.0
Boros Wildfire,Boros Energy,0.67,3,0.09,0.99
Boros Wildfire,Jeskai Blink,0.75,12,0.43,0.95
Boros Wildfire,Amulet Titan,0.25,8,0.03,0.65
Boros Wildfire,Izzet Prowess,0.8,10,0.44,0.97
Boros Wildfire,Affinity,0.83,6,0.36,1.0
Boros Wildfire,Esper Reanimator,0.33,3,0.01,0.91
Boros Wildfire,Domain Aggro,0.75,4,0.19,0.99
Boros Wildfire,Esper Phelia,1.0,1,0.02,1.0
Boros Wildfire,Eldrazi Tron,0.67,3,0.09,0.99
Boros Wildfire,Tameshi Belcher,0.5,2,0.01,0.99
Boros Wildfire,Simic Ritual,0.0,4,0.0,0.6
Boros Wildfire,Eldrazi Ramp,0.0,2,0.0,0.84
Boros Wildfire,Ruby Storm,1.0,1,0.02,1.0
Boros Wildfire,Golgari Yawgmoth,0.0,1,0.0,0.98
Boros Wildfire,Mill,0.0,1,0.0,0.98
Boros Wildfire,Samwise Combo,0.0,1,0.0,0.98
Boros Wildfire,Hollow One,1.0,1,0.02,1.0
Mono Green Tron,Boros Energy,0.27,11,0.06,0.61
Mono Green Tron,Jeskai Blink,0.67,3,0.09,0.99
Mono Green Tron,Amulet Titan,0.2,5,0.01,0.72
Mono Green Tron,Izzet Prowess,1.0,1,0.02,1.0
Mono Green Tron,Affinity,0.8,5,0.28,0.99
Mono Green Tron,Esper Reanimator,0.29,7,0.04,0.71
Mono Green Tron,Domain Aggro,0.5,2,0.01,0.99
Mono Green Tron,Esper Phelia,0.4,5,0.05,0.85
Mono Green Tron,Eldrazi Tron,0.6,5,0.15,0.95
Mono Green Tron,Tameshi Belcher,0.25,4,0.01,0.81
Mono Green Tron,Eldrazi Bloodchief Combo,0.5,2,0.01,0.99
Mono Green Tron,Simic Ritual,0.0,1,0.0,0.98
Mono Green Tron,Eldrazi Ramp,0.0,2,0.0,0.84
Mono Green Tron,Ruby Storm,0.33,3,0.01,0.91
Mono Green Tron,Azorius Control,0.0,1,0.0,0.98
Mono Green Tron,Neoform,1.0,1,0.02,1.0
Mono Green Tron,Dimir Frog,0.0,2,0.0,0.84
Mono Green Tron,Azorius Blink,1.0,1,0.02,1.0
Mono Green Tron,Mill,0.0,1,0.0,0.98
Mono Green Tron,Grixis Reanimator,1.0,1,0.02,1.0
Mono Green Tron,4 Color Ritual,0.0,1,0.0,0.98
Infect,Boros Energy,0.33,6,0.04,0.78
Infect,Jeskai Blink,0.2,5,0.01,0.72
Infect,Amulet Titan,0.75,4,0.19,0.99
Infect,Izzet Prowess,0.33,6,0.04,0.78
Infect,Affinity,0.67,3,0.09,0.99
Infect,Esper Reanimator,0.11,9,0.0,0.48
Infect,Domain Aggro,0.5,2,0.01,0.99
Infect,Esper Phelia,0.25,4,0.01,0.81
Infect,Eldrazi Tron,0.33,3,0.01,0.91
Infect,Eldrazi Ramp,0.0,1,0.0,0.98
Infect,Azorius Control,0.0,1,0.0,0.98
Infect,Neoform,0.33,3,0.01,0.91
Infect,Dimir Frog,0.0,3,0.0,0.71
Infect,Azorius Blink,0.0,1,0.0,0.98
Infect,Samwise Combo,1.0,1,0.02,1.0
Infect,Grixis Reanimator,0.0,1,0.0,0.98
Infect,Hollow One,0.0,1,0.0,0.98
Bant Ephemerate,Boros Energy,0.17,6,0.0,0.64
Bant Ephemerate,Jeskai Blink,0.63,8,0.24,0.91
Bant Ephemerate,Amulet Titan,0.43,7,0.1,0.82
Bant Ephemerate,Izzet Prowess,0.8,5,0.28,0.99
Bant Ephemerate,Affinity,0.8,5,0.28,0.99
Bant Ephemerate,Esper Reanimator,0.5,2,0.01,0.99
Bant Ephemerate,Domain Aggro,0.4,5,0.05,0.85
Bant Ephemerate,Esper Phelia,0.0,1,0.0,0.98
Bant Ephemerate,Tameshi Belcher,0.5,4,0.07,0.93
Bant Ephemerate,Eldrazi Bloodchief Combo,0.0,1,0.0,0.98
Bant Ephemerate,Simic Ritual,0.0,1,0.0,0.98
Bant Ephemerate,Eldrazi Ramp,0.0,2,0.0,0.84
Bant Ephemerate,Azorius Control,1.0,1,0.02,1.0
Bant Ephemerate,Azorius Blink,0.0,2,0.0,0.84
Bant Ephemerate,Samwise Combo,1.0,1,0.02,1.0
Bant Ephemerate,Living End,1.0,2,0.16,1.0
Bant Ephemerate,Mono Blue Tron,0.0,1,0.0,0.98
Izzet Murktide,Boros Energy,0.56,9,0.21,0.86
Izzet Murktide,Jeskai Blink,0.25,4,0.01,0.81
Izzet Murktide,Amulet Titan,0.33,3,0.01,0.91
Izzet Murktide,Izzet Prowess,0.67,6,0.22,0.96
Izzet Murktide,Affinity,0.0,2,0.0,0.84
Izzet Murktide,Esper Reanimator,0.0,1,0.0,0.98
Izzet Murktide,Domain Aggro,1.0,2,0.16,1.0
Izzet Murktide,Esper Phelia,1.0,1,0.02,1.0
Izzet Murktide,Eldrazi Tron,1.0,3,0.29,1.0
Izzet Murktide,Tameshi Belcher,0.5,2,0.01,0.99
Izzet Murktide,Eldrazi Bloodchief Combo,0.5,2,0.01,0.99
Izzet Murktide,Simic Ritual,0.0,1,0.0,0.98
Izzet Murktide,Eldrazi Ramp,0.67,3,0.09,0.99
Izzet Murktide,Ruby Storm,0.75,4,0.19,0.99
Izzet Murktide,Azorius Control,1.0,2,0.16,1.0
Izzet Murktide,Golgari Yawgmoth,0.5,2,0.01,0.99
Izzet Murktide,Jeskai Control,0.0,1,0.0,0.98
Izzet Murktide,Grixis Reanimator,0.33,3,0.01,0.91
Izzet Murktide,Living End,0.0,1,0.0,0.98
Izzet Murktide,Eldrazi Aggro,0.0,1,0.0,0.98
Izzet Murktide,Hollow One,1.0,1,0.02,1.0
Jund Creativity,Boros Energy,0.17,6,0.0,0.64
Jund Creativity,Jeskai Blink,0.56,9,0.21,0.86
Jund Creativity,Amulet Titan,0.5,6,0.12,0.88
Jund Creativity,Izzet Prowess,0.75,4,0.19,0.99
Jund Creativity,Affinity,0.57,7,0.18,0.9
Jund Creativity,Esper Reanimator,1.0,1,0.02,1.0
Jund Creativity,Domain Aggro,0.6,5,0.15,0.95
Jund Creativity,Esper Phelia,1.0,1,0.02,1.0
Jund Creativity,Eldrazi Tron,0.0,3,0.0,0.71
Jund Creativity,Tameshi Belcher,0.5,2,0.01,0.99
Jund Creativity,Eldrazi Bloodchief Combo,1.0,1,0.02,1.0
Jund Creativity,Simic Ritual,0.25,4,0.01,0.81
Jund Creativity,Ruby Storm,0.0,1,0.0,0.98
Jund Creativity,Azorius Control,1.0,1,0.02,1.0
Jund Creativity,Neoform,0.0,1,0.0,0.98
Jund Creativity,Golgari Yawgmoth,0.0,1,0.0,0.98
Jund Creativity,Mill,1.0,2,0.16,1.0
Jund Creativity,Samwise Combo,1.0,1,0.02,1.0
Jund Creativity,Mono Blue Tron,1.0,1,0.02,1.0
Splinter Twin,Boros Energy,0.5,12,0.21,0.79
Splinter Twin,Jeskai Blink,0.0,2,0.0,0.84
Splinter Twin,Amulet Titan,0.67,3,0.09,0.99
Splinter Twin,Izzet Prowess,0.25,4,0.01,0.81
Splinter Twin,Affinity,0.14,7,0.0,0.58
Splinter Twin,Esper Reanimator,0.4,5,0.05,0.85
Splinter Twin,Domain Aggro,1.0,1,0.02,1.0
Splinter Twin,Esper Phelia,0.5,2,0.01,0.99
Splinter Twin,Eldrazi Tron,0.67,3,0.09,0.99
Splinter Twin,Tameshi Belcher,1.0,1,0.02,1.0
Splinter Twin,Eldrazi Bloodchief Combo,0.5,4,0.07,0.93
Splinter Twin,Ruby Storm,0.8,5,0.28,0.99
Splinter Twin,Neoform,0.0,1,0.0,0.98
Splinter Twin,Dimir Frog,0.0,1,0.0,0.98
Splinter Twin,Mill,1.0,1,0.02,1.0
Splinter Twin,Jeskai Control,0.0,1,0.0,0.98
Splinter Twin,Samwise Combo,1.0,1,0.02,1.0
Splinter Twin,Living End,0.0,1,0.0,0.98
Dimir Control,Boros Energy,0.3,10,0.07,0.65
Dimir Control,Jeskai Blink,0.75,4,0.19,0.99
Dimir Control,Amulet Titan,1.0,1,0.02,1.0
Dimir Control,Izzet Prowess,0.67,3,0.09,0.99
Dimir Control,Affinity,0.5,8,0.16,0.84
Dimir Control,Esper Reanimator,1.0,1,0.02,1.0
Dimir Control,Domain Aggro,1.0,1,0.02,1.0
Dimir Control,Esper Phelia,0.0,2,0.0,0.84
Dimir Control,Eldrazi Tron,0.67,3,0.09,0.99
Dimir Control,Tameshi Belcher,0.0,1,0.0,0.98
Dimir Control,Eldrazi Bloodchief Combo,0.0,1,0.0,0.98
Dimir Control,Simic Ritual,0.0,2,0.0,0.84
Dimir Control,Eldrazi Ramp,0.0,2,0.0,0.84
Dimir Control,Ruby Storm,0.0,2,0.0,0.84
Dimir Control,Dimir Frog,0.5,2,0.01,0.99
Dimir Control,Golgari Yawgmoth,1.0,1,0.02,1.0
Dimir Control,Jeskai Control,0.5,2,0.01,0.99
Dimir Control,Living End,0.0,2,0.0,0.84
Dimir Control,Eldrazi Aggro,1.0,1,0.02,1.0
Dimir Control,Burn,0.0,1,0.0,0.98
Soultrader,Boros Energy,0.2,5,0.01,0.72
Soultrader,Jeskai Blink,0.3,10,0.07,0.65
Soultrader,Amulet Titan,0.5,6,0.12,0.88
Soultrader,Izzet Prowess,0.6,5,0.15,0.95
Soultrader,Affinity,0.5,4,0.07,0.93
Soultrader,Esper Reanimator,1.0,1,0.02,1.0
Soultrader,Domain Aggro,0.5,2,0.01,0.99
Soultrader,Esper Phelia,0.5,2,0.01,0.99
Soultrader,Tameshi Belcher,1.0,1,0.02,1.0
Soultrader,Eldrazi Bloodchief Combo,0.0,1,0.0,0.98
Soultrader,Simic Ritual,1.0,2,0.16,1.0
Soultrader,Eldrazi Ramp,0.0,1,0.0,0.98
Soultrader,Ruby Storm,0.0,3,0.0,0.71
Soultrader,Neoform,1.0,1,0.02,1.0
Soultrader,Dimir Frog,1.0,2,0.16,1.0
Soultrader,Azorius Blink,0.0,1,0.0,0.98
Soultrader,Golgari Yawgmoth,0.67,3,0.09,0.99
Soultrader,Mill,1.0,1,0.02,1.0
Soultrader,4 Color Ritual,0.0,1,0.0,0.98
Jeskai Ocelot,Boros Energy,0.25,4,0.01,0.81
Jeskai Ocelot,Jeskai Blink,0.33,3,0.01,0.91
Jeskai Ocelot,Izzet Prowess,0.5,6,0.12,0.88
Jeskai Ocelot,Affinity,0.29,7,0.04,0.71
Jeskai Ocelot,Esper Reanimator,0.75,4,0.19,0.99
Jeskai Ocelot,Domain Aggro,0.0,1,0.0,0.98
Jeskai Ocelot,Esper Phelia,0.8,5,0.28,0.99
Jeskai Ocelot,Eldrazi Tron,0.0,2,0.0,0.84
Jeskai Ocelot,Tameshi Belcher,0.0,1,0.0,0.98
Jeskai Ocelot,Eldrazi Bloodchief Combo,1.0,1,0.02,1.0
Jeskai Ocelot,Eldrazi Ramp,0.0,1,0.0,0.98
Jeskai Ocelot,Ruby Storm,0.0,1,0.0,0.98
Jeskai Ocelot,Azorius Control,0.0,1,0.0,0.98
Jeskai Ocelot,Neoform,1.0,1,0.02,1.0
Jeskai Ocelot,Azorius Blink,0.0,2,0.0,0.84
Jeskai Ocelot,Samwise Combo,0.0,1,0.0,0.98
Jeskai Ocelot,Grixis Reanimator,1.0,1,0.02,1.0
Jeskai Ocelot,Living End,0.0,1,0.0,0.98
Jeskai Ocelot,Mono Blue Tron,1.0,1,0.02,1.0
Jeskai Ocelot,Burn,1.0,1,0.02,1.0
Grixis Control,Boros Energy,0.67,6,0.22,0.96
Grixis Control,Jeskai Blink,0.0,4,0.0,0.6
Grixis Control,Amulet Titan,0.17,6,0.0,0.64
Grixis Control,Izzet Prowess,0.4,5,0.05,0.85
Grixis Control,Affinity,1.0,1,0.02,1.0
Grixis Control,Esper Reanimator,0.33,6,0.04,0.78
Grixis Control,Domain Aggro,0.0,2,0.0,0.84
Grixis Control,Esper Phelia,0.5,2,0.01,0.99
Grixis Control,Eldrazi Tron,0.33,3,0.01,0.91
Grixis Control,Tameshi Belcher,0.2,5,0.01,0.72
Grixis Control,Eldrazi Bloodchief Combo,0.5,2,0.01,0.99
Grixis Control,Simic Ritual,0.0,1,0.0,0.98
Grixis Control,Eldrazi Ramp,0.0,2,0.0,0.84
Grixis Control,Ruby Storm,1.0,1,0.02,1.0
Grixis Control,Azorius Blink,1.0,1,0.02,1.0
Lantern Control,Boros Energy,0.0,4,0.0,0.6
Lantern Control,Jeskai Blink,0.0,3,0.0,0.71
Lantern Control,Amulet Titan,0.63,8,0.24,0.91
Lantern Control,Izzet Prowess,0.2,5,0.01,0.72
Lantern Control,Affinity,0.67,3,0.09,0.99
Lantern Control,Esper Reanimator,0.25,4,0.01,0.81
Lantern Control,Domain Aggro,0.0,1,0.0,0.98
Lantern Control,Esper Phelia,0.5,2,0.01,0.99
Lantern Control,Eldrazi Tron,0.0,2,0.0,0.84
Lantern Control,Tameshi Belcher,1.0,1,0.02,1.0
Lantern Control,Eldrazi Bloodchief Combo,0.0,1,0.0,0.98
Lantern Control,Simic Ritual,1.0,2,0.16,1.0
Lantern Control,Ruby Storm,0.0,2,0.0,0.84
Lantern Control,Dimir Frog,0.5,2,0.01,0.99
Lantern Control,Golgari Yawgmoth,0.0,1,0.0,0.98
Lantern Control,Mill,1.0,1,0.02,1.0
Lantern Control,Samwise Combo,0.0,1,0.0,0.98
Lantern Control,Mono Blue Tron,0.0,1,0.0,0.98
Lantern Control,Burn,1.0,1,0.02,1.0
Jeskai Prowess,Boros Energy,1.0,3,0.29,1.0
Jeskai Prowess,Jeskai Blink,0.57,7,0.18,0.9
Jeskai Prowess,Amulet Titan,0.25,8,0.03,0.65
Jeskai Prowess,Izzet Prowess,0.25,4,0.01,0.81
Jeskai Prowess,Affinity,0.75,4,0.19,0.99
Jeskai Prowess,Esper Reanimator,0.4,5,0.05,0.85
Jeskai Prowess,Domain Aggro,0.25,4,0.01,0.81
Jeskai Prowess,Esper Phelia,0.5,2,0.01,0.99
Jeskai Prowess,Eldrazi Tron,0.0,1,0.0,0.98
Jeskai Prowess,Eldrazi Ramp,0.0,1,0.0,0.98
Jeskai Prowess,Ruby Storm,1.0,1,0.02,1.0
Jeskai Prowess,Azorius Control,0.0,1,0.0,0.98
Jeskai Prowess,Dimir Frog,0.0,2,0.0,0.84
Esper Blink,Boros Energy,0.33,3,0.01,0.91
Esper Blink,Jeskai Blink,0.2,5,0.01,0.72
Esper Blink,Amulet Titan,0.5,2,0.01,0.99
Esper Blink,Izzet Prowess,0.67,3,0.09,0.99
Esper Blink,Affinity,0.0,3,0.0,0.71
Esper Blink,Esper Reanimator,0.0,3,0.0,0.71
Esper Blink,Domain Aggro,0.0,4,0.0,0.6
Esper Blink,Esper Phelia,0.0,1,0.0,0.98
Esper Blink,Eldrazi Tron,0.0,4,0.0,0.6
Esper Blink,Tameshi Belcher,0.5,6,0.12,0.88
Esper Blink,Eldrazi Bloodchief Combo,0.0,1,0.0,0.98
Esper Blink,Simic Ritual,1.0,1,0.02,1.0
Esper Blink,Eldrazi Ramp,1.0,1,0.02,1.0
Esper Blink,Ruby Storm,0.0,1,0.0,0.98
Esper Blink,Neoform,1.0,1,0.02,1.0
Esper Blink,Dimir Frog,1.0,1,0.02,1.0
Esper Blink,Mill,0.0,1,0.0,0.98
Esper Blink,Grixis Reanimator,1.0,1,0.02,1.0
Esper Blink,Mono Blue Tron,1.0,1,0.02,1.0
Mono Black Bones,Boros Energy,0.33,3,0.01,0.91
Mono Black Bones,Jeskai Blink,0.0,2,0.0,0.84
Mono Black Bones,Amulet Titan,0.5,2,0.01,0.99
Mono Black Bones,Izzet Prowess,0.5,2,0.01,0.99
Mono Black Bones,Affinity,0.25,4,0.01,0.81
Mono Black Bones,Esper Reanimator,0.8,5,0.28,0.99
Mono Black Bones,Domain Aggro,1.0,3,0.29,1.0
Mono Black Bones,Esper Phelia,0.0,1,0.0,0.98
Mono Black Bones,Tameshi Belcher,0.5,2,0.01,0.99
Mono Black Bones,Eldrazi Bloodchief Combo,0.5,2,0.01,0.99
Mono Black Bones,Simic Ritual,1.0,1,0.02,1.0
Mono Black Bones,Eldrazi Ramp,0.0,1,0.0,0.98
Mono Black Bones,Azorius Control,0.25,4,0.01,0.81
Mono Black Bones,Neoform,0.5,2,0.01,0.99
Mono Black Bones,Dimir Frog,1.0,1,0.02,1.0
Mono Black Bones,Azorius Blink,0.0,1,0.0,0.98
Mono Black Bones,Mill,0.0,1,0.0,0.98
Mono Black Bones,Jeskai Control,0.0,1,0.0,0.98
Mono Black Bones,Grixis Reanimator,1.0,1,0.02,1.0
Mono Black Bones,Eldrazi Aggro,0.0,3,0.0,0.71
Goblins,Boros Energy,0.5,4,0.07,0.93
Goblins,Jeskai Blink,0.5,2,0.01,0.99
Goblins,Amulet Titan,1.0,1,0.02,1.0
Goblins,Izzet Prowess,0.2,5,0.01,0.72
Goblins,Affinity,0.67,3,0.09,0.99
Goblins,Esper Reanimator,0.25,4,0.01,0.81
Goblins,Domain Aggro,0.0,2,0.0,0.84
Goblins,Esper Phelia,0.67,3,0.09,0.99
Goblins,Eldrazi Tron,0.0,2,0.0,0.84
Goblins,Tameshi Belcher,0.0,1,0.0,0.98
Goblins,Eldrazi Bloodchief Combo,1.0,1,0.02,1.0
Goblins,Simic Ritual,0.5,4,0.07,0.93
Goblins,Ruby Storm,0.0,1,0.0,0.98
Goblins,Azorius Control,0.0,2,0.0,0.84
Goblins,Neoform,1.0,1,0.02,1.0
Goblins,Azorius Blink,1.0,1,0.02,1.0
Goblins,Samwise Combo,0.0,1,0.0,0.98
Goblins,Grixis Reanimator,1.0,1,0.02,1.0
Mono Red Prowess,Boros Energy,0.0,3,0.0,0.71
Mono Red Prowess,Jeskai Blink,0.33,3,0.01,0.91
Mono Red Prowess,Amulet Titan,0.67,3,0.09,0.99
Mono Red Prowess,Izzet Prowess,0.0,1,0.0,0.98
Mono Red Prowess,Affinity,0.0,1,0.0,0.98
Mono Red Prowess,Esper Reanimator,0.0,1,0.0,0.98
Mono Red Prowess,Domain Aggro,0.0,1,0.0,0.98
Mono Red Prowess,Esper Phelia,0.25,4,0.01,0.81
Mono Red Prowess,Eldrazi Tron,0.0,3,0.0,0.71
Mono Red Prowess,Eldrazi Ramp,1.0,1,0.02,1.0
Mono Red Prowess,Ruby Storm,0.67,3,0.09,0.99
Mono Red Prowess,Azorius Control,0.5,2,0.01,0.99
Mono Red Prowess,Neoform,1.0,1,0.02,1.0
Mono Red Prowess,Golgari Yawgmoth,0.0,1,0.0,0.98
Mono Red Prowess,Mill,1.0,2,0.16,1.0
Mono Red Prowess,Samwise Combo,0.0,1,0.0,0.98
Mono Red Prowess,Living End,1.0,1,0.02,1.0
Humans,Boros Energy,0.0,1,0.0,0.98
Humans,Jeskai Blink,0.67,3,0.09,0.99
Humans,Amulet Titan,0.5,2,0.01,0.99
Humans,Izzet Prowess,1.0,3,0.29,1.0
Humans,Affinity,0.0,3,0.0,0.71
Humans,Esper Reanimator,0.0,1,0.0,0.98
Humans,Domain Aggro,0.5,2,0.01,0.99
Humans,Eldrazi Tron,0.6,5,0.15,0.95
Humans,Eldrazi Bloodchief Combo,0.0,1,0.0,0.98
Humans,Eldrazi Ramp,1.0,1,0.02,1.0
Humans,Azorius Control,1.0,1,0.02,1.0
Humans,Neoform,1.0,1,0.02,1.0
Humans,Mill,0.0,1,0.0,0.98
Humans,Samwise Combo,0.5,2,0.01,0.99
Humans,Grixis Reanimator,1.0,1,0.02,1.0
Humans,Eldrazi Aggro,0.0,1,0.0,0.98
Humans,4 Color Ritual,0.5,2,0.01,0.99
Humans,Hollow One,1.0,1,0.02,1.0
Golgari Saga,Boros Energy,0.33,6,0.04,0.78
Golgari Saga,Jeskai Blink,0.5,2,0.01,0.99
Golgari Saga,Amulet Titan,0.25,4,0.01,0.81
Golgari Saga,Izzet Prowess,0.5,2,0.01,0.99
Golgari Saga,Affinity,0.0,2,0.0,0.84
Golgari Saga,Esper Reanimator,0.75,4,0.19,0.99
Golgari Saga,Domain Aggro,0.0,2,0.0,0.84
Golgari Saga,Esper Phelia,1.0,1,0.02,1.0
Golgari Saga,Eldrazi Tron,1.0,2,0.16,1.0
Golgari Saga,Tameshi Belcher,0.5,2,0.01,0.99
Golgari Saga,Simic Ritual,0.5,2,0.01,0.99
Golgari Saga,Ruby Storm,0.5,2,0.01,0.99
Golgari Saga,Azorius Control,0.0,2,0.0,0.84
Golgari Saga,Neoform,0.0,1,0.0,0.98
Golgari Saga,Dimir Frog,0.5,2,0.01,0.99
Golgari Saga,Mill,1.0,2,0.16,1.0
Golgari Saga,Jeskai Control,0.5,2,0.01,0.99
Mono White Control,Boros Energy,0.5,2,0.01,0.99
Mono White Control,Jeskai Blink,0.17,6,0.0,0.64
Mono White Control,Amulet Titan,0.75,4,0.19,0.99
Mono White Control,Izzet Prowess,1.0,2,0.16,1.0
Mono White Control,Esper Reanimator,0.5,4,0.07,0.93
Mono White Control,Domain Aggro,0.5,4,0.07,0.93
Mono White Control,Esper Phelia,0.5,2,0.01,0.99
Mono White Control,Eldrazi Tron,0.33,3,0.01,0.91
Mono White Control,Tameshi Belcher,0.5,2,0.01,0.99
Mono White Control,Azorius Control,0.33,3,0.01,0.91
Mono White Control,Neoform,1.0,1,0.02,1.0
Hardened Scales,Boros Energy,0.33,3,0.01,0.91
Hardened Scales,Amulet Titan,0.6,5,0.15,0.95
Hardened Scales,Izzet Prowess,0.25,4,0.01,0.81
Hardened Scales,Affinity,0.0,1,0.0,0.98
Hardened Scales,Esper Reanimator,0.0,1,0.0,0.98
Hardened Scales,Domain Aggro,1.0,1,0.02,1.0
Hardened Scales,Eldrazi Tron,1.0,1,0.02,1.0
Hardened Scales,Tameshi Belcher,1.0,2,0.16,1.0
Hardened Scales,Eldrazi Bloodchief Combo,1.0,2,0.16,1.0
Hardened Scales,Eldrazi Ramp,0.33,3,0.01,0.91
Hardened Scales,Azorius Blink,0.0,1,0.0,0.98
Hardened Scales,Jeskai Control,1.0,1,0.02,1.0
Hardened Scales,Eldrazi Aggro,0.0,1,0.0,0.98
Hardened Scales,Burn,1.0,1,0.02,1.0
Indomitable Creativity,Boros Energy,0.2,5,0.01,0.72
Indomitable Creativity,Jeskai Blink,1.0,4,0.4,1.0
Indomitable Creativity,Amulet Titan,0.25,4,0.01,0.81
Indomitable Creativity,Izzet Prowess,0.5,2,0.01,0.99
Indomitable Creativity,Affinity,1.0,2,0.16,1.0
Indomitable Creativity,Domain Aggro,0.33,3,0.01,0.91
Indomitable Creativity,Esper Phelia,0.0,1,0.0,0.98
Indomitable Creativity,Tameshi Belcher,1.0,1,0.02,1.0
Indomitable Creativity,Simic Ritual,0.0,1,0.0,0.98
Indomitable Creativity,Eldrazi Ramp,0.25,4,0.01,0.81
Indomitable Creativity,Azorius Control,1.0,1,0.02,1.0
Indomitable Creativity,Mill,0.0,1,0.0,0.98
Indomitable Creativity,Burn,0.0,1,0.0,0.98
Gruul Aggro,Boros Energy,0.67,3,0.09,0.99
Gruul Aggro,Jeskai Blink,0.25,4,0.01,0.81
Gruul Aggro,Amulet Titan,0.0,2,0.0,0.84
Gruul Aggro,Esper Reanimator,0.0,1,0.0,0.98
Gruul Aggro,Domain Aggro,0.5,4,0.07,0.93
Gruul Aggro,Esper Phelia,0.5,2,0.01,0.99
Gruul Aggro,Eldrazi Tron,0.0,1,0.0,0.98
Gruul Aggro,Eldrazi Bloodchief Combo,0.0,1,0.0,0.98
Gruul Aggro,Eldrazi Ramp,1.0,1,0.02,1.0
Gruul Aggro,Ruby Storm,0.67,3,0.09,0.99
Gruul Aggro,Azorius Blink,0.0,1,0.0,0.98
Gruul Aggro,Golgari Yawgmoth,0.5,2,0.01,0.99
Gruul Aggro,Living End,0.0,1,0.0,0.98
Gruul Aggro,4 Color Ritual,0.0,1,0.0,0.98
Rakdos Channeler,Boros Energy,0.0,1,0.0,0.98
Rakdos Channeler,Jeskai Blink,0.25,4,0.01,0.81
Rakdos Channeler,Amulet Titan,0.67,3,0.09,0.99
Rakdos Channeler,Izzet Prowess,0.5,4,0.07,0.93
Rakdos Channeler,Affinity,0.0,2,0.0,0.84
Rakdos Channeler,Esper Reanimator,0.5,2,0.01,0.99
Rakdos Channeler,Domain Aggro,1.0,1,0.02,1.0
Rakdos Channeler,Eldrazi Tron,0.0,5,0.0,0.52
Rakdos Channeler,Tameshi Belcher,1.0,1,0.02,1.0
Rakdos Channeler,Eldrazi Bloodchief Combo,0.0,1,0.0,0.98
Rakdos Channeler,Simic Ritual,0.0,1,0.0,0.98
Rakdos Channeler,Eldrazi Ramp,0.5,2,0.01,0.99
Rakdos Channeler,Mill,1.0,1,0.02,1.0
4 Color Helga,Boros Energy,0.33,3,0.01,0.91
4 Color Helga,Jeskai Blink,0.0,1,0.0,0.98
4 Color Helga,Amulet Titan,1.0,3,0.29,1.0
4 Color Helga,Izzet Prowess,0.75,4,0.19,0.99
4 Color Helga,Affinity,0.5,2,0.01,0.99
4 Color Helga,Esper Reanimator,0.0,2,0.0,0.84
4 Color Helga,Esper Phelia,1.0,1,0.02,1.0
4 Color Helga,Eldrazi Tron,0.33,3,0.01,0.91
4 Color Helga,Eldrazi Bloodchief Combo,0.0,1,0.0,0.98
4 Color Helga,Simic Ritual,0.0,1,0.0,0.98
4 Color Helga,Eldrazi Ramp,0.5,2,0.01,0.99
4 Color Helga,Dimir Frog,0.0,1,0.0,0.98
4 Color Helga,Samwise Combo,0.0,1,0.0,0.98
4 Color Helga,Grixis Reanimator,1.0,1,0.02,1.0
4 Color Helga,Burn,0.0,1,0.0,0.98
Grixis Death's Shadow,Boros Energy,0.25,4,0.01,0.81
Grixis Death's Shadow,Jeskai Blink,0.0,2,0.0,0.84
Grixis Death's Shadow,Amulet Titan,0.2,5,0.01,0.72
Grixis Death's Shadow,Affinity,0.0,1,0.0,0.98
Grixis Death's Shadow,Esper Reanimator,0.0,3,0.0,0.71
Grixis Death's Shadow,Domain Aggro,0.4,5,0.05,0.85
Grixis Death's Shadow,Esper Phelia,0.0,1,0.0,0.98
Grixis Death's Shadow,Eldrazi Ramp,0.0,1,0.0,0.98
Grixis Death's Shadow,Ruby Storm,1.0,1,0.02,1.0
Grixis Death's Shadow,Azorius Blink,0.0,2,0.0,0.84
Grixis Death's Shadow,Jeskai Control,1.0,1,0.02,1.0
Grixis Death's Shadow,Living End,0.0,1,0.0,0.98
Grixis Death's Shadow,Mono Blue Tron,1.0,1,0.02,1.0
Grixis Death's Shadow,Eldrazi Aggro,0.0,1,0.0,0.98
Twiddle Storm,Boros Energy,0.0,2,0.0,0.84
Twiddle Storm,Jeskai Blink,0.0,1,0.0,0.98
Twiddle Storm,Amulet Titan,0.0,2,0.0,0.84
Twiddle Storm,Izzet Prowess,0.67,3,0.09,0.99
Twiddle Storm,Affinity,0.0,3,0.0,0.71
Twiddle Storm,Esper Reanimator,0.5,2,0.01,0.99
Twiddle Storm,Eldrazi Tron,0.25,4,0.01,0.81
Twiddle Storm,Tameshi Belcher,0.0,1,0.0,0.98
Twiddle Storm,Eldrazi Ramp,0.0,1,0.0,0.98
Twiddle Storm,Azorius Control,0.0,1,0.0,0.98
Twiddle Storm,Azorius Blink,0.0,1,0.0,0.98
Twiddle Storm,Living End,1.0,1,0.02,1.0
Twiddle Storm,Hollow One,1.0,1,0.02,1.0
Domain Cascade,Boros Energy,0.33,3,0.01,0.91
Domain Cascade,Jeskai Blink,0.75,4,0.19,0.99
Domain Cascade,Amulet Titan,1.0,2,0.16,1.0
Domain Cascade,Izzet Prowess,0.0,2,0.0,0.84
Domain Cascade,Affinity,0.33,6,0.04,0.78
Domain Cascade,Esper Reanimator,1.0,2,0.16,1.0
Domain Cascade,Domain Aggro,0.0,2,0.0,0.84
Domain Cascade,Esper Phelia,1.0,1,0.02,1.0
Domain Cascade,Eldrazi Bloodchief Combo,0.0,1,0.0,0.98
Domain Cascade,Eldrazi Ramp,1.0,2,0.16,1.0
Domain Cascade,Neoform,1.0,2,0.16,1.0
Selesnya Ritual,Boros Energy,0.0,2,0.0,0.84
Selesnya Ritual,Jeskai Blink,0.5,4,0.07,0.93
Selesnya Ritual,Amulet Titan,0.0,1,0.0,0.98
Selesnya Ritual,Izzet Prowess,0.0,3,0.0,0.71
Selesnya Ritual,Affinity,0.0,2,0.0,0.84
Selesnya Ritual,Esper Reanimator,0.0,2,0.0,0.84
Selesnya Ritual,Domain Aggro,0.0,2,0.0,0.84
Selesnya Ritual,Esper Phelia,1.0,2,0.16,1.0
Selesnya Ritual,Eldrazi Tron,0.0,1,0.0,0.98
Selesnya Ritual,Tameshi Belcher,0.0,2,0.0,0.84
Selesnya Ritual,Simic Ritual,1.0,2,0.16,1.0
Selesnya Ritual,Azorius Control,1.0,1,0.02,1.0
Selesnya Ritual,Dimir Frog,0.5,2,0.01,0.99
Heliod Company,Boros Energy,1.0,2,0.16,1.0
Heliod Company,Jeskai Blink,0.67,6,0.22,0.96
Heliod Company,Amulet Titan,0.0,4,0.0,0.6
Heliod Company,Izzet Prowess,1.0,1,0.02,1.0
Heliod Company,Affinity,0.0,1,0.0,0.98
Heliod Company,Esper Reanimator,0.5,2,0.01,0.99
Heliod Company,Esper Phelia,1.0,3,0.29,1.0
Heliod Company,Eldrazi Tron,0.0,1,0.0,0.98
Heliod Company,Tameshi Belcher,0.5,2,0.01,0.99
Heliod Company,Eldrazi Bloodchief Combo,1.0,1,0.02,1.0
Heliod Company,Simic Ritual,1.0,1,0.02,1.0
Heliod Company,Eldrazi Ramp,1.0,1,0.02,1.0
Heliod Company,Ruby Storm,1.0,1,0.02,1.0
Heliod Company,Azorius Control,0.0,1,0.0,0.98
Heliod Company,Golgari Yawgmoth,0.0,1,0.0,0.98
Boros Ephemerate,Boros Energy,0.25,4,0.01,0.81
Boros Ephemerate,Jeskai Blink,0.0,1,0.0,0.98
Boros Ephemerate,Amulet Titan,0.5,2,0.01,0.99
Boros Ephemerate,Izzet Prowess,0.6,5,0.15,0.95
Boros Ephemerate,Affinity,0.0,1,0.0,0.98
Boros Ephemerate,Esper Reanimator,0.5,2,0.01,0.99
Boros Ephemerate,Esper Phelia,0.0,1,0.0,0.98
Boros Ephemerate,Tameshi Belcher,0.0,1,0.0,0.98
Boros Ephemerate,Eldrazi Bloodchief Combo,1.0,3,0.29,1.0
Boros Ephemerate,Ruby Storm,0.0,1,0.0,0.98
Boros Ephemerate,Dimir Frog,1.0,1,0.02,1.0
Boros Ephemerate,Samwise Combo,1.0,1,0.02,1.0
Rakdos Arcanist,Boros Energy,0.5,2,0.01,0.99
Rakdos Arcanist,Amulet Titan,0.67,3,0.09,0.99
Rakdos Arcanist,Izzet Prowess,0.75,4,0.19,0.99
Rakdos Arcanist,Affinity,0.0,1,0.0,0.98
Rakdos Arcanist,Esper Reanimator,0.33,3,0.01,0.91
Rakdos Arcanist,Esper Phelia,1.0,1,0.02,1.0
Rakdos Arcanist,Eldrazi Ramp,1.0,1,0.02,1.0
Rakdos Arcanist,Ruby Storm,0.0,1,0.0,0.98
Rakdos Arcanist,Neoform,0.0,1,0.0,0.98
Rakdos Arcanist,Jeskai Control,0.0,2,0.0,0.84
Rakdos Arcanist,Living End,1.0,1,0.02,1.0
Rakdos Arcanist,Eldrazi Aggro,0.0,1,0.0,0.98
Rakdos Arcanist,Burn,1.0,1,0.02,1.0
Dimir Cookbook,Jeskai Blink,1.0,1,0.02,1.0
Dimir Cookbook,Amulet Titan,0.0,1,0.0,0.98
Dimir Cookbook,Izzet Prowess,0.0,1,0.0,0.98
Dimir Cookbook,Affinity,0.25,4,0.01,0.81
Dimir Cookbook,Esper Reanimator,0.2,5,0.01,0.72
Dimir Cookbook,Domain Aggro,0.6,5,0.15,0.95
Dimir Cookbook,Eldrazi Tron,1.0,1,0.02,1.0
Dimir Cookbook,Tameshi Belcher,0.0,1,0.0,0.98
Dimir Cookbook,Eldrazi Bloodchief Combo,1.0,1,0.02,1.0
Dimir Cookbook,Simic Ritual,1.0,1,0.02,1.0
Dimir Cookbook,Eldrazi Ramp,1.0,1,0.02,1.0
Dimir Cookbook,Mill,1.0,1,0.02,1.0
Dimir Cookbook,Mono Blue Tron,0.0,1,0.0,0.98
Dimir Cookbook,Eldrazi Aggro,0.0,1,0.0,0.98
Dimir Reanimator,Boros Energy,0.17,6,0.0,0.64
Dimir Reanimator,Jeskai Blink,0.0,1,0.0,0.98
Dimir Reanimator,Amulet Titan,0.25,4,0.01,0.81
Dimir Reanimator,Izzet Prowess,1.0,2,0.16,1.0
Dimir Reanimator,Affinity,0.5,2,0.01,0.99
Dimir Reanimator,Domain Aggro,1.0,1,0.02,1.0
Dimir Reanimator,Esper Phelia,1.0,1,0.02,1.0
Dimir Reanimator,Eldrazi Tron,0.0,2,0.0,0.84
Dimir Reanimator,Tameshi Belcher,1.0,1,0.02,1.0
Dimir Reanimator,Eldrazi Ramp,1.0,1,0.02,1.0
Dimir Reanimator,Ruby Storm,1.0,1,0.02,1.0
Dimir Reanimator,Azorius Control,0.0,1,0.0,0.98
Dimir Reanimator,Mill,0.0,1,0.0,0.98
Dimir Reanimator,Jeskai Control,0.0,1,0.0,0.98
Dimir Reanimator,Samwise Combo,0.0,1,0.0,0.98
Rakdos Burn,Boros Energy,0.0,4,0.0,0.6
Rakdos Burn,Jeskai Blink,1.0,1,0.02,1.0
Rakdos Burn,Amulet Titan,0.0,1,0.0,0.98
Rakdos Burn,Affinity,1.0,1,0.02,1.0
Rakdos Burn,Esper Reanimator,0.0,3,0.0,0.71
Rakdos Burn,Domain Aggro,0.33,3,0.01,0.91
Rakdos Burn,Eldrazi Tron,0.0,1,0.0,0.98
Rakdos Burn,Tameshi Belcher,0.0,2,0.0,0.84
Rakdos Burn,Eldrazi Bloodchief Combo,0.5,2,0.01,0.99
Rakdos Burn,Azorius Control,1.0,1,0.02,1.0
Rakdos Burn,Neoform,1.0,1,0.02,1.0
Mardu Reanimator,Boros Energy,0.0,2,0.0,0.84
Mardu Reanimator,Jeskai Blink,0.5,2,0.01,0.99
Mardu Reanimator,Amulet Titan,0.0,1,0.0,0.98
Mardu Reanimator,Izzet Prowess,0.0,2,0.0,0.84
Mardu Reanimator,Affinity,0.0,1,0.0,0.98
Mardu Reanimator,Esper Reanimator,1.0,2,0.16,1.0
Mardu Reanimator,Domain Aggro,1.0,1,0.02,1.0
Mardu Reanimator,Esper Phelia,0.0,2,0.0,0.84
Mardu Reanimator,Tameshi Belcher,0.5,2,0.01,0.99
Mardu Reanimator,Eldrazi Bloodchief Combo,0.0,1,0.0,0.98
Mardu Reanimator,Eldrazi Ramp,0.0,1,0.0,0.98
Mardu Reanimator,Mill,0.0,1,0.0,0.98
Mardu Reanimator,Jeskai Control,0.0,1,0.0,0.98
Mardu Reanimator,Mono Blue Tron,1.0,1,0.02,1.0
Death and Taxes,Boros Energy,1.0,1,0.02,1.0
Death and Taxes,Jeskai Blink,0.33,3,0.01,0.91
Death and Taxes,Amulet Titan,0.33,3,0.01,0.91
Death and Taxes,Izzet Prowess,0.5,2,0.01,0.99
Death and Taxes,Affinity,0.0,2,0.0,0.84
Death and Taxes,Domain Aggro,0.33,3,0.01,0.91
Death and Taxes,Eldrazi Tron,0.0,1,0.0,0.98
Death and Taxes,Ruby Storm,1.0,3,0.29,1.0
Death and Taxes,Mill,0.0,1,0.0,0.98
Esper Control,Boros Energy,0.5,2,0.01,0.99
Esper Control,Jeskai Blink,0.0,2,0.0,0.84
Esper Control,Amulet Titan,1.0,1,0.02,1.0
Esper Control,Izzet Prowess,0.33,3,0.01,0.91
Esper Control,Affinity,0.0,2,0.0,0.84
Esper Control,Esper Reanimator,1.0,1,0.02,1.0
Esper Control,Esper Phelia,0.5,2,0.01,0.99
Esper Control,Eldrazi Tron,0.5,2,0.01,0.99
Esper Control,Tameshi Belcher,1.0,1,0.02,1.0
Esper Control,Simic Ritual,0.0,1,0.0,0.98
Esper Control,Ruby Storm,1.0,1,0.02,1.0
Esper Control,Grixis Reanimator,1.0,1,0.02,1.0
Elementals,Boros Energy,0.0,3,0.0,0.71
Elementals,Jeskai Blink,1.0,1,0.02,1.0
Elementals,Amulet Titan,0.33,3,0.01,0.91
Elementals,Izzet Prowess,0.5,2,0.01,0.99
Elementals,Affinity,1.0,1,0.02,1.0
Elementals,Esper Reanimator,0.5,2,0.01,0.99
Elementals,Domain Aggro,1.0,1,0.02,1.0
Elementals,Esper Phelia,1.0,1,0.02,1.0
Elementals,Eldrazi Tron,0.0,1,0.0,0.98
Elementals,Eldrazi Bloodchief Combo,1.0,1,0.02,1.0
Elementals,Mill,1.0,2,0.16,1.0
Elementals,Living End,0.0,1,0.0,0.98
Dimir Oculus,Boros Energy,1.0,1,0.02,1.0
Dimir Oculus,Jeskai Blink,0.0,1,0.0,0.98
Dimir Oculus,Amulet Titan,1.0,1,0.02,1.0
Dimir Oculus,Izzet Prowess,0.0,1,0.0,0.98
Dimir Oculus,Domain Aggro,0.0,2,0.0,0.84
Dimir Oculus,Esper Phelia,1.0,1,0.02,1.0
Dimir Oculus,Eldrazi Tron,0.33,3,0.01,0.91
Dimir Oculus,Eldrazi Bloodchief Combo,1.0,1,0.02,1.0
Dimir Oculus,Dimir Frog,1.0,1,0.02,1.0
Dimir Oculus,Azorius Blink,0.0,1,0.0,0.98
Dimir Oculus,Mill,1.0,2,0.16,1.0
Dimir Oculus,Mono Blue Tron,0.0,1,0.0,0.98
Dimir Oculus,Hollow One,1.0,1,0.02,1.0
Rakdos Midrange,Boros Energy,0.0,1,0.0,0.98
Rakdos Midrange,Jeskai Blink,0.75,4,0.19,0.99
Rakdos Midrange,Amulet Titan,0.6,5,0.15,0.95
Rakdos Midrange,Izzet Prowess,0.33,3,0.01,0.91
Rakdos Midrange,Esper Reanimator,1.0,1,0.02,1.0
Rakdos Midrange,Azorius Control,1.0,1,0.02,1.0
Rakdos Midrange,Mill,0.5,2,0.01,0.99
Rakdos Midrange,4 Color Ritual,0.0,1,0.0,0.98
Temur Omniscience,Amulet Titan,0.17,6,0.0,0.64
Temur Omniscience,Izzet Prowess,0.5,2,0.01,0.99
Temur Omniscience,Affinity,0.0,1,0.0,0.98
Temur Omniscience,Esper Reanimator,1.0,1,0.02,1.0
Temur Omniscience,Domain Aggro,0.5,2,0.01,0.99
Temur Omniscience,Esper Phelia,0.0,2,0.0,0.84
Temur Omniscience,Eldrazi Tron,1.0,1,0.02,1.0
Temur Omniscience,Tameshi Belcher,1.0,1,0.02,1.0
Temur Omniscience,Ruby Storm,1.0,1,0.02,1.0
Temur Omniscience,Mill,0.0,2,0.0,0.84
Izzet Lutri,Boros Energy,0.0,1,0.0,0.98
Izzet Lutri,Jeskai Blink,0.67,3,0.09,0.99
Izzet Lutri,Amulet Titan,0.67,3,0.09,0.99
Izzet Lutri,Izzet Prowess,0.33,3,0.01,0.91
Izzet Lutri,Affinity,0.5,2,0.01,0.99
Izzet Lutri,Esper Reanimator,1.0,1,0.02,1.0
Izzet Lutri,Simic Ritual,0.0,1,0.0,0.98
Izzet Lutri,Ruby Storm,0.0,1,0.0,0.98
Izzet Lutri,Neoform,1.0,1,0.02,1.0
Izzet Lutri,Dimir Frog,0.0,1,0.0,0.98
Izzet Lutri,Living End,1.0,1,0.02,1.0
Omnath Control,Boros Energy,0.0,1,0.0,0.98
Omnath Control,Jeskai Blink,1.0,1,0.02,1.0
Omnath Control,Amulet Titan,0.4,5,0.05,0.85
Omnath Control,Izzet Prowess,1.0,2,0.16,1.0
Omnath Control,Affinity,1.0,1,0.02,1.0
Omnath Control,Esper Reanimator,0.5,2,0.01,0.99
Omnath Control,Eldrazi Bloodchief Combo,1.0,2,0.16,1.0
Omnath Control,Eldrazi Ramp,0.0,1,0.0,0.98
Omnath Control,Ruby Storm,1.0,1,0.02,1.0
Omnath Control,Azorius Control,0.0,2,0.0,0.84
Omnath Control,Grixis Reanimator,0.0,1,0.0,0.98
Gruul Chord,Boros Energy,1.0,1,0.02,1.0
Gruul Chord,Jeskai Blink,0.75,4,0.19,0.99
Gruul Chord,Izzet Prowess,0.5,4,0.07,0.93
Gruul Chord,Affinity,1.0,2,0.16,1.0
Gruul Chord,Esper Reanimator,0.67,3,0.09,0.99
Gruul Chord,Simic Ritual,0.33,3,0.01,0.91
Gifts Storm,Boros Energy,1.0,1,0.02,1.0
Gifts Storm,Amulet Titan,1.0,1,0.02,1.0
Gifts Storm,Izzet Prowess,0.5,2,0.01,0.99
Gifts Storm,Esper Reanimator,1.0,3,0.29,1.0
Gifts Storm,Domain Aggro,0.33,3,0.01,0.91
Gifts Storm,Esper Phelia,0.0,1,0.0,0.98
Gifts Storm,Tameshi Belcher,0.0,1,0.0,0.98
Gifts Storm,Eldrazi Bloodchief Combo,1.0,1,0.02,1.0
Gifts Storm,Eldrazi Ramp,1.0,1,0.02,1.0
Gifts Storm,Azorius Control,1.0,2,0.16,1.0
Gifts Storm,Dimir Frog,0.0,1,0.0,0.98
Gifts Storm,Samwise Combo,1.0,1,0.02,1.0
Gifts Storm,Grixis Reanimator,0.0,1,0.0,0.98
Temur Prowess,Boros Energy,1.0,1,0.02,1.0
Temur Prowess,Jeskai Blink,1.0,1,0.02,1.0
Temur Prowess,Amulet Titan,0.0,1,0.0,0.98
Temur Prowess,Izzet Prowess,0.33,3,0.01,0.91
Temur Prowess,Affinity,0.33,3,0.01,0.91
Temur Prowess,Esper Reanimator,1.0,1,0.02,1.0
Temur Prowess,Domain Aggro,0.0,1,0.0,0.98
Temur Prowess,Esper Phelia,1.0,1,0.02,1.0
Temur Prowess,Tameshi Belcher,1.0,1,0.02,1.0
Temur Prowess,Neoform,0.0,1,0.0,0.98
Temur Prowess,Mill,1.0,1,0.02,1.0
4 Color Phlage,Boros Energy,0.25,4,0.01,0.81
4 Color Phlage,Jeskai Blink,1.0,1,0.02,1.0
4 Color Phlage,Izzet Prowess,0.0,1,0.0,0.98
4 Color Phlage,Affinity,0.5,4,0.07,0.93
4 Color Phlage,Domain Aggro,0.0,3,0.0,0.71
4 Color Phlage,Esper Phelia,1.0,1,0.02,1.0
4 Color Phlage,Simic Ritual,0.0,1,0.0,0.98
4 Color Phlage,Ruby Storm,1.0,1,0.02,1.0
4 Color Phlage,Azorius Control,0.0,1,0.0,0.98
4 Color Phlage,Mill,0.0,1,0.0,0.98
Mardu Ephemerate,Boros Energy,0.75,4,0.19,0.99
Mardu Ephemerate,Jeskai Blink,0.0,1,0.0,0.98
Mardu Ephemerate,Amulet Titan,0.0,1,0.0,0.98
Mardu Ephemerate,Izzet Prowess,0.0,2,0.0,0.84
Mardu Ephemerate,Affinity,0.0,1,0.0,0.98
Mardu Ephemerate,Domain Aggro,0.5,2,0.01,0.99
Mardu Ephemerate,Eldrazi Tron,0.0,1,0.0,0.98
Mardu Ephemerate,Tameshi Belcher,0.0,1,0.0,0.98
Mardu Ephemerate,Azorius Control,0.0,1,0.0,0.98
Mardu Ephemerate,Neoform,1.0,1,0.02,1.0
Mardu Ephemerate,Mill,0.0,1,0.0,0.98
4 Color Control,Boros Energy,0.0,1,0.0,0.98
4 Color Control,Jeskai Blink,0.67,3,0.09,0.99
4 Color Control,Amulet Titan,1.0,2,0.16,1.0
4 Color Control,Affinity,1.0,1,0.02,1.0
4 Color Control,Domain Aggro,1.0,1,0.02,1.0
4 Color Control,Eldrazi Tron,0.5,2,0.01,0.99
4 Color Control,Eldrazi Bloodchief Combo,1.0,1,0.02,1.0
4 Color Control,Simic Ritual,0.5,2,0.01,0.99
4 Color Control,Dimir Frog,0.0,1,0.0,0.98
4 Color Control,Golgari Yawgmoth,0.0,1,0.0,0.98
Esper Death's Shadow,Boros Energy,0.0,2,0.0,0.84
Esper Death's Shadow,Jeskai Blink,0.0,1,0.0,0.98
Esper Death's Shadow,Amulet Titan,1.0,2,0.16,1.0
Esper Death's Shadow,Affinity,0.0,1,0.0,0.98
Esper Death's Shadow,Domain Aggro,1.0,1,0.02,1.0
Esper Death's Shadow,Esper Phelia,0.0,1,0.0,0.98
Esper Death's Shadow,Eldrazi Bloodchief Combo,1.0,1,0.02,1.0
Esper Death's Shadow,Simic Ritual,1.0,1,0.02,1.0
Esper Death's Shadow,Ruby Storm,1.0,1,0.02,1.0
Esper Death's Shadow,Golgari Yawgmoth,0.0,1,0.0,0.98
Esper Flash,Boros Energy,0.0,1,0.0,0.98
Esper Flash,Jeskai Blink,1.0,1,0.02,1.0
Esper Flash,Amulet Titan,1.0,2,0.16,1.0
Esper Flash,Izzet Prowess,0.5,2,0.01,0.99
Esper Flash,Affinity,1.0,1,0.02,1.0
Esper Flash,Esper Reanimator,0.0,1,0.0,0.98
Esper Flash,Esper Phelia,1.0,1,0.02,1.0
Esper Flash,Simic Ritual,0.5,2,0.01,0.99
Esper Flash,Azorius Blink,0.0,1,0.0,0.98
Esper Flash,Jeskai Control,0.0,1,0.0,0.98
Mono Blue Eldrazi,Boros Energy,0.67,3,0.09,0.99
Mono Blue Eldrazi,Jeskai Blink,0.5,2,0.01,0.99
Mono Blue Eldrazi,Amulet Titan,0.0,1,0.0,0.98
Mono Blue Eldrazi,Esper Reanimator,0.0,2,0.0,0.84
Mono Blue Eldrazi,Tameshi Belcher,1.0,1,0.02,1.0
Mono Blue Eldrazi,Golgari Yawgmoth,0.0,1,0.0,0.98
Mono Blue Eldrazi,4 Color Ritual,1.0,1,0.02,1.0
Grixis Creativity,Amulet Titan,1.0,1,0.02,1.0
Grixis Creativity,Izzet Prowess,0.5,2,0.01,0.99
Grixis Creativity,Affinity,0.75,4,0.19,0.99
Grixis Creativity,Esper Reanimator,1.0,1,0.02,1.0
Grixis Creativity,Simic Ritual,0.0,1,0.0,0.98
Grixis Creativity,Ruby Storm,0.0,1,0.0,0.98
Grixis Creativity,Neoform,0.0,2,0.0,0.84
Grixis Creativity,Azorius Blink,0.0,1,0.0,0.98
Grixis Creativity,Grixis Reanimator,0.0,1,0.0,0.98
Grixis Creativity,Eldrazi Aggro,0.0,1,0.0,0.98
Jeskai Cori-Steel,Boros Energy,0.33,3,0.01,0.91
Jeskai Cori-Steel,Jeskai Blink,0.5,2,0.01,0.99
Jeskai Cori-Steel,Amulet Titan,0.0,1,0.0,0.98
Jeskai Cori-Steel,Izzet Prowess,1.0,2,0.16,1.0
Jeskai Cori-Steel,Domain Aggro,0.0,1,0.0,0.98
Jeskai Cori-Steel,Esper Phelia,1.0,1,0.02,1.0
Jeskai Cori-Steel,Tameshi Belcher,1.0,1,0.02,1.0
Jeskai Cori-Steel,Eldrazi Bloodchief Combo,1.0,2,0.16,1.0
Jeskai Cori-Steel,Eldrazi Ramp,1.0,1,0.02,1.0
Elves,Boros Energy,0.25,4,0.01,0.81
Elves,Jeskai Blink,0.0,1,0.0,0.98
Elves,Esper Reanimator,1.0,1,0.02,1.0
Elves,Eldrazi Bloodchief Combo,0.0,1,0.0,0.98
Elves,Ruby Storm,0.0,1,0.0,0.98
Elves,Neoform,1.0,1,0.02,1.0
Elves,Grixis Reanimator,0.0,1,0.0,0.98
Elves,4 Color Ritual,0.0,1,0.0,0.98
Slivers,Boros Energy,1.0,1,0.02,1.0
Slivers,Amulet Titan,0.0,1,0.0,0.98
Slivers,Izzet Prowess,1.0,1,0.02,1.0
Slivers,Domain Aggro,0.5,2,0.01,0.99
Slivers,Esper Phelia,0.0,1,0.0,0.98
Slivers,Eldrazi Tron,0.0,1,0.0,0.98
Slivers,Tameshi Belcher,0.0,1,0.0,0.98
Slivers,Eldrazi Bloodchief Combo,0.0,1,0.0,0.98
Slivers,Ruby Storm,0.0,1,0.0,0.98
Slivers,Azorius Control,0.0,1,0.0,0.98
Glimpse of Tomorrow,Boros Energy,0.0,2,0.0,0.84
Glimpse of Tomorrow,Izzet Prowess,0.0,1,0.0,0.98
Glimpse of Tomorrow,Affinity,1.0,2,0.16,1.0
Glimpse of Tomorrow,Simic Ritual,0.0,1,0.0,0.98
Glimpse of Tomorrow,Eldrazi Ramp,1.0,1,0.02,1.0
Glimpse of Tomorrow,Ruby Storm,0.5,2,0.01,0.99
Glimpse of Tomorrow,Azorius Control,0.0,1,0.0,0.98
Glimpse of Tomorrow,Azorius Blink,0.0,1,0.0,0.98
Glimpse of Tomorrow,Burn,0.0,1,0.0,0.98
Grixis Lutri,Amulet Titan,0.0,2,0.0,0.84
Grixis Lutri,Izzet Prowess,0.0,1,0.0,0.98
Grixis Lutri,Affinity,0.5,2,0.01,0.99
Grixis Lutri,Esper Reanimator,1.0,2,0.16,1.0
Grixis Lutri,Eldrazi Tron,0.0,1,0.0,0.98
Grixis Lutri,Azorius Control,1.0,1,0.02,1.0
Grixis Lutri,Dimir Frog,0.5,2,0.01,0.99
Grixis Lutri,Azorius Blink,0.0,1,0.0,0.98
Asmo Food,Boros Energy,0.0,1,0.0,0.98
Asmo Food,Amulet Titan,0.5,2,0.01,0.99
Asmo Food,Affinity,0.0,1,0.0,0.98
Asmo Food,Esper Reanimator,0.5,2,0.01,0.99
Asmo Food,Eldrazi Tron,0.0,1,0.0,0.98
Asmo Food,Eldrazi Bloodchief Combo,1.0,1,0.02,1.0
Asmo Food,Ruby Storm,0.0,1,0.0,0.98
Asmo Food,Azorius Control,0.0,1,0.0,0.98
Asmo Food,Jeskai Control,0.0,1,0.0,0.98
Asmo Food,Hollow One,1.0,1,0.02,1.0
Colorless Eldrazi,Boros Energy,1.0,1,0.02,1.0
Colorless Eldrazi,Jeskai Blink,0.0,2,0.0,0.84
Colorless Eldrazi,Affinity,0.75,4,0.19,0.99
Colorless Eldrazi,Esper Reanimator,1.0,3,0.29,1.0
Colorless Eldrazi,Eldrazi Bloodchief Combo,1.0,1,0.02,1.0
Colorless Eldrazi,Eldrazi Aggro,0.0,1,0.0,0.98
Domain Living End,Boros Energy,0.5,4,0.07,0.93
Domain Living End,Jeskai Blink,1.0,2,0.16,1.0
Domain Living End,Amulet Titan,0.5,2,0.01,0.99
Domain Living End,Esper Phelia,1.0,2,0.16,1.0
Domain Living End,Simic Ritual,0.0,1,0.0,0.98
Domain Living End,Eldrazi Ramp,1.0,1,0.02,1.0
Domain Living End,Samwise Combo,1.0,1,0.02,1.0
Jund Midrange,Amulet Titan,0.0,2,0.0,0.84
Jund Midrange,Izzet Prowess,0.5,2,0.01,0.99
Jund Midrange,Esper Reanimator,0.0,1,0.0,0.98
Jund Midrange,Domain Aggro,1.0,1,0.02,1.0
Jund Midrange,Esper Phelia,0.0,1,0.0,0.98
Jund Midrange,Eldrazi Tron,0.0,1,0.0,0.98
Jund Midrange,Simic Ritual,0.0,1,0.0,0.98
Jund Midrange,Azorius Control,1.0,1,0.02,1.0
Dimir Death's Shadow,Boros Energy,0.0,1,0.0,0.98
Dimir Death's Shadow,Esper Reanimator,0.0,1,0.0,0.98
Dimir Death's Shadow,Eldrazi Tron,0.0,2,0.0,0.84
Dimir Death's Shadow,Dimir Frog,0.0,1,0.0,0.98
Dimir Death's Shadow,Azorius Blink,1.0,1,0.02,1.0
Dimir Death's Shadow,Hollow One,1.0,1,0.02,1.0
Vizier,Boros Energy,0.0,1,0.0,0.98
Vizier,Jeskai Blink,0.0,1,0.0,0.98
Vizier,Izzet Prowess,0.0,1,0.0,0.98
Vizier,Affinity,1.0,1,0.02,1.0
Vizier,Eldrazi Tron,0.0,1,0.0,0.98
Vizier,Eldrazi Ramp,0.0,1,0.0,0.98
Vizier,Dimir Frog,1.0,1,0.02,1.0
Vizier,Living End,1.0,1,0.02,1.0
Vizier,Burn,0.0,1,0.0,0.98
Golgari Coffers,Jeskai Blink,1.0,1,0.02,1.0
Golgari Coffers,Affinity,0.25,4,0.01,0.81
Golgari Coffers,Esper Reanimator,0.5,2,0.01,0.99
Golgari Coffers,Domain Aggro,0.0,1,0.0,0.98
Golgari Coffers,Esper Phelia,1.0,1,0.02,1.0
Golgari Coffers,Eldrazi Bloodchief Combo,0.0,1,0.0,0.98
Golgari Coffers,Ruby Storm,0.0,1,0.0,0.98
GW Auras,Amulet Titan,0.0,1,0.0,0.98
GW Auras,Izzet Prowess,0.0,2,0.0,0.84
GW Auras,Affinity,0.0,2,0.0,0.84
GW Auras,Esper Phelia,0.0,1,0.0,0.98
GW Auras,Mill,0.0,1,0.0,0.98
GW Auras,Jeskai Control,0.0,1,0.0,0.98
GW Auras,Burn,1.0,1,0.02,1.0
Mardu Control,Boros Energy,0.0,1,0.0,0.98
Mardu Control,Izzet Prowess,1.0,1,0.02,1.0
Mardu Control,Affinity,1.0,1,0.02,1.0
Mardu Control,Esper Phelia,0.0,1,0.0,0.98
Mardu Control,Simic Ritual,0.0,1,0.0,0.98
Mardu Control,Samwise Combo,1.0,1,0.02,1.0
Mardu Control,4 Color Ritual,1.0,1,0.02,1.0
Mardu Control,Burn,1.0,1,0.02,1.0
Mono Black Coffers,Jeskai Blink,0.0,1,0.0,0.98
Mono Black Coffers,Amulet Titan,0.0,2,0.0,0.84
Mono Black Coffers,Affinity,1.0,3,0.29,1.0
Mono Black Coffers,Esper Reanimator,1.0,1,0.02,1.0
Mono Black Coffers,Domain Aggro,1.0,1,0.02,1.0
Mono Black Coffers,Eldrazi Tron,0.0,1,0.0,0.98
Mono Black Coffers,Eldrazi Bloodchief Combo,0.0,1,0.0,0.98
Prison Tron,Boros Energy,0.0,1,0.0,0.98
Prison Tron,Amulet Titan,0.0,1,0.0,0.98
Prison Tron,Affinity,0.0,1,0.0,0.98
Prison Tron,Esper Reanimator,0.0,1,0.0,0.98
Prison Tron,Azorius Control,0.67,3,0.09,0.99
Phoenix Red,Jeskai Blink,0.0,1,0.0,0.98
Phoenix Red,Izzet Prowess,0.0,1,0.0,0.98
Phoenix Red,Affinity,0.0,1,0.0,0.98
Phoenix Red,Esper Reanimator,0.0,1,0.0,0.98
Phoenix Red,Domain Aggro,0.0,1,0.0,0.98
Phoenix Red,Eldrazi Tron,1.0,1,0.02,1.0
Phoenix Red,Eldrazi Bloodchief Combo,1.0,1,0.02,1.0
Phoenix Red,Azorius Blink,0.0,1,0.0,0.98
Phoenix Red,Eldrazi Aggro,0.0,1,0.0,0.98
Naya Aggro,Boros Energy,1.0,1,0.02,1.0
Naya Aggro,Jeskai Blink,1.0,1,0.02,1.0
Naya Aggro,Izzet Prowess,0.0,2,0.0,0.84
Naya Aggro,Affinity,0.0,2,0.0,0.84
Naya Aggro,Domain Aggro,0.0,1,0.0,0.98
Naya Aggro,Simic Ritual,1.0,1,0.02,1.0
Naya Aggro,Eldrazi Ramp,0.0,1,0.0,0.98
Mardu Land Destruction,Boros Energy,1.0,1,0.02,1.0
Mardu Land Destruction,Jeskai Blink,0.0,1,0.0,0.98
Mardu Land Destruction,Affinity,0.0,1,0.0,0.98
Mardu Land Destruction,Esper Reanimator,0.0,1,0.0,0.98
Mardu Land Destruction,Domain Aggro,0.5,2,0.01,0.99
Mardu Land Destruction,Esper Phelia,0.0,1,0.0,0.98
Mardu Land Destruction,Simic Ritual,0.0,1,0.0,0.98
Mystic Tron,Amulet Titan,0.5,2,0.01,0.99
Mystic Tron,Affinity,0.5,2,0.01,0.99
Mystic Tron,Esper Reanimator,1.0,1,0.02,1.0
Mystic Tron,Eldrazi Ramp,1.0,1,0.02,1.0
Mystic Tron,Samwise Combo,0.0,1,0.0,0.98
Mystic Tron,Living End,1.0,1,0.02,1.0
Thud Combo,Amulet Titan,1.0,1,0.02,1.0
Thud Combo,Izzet Prowess,1.0,1,0.02,1.0
Thud Combo,Affinity,1.0,1,0.02,1.0
Thud Combo,Domain Aggro,0.0,3,0.0,0.71
Thud Combo,Eldrazi Ramp,0.0,1,0.0,0.98
Thud Combo,Mill,1.0,1,0.02,1.0
Thud Combo,Burn,0.0,1,0.0,0.98
Titan Valakut,Amulet Titan,1.0,1,0.02,1.0
Titan Valakut,Domain Aggro,0.0,2,0.0,0.84
Titan Valakut,Eldrazi Tron,0.0,1,0.0,0.98
Titan Valakut,Dimir Frog,0.0,1,0.0,0.98
Temur Scapeshift,Boros Energy,0.5,2,0.01,0.99
Temur Scapeshift,Izzet Prowess,0.0,1,0.0,0.98
Temur Scapeshift,Esper Reanimator,0.0,2,0.0,0.84
Temur Scapeshift,Esper Phelia,1.0,2,0.16,1.0
Temur Scapeshift,Tameshi Belcher,1.0,1,0.02,1.0
Grixis Pyromancer,Jeskai Blink,1.0,2,0.16,1.0
Grixis Pyromancer,Izzet Prowess,0.0,1,0.0,0.98
Grixis Pyromancer,Affinity,0.5,4,0.07,0.93
Grixis Pyromancer,Ruby Storm,1.0,1,0.02,1.0
Mono White Ephemerate,Jeskai Blink,0.0,4,0.0,0.6
Mono White Ephemerate,Amulet Titan,0.0,1,0.0,0.98
Mono White Ephemerate,Izzet Prowess,1.0,1,0.02,1.0
Mono White Ephemerate,Eldrazi Tron,0.0,1,0.0,0.98
Mono White Ephemerate,Ruby Storm,1.0,1,0.02,1.0
Calibrated Blast,Boros Energy,0.0,1,0.0,0.98
Calibrated Blast,Amulet Titan,0.0,1,0.0,0.98
Calibrated Blast,Affinity,0.0,1,0.0,0.98
Calibrated Blast,Esper Reanimator,0.0,1,0.0,0.98
Calibrated Blast,Domain Aggro,0.0,1,0.0,0.98
Calibrated Blast,Simic Ritual,0.5,2,0.01,0.99
Calibrated Blast,Azorius Blink,1.0,1,0.02,1.0
Azorius Flash,Boros Energy,0.0,3,0.0,0.71
Azorius Flash,Amulet Titan,1.0,1,0.02,1.0
Azorius Flash,Izzet Prowess,0.5,2,0.01,0.99
Azorius Flash,Affinity,0.0,1,0.0,0.98
Azorius Flash,Domain Aggro,1.0,1,0.02,1.0
Thopter Control,Jeskai Blink,0.0,1,0.0,0.98
Thopter Control,Amulet Titan,1.0,1,0.02,1.0
Thopter Control,Esper Reanimator,0.0,2,0.0,0.84
Thopter Control,Tameshi Belcher,1.0,1,0.02,1.0
Thopter Control,Eldrazi Bloodchief Combo,0.5,2,0.01,0.99
Thopter Control,Golgari Yawgmoth,0.0,1,0.0,0.98
Gruul Karn,Amulet Titan,0.67,3,0.09,0.99
Gruul Karn,Esper Reanimator,0.5,2,0.01,0.99
Gruul Karn,Domain Aggro,1.0,1,0.02,1.0
Gruul Karn,Eldrazi Bloodchief Combo,1.0,1,0.02,1.0
Gruul Karn,Azorius Control,0.0,1,0.0,0.98
Inti's Cookbook,Amulet Titan,0.67,3,0.09,0.99
Inti's Cookbook,Affinity,0.0,1,0.0,0.98
Inti's Cookbook,Domain Aggro,0.0,1,0.0,0.98
Inti's Cookbook,Esper Phelia,0.0,1,0.0,0.98
Inti's Cookbook,Eldrazi Ramp,1.0,1,0.02,1.0
Esper Ketramose Frog,Boros Energy,1.0,1,0.02,1.0
Esper Ketramose Frog,Jeskai Blink,0.5,2,0.01,0.99
Esper Ketramose Frog,Amulet Titan,1.0,1,0.02,1.0
Esper Ketramose Frog,Izzet Prowess,0.0,1,0.0,0.98
Esper Ketramose Frog,Azorius Control,0.0,1,0.0,0.98
Grixis Weapons,Jeskai Blink,1.0,1,0.02,1.0
Grixis Weapons,Izzet Prowess,0.0,1,0.0,0.98
Grixis Weapons,Esper Reanimator,0.0,2,0.0,0.84
Oops! All Spells,Amulet Titan,0.0,1,0.0,0.98
Oops! All Spells,Esper Reanimator,1.0,1,0.02,1.0
Oops! All Spells,Domain Aggro,0.0,1,0.0,0.98
Oops! All Spells,Eldrazi Tron,0.0,1,0.0,0.98
Oops! All Spells,Tameshi Belcher,0.0,1,0.0,0.98
Oops! All Spells,Eldrazi Bloodchief Combo,1.0,1,0.02,1.0
Bring to Light,Jeskai Blink,1.0,1,0.02,1.0
Bring to Light,Izzet Prowess,0.0,1,0.0,0.98
Bring to Light,Affinity,1.0,1,0.02,1.0
Bring to Light,Esper Phelia,0.0,2,0.0,0.84
Rakdos Waste Not,Jeskai Blink,0.0,1,0.0,0.98
Rakdos Waste Not,Amulet Titan,1.0,1,0.02,1.0
Rakdos Waste Not,Izzet Prowess,0.5,2,0.01,0.99
Rakdos Waste Not,Domain Aggro,0.0,1,0.0,0.98
Rakdos Waste Not,Grixis Reanimator,0.0,1,0.0,0.98
Gruul Ponza,Boros Energy,0.0,3,0.0,0.71
Gruul Ponza,Jeskai Blink,0.0,1,0.0,0.98
Gruul Ponza,Amulet Titan,1.0,1,0.02,1.0
Gruul Ponza,Affinity,0.0,1,0.0,0.98
Titanless Amulet,Boros Energy,0.0,1,0.0,0.98
Titanless Amulet,Jeskai Blink,1.0,2,0.16,1.0
Titanless Amulet,Esper Reanimator,1.0,1,0.02,1.0
Titanless Amulet,Tameshi Belcher,0.0,1,0.0,0.98
Titanless Amulet,Simic Ritual,0.0,1,0.0,0.98
Titanless Amulet,Ruby Storm,0.0,1,0.0,0.98
Spirits,Esper Reanimator,1.0,1,0.02,1.0
Spirits,Domain Aggro,0.0,1,0.0,0.98
Spirits,Eldrazi Tron,0.0,1,0.0,0.98
Spirits,Samwise Combo,0.0,1,0.0,0.98
Spirits,Mono Blue Tron,0.0,1,0.0,0.98
Saheeli Combo,Boros Energy,0.0,1,0.0,0.98
Saheeli Combo,Amulet Titan,0.0,1,0.0,0.98
Saheeli Combo,Esper Phelia,1.0,1,0.02,1.0
Saheeli Combo,Grixis Reanimator,0.0,1,0.0,0.98
Saheeli Combo,Hollow One,1.0,1,0.02,1.0
Mono Blue Tempo,Boros Energy,0.0,1,0.0,0.98
Mono Blue Tempo,Jeskai Blink,0.0,1,0.0,0.98
Mono Blue Tempo,Amulet Titan,0.0,1,0.0,0.98
Mono Blue Tempo,Esper Reanimator,0.0,1,0.0,0.98
Mono Blue Tempo,Ruby Storm,0.0,1,0.0,0.98
Izzet Energy,Amulet Titan,0.0,1,0.0,0.98
Izzet Energy,Izzet Prowess,1.0,2,0.16,1.0
Izzet Energy,Eldrazi Ramp,1.0,1,0.02,1.0
Izzet Energy,Grixis Reanimator,1.0,1,0.02,1.0
Mardu Blink,Jeskai Blink,0.5,2,0.01,0.99
Mardu Blink,Izzet Prowess,1.0,1,0.02,1.0
Mardu Blink,Eldrazi Bloodchief Combo,1.0,1,0.02,1.0
Mardu Blink,Simic Ritual,0.0,1,0.0,0.98
Mardu Blink,Ruby Storm,0.0,1,0.0,0.98
4 Color Ephemerate,Boros Energy,0.0,1,0.0,0.98
4 Color Ephemerate,Ruby Storm,0.0,1,0.0,0.98
4 Color Ephemerate,Dimir Frog,0.0,1,0.0,0.98
4 Color Ephemerate,Azorius Blink,1.0,1,0.02,1.0
4 Color Ephemerate,Living End,1.0,1,0.02,1.0
Temur Weapons,Izzet Prowess,0.0,2,0.0,0.84
Temur Weapons,Domain Aggro,1.0,1,0.02,1.0
Temur Weapons,Esper Phelia,0.0,1,0.0,0.98
Temur Weapons,Golgari Yawgmoth,0.0,1,0.0,0.98
Izzet Shapeshifters,Jeskai Blink,0.0,1,0.0,0.98
Izzet Shapeshifters,Izzet Prowess,0.0,1,0.0,0.98
Izzet Shapeshifters,Simic Ritual,1.0,1,0.02,1.0
Izzet Shapeshifters,Living End,0.0,1,0.0,0.98
Naya Ephemerate,Jeskai Blink,1.0,1,0.02,1.0
Naya Ephemerate,Affinity,0.0,1,0.0,0.98
Naya Ephemerate,Eldrazi Tron,0.0,2,0.0,0.84
Naya Ephemerate,Tameshi Belcher,1.0,1,0.02,1.0
Grixis Tempo,Boros Energy,0.0,2,0.0,0.84
Grixis Tempo,Amulet Titan,0.0,1,0.0,0.98
Grixis Tempo,Simic Ritual,1.0,1,0.02,1.0
Azorius Artifacts,Boros Energy,0.0,1,0.0,0.98
Azorius Artifacts,Affinity,1.0,2,0.16,1.0
Azorius Artifacts,Grixis Reanimator,0.0,1,0.0,0.98
Azorius Artifacts,Mono Blue Tron,1.0,1,0.02,1.0
Mardu Burn,Amulet Titan,0.0,1,0.0,0.98
Mardu Burn,Affinity,0.0,1,0.0,0.98
Mardu Burn,Domain Aggro,0.0,1,0.0,0.98
Mardu Burn,Esper Phelia,1.0,1,0.02,1.0
Mardu Burn,Burn,0.0,1,0.0,0.98
Rakdos Pyromancer,Amulet Titan,1.0,1,0.02,1.0
Rakdos Pyromancer,Ruby Storm,0.0,1,0.0,0.98
Rakdos Pyromancer,Jeskai Control,1.0,1,0.02,1.0
Bant Reclamation,Jeskai Blink,0.0,1,0.0,0.98
Bant Reclamation,Affinity,1.0,1,0.02,1.0
Bant Reclamation,Esper Reanimator,0.0,1,0.0,0.98
Bant Reclamation,Jeskai Control,0.0,1,0.0,0.98
GW Midrange,Ruby Storm,0.0,1,0.0,0.98
GW Midrange,Azorius Blink,0.0,1,0.0,0.98
Through the Breach,Jeskai Blink,0.0,1,0.0,0.98
Through the Breach,Amulet Titan,1.0,1,0.02,1.0
Through the Breach,Simic Ritual,0.0,1,0.0,0.98
Through the Breach,Golgari Yawgmoth,1.0,1,0.02,1.0
Mono Red Lutri,Amulet Titan,1.0,1,0.02,1.0
Mono Red Lutri,Esper Reanimator,0.0,1,0.0,0.98
Mono Red Lutri,Eldrazi Tron,1.0,1,0.02,1.0
Mono Red Lutri,Eldrazi Bloodchief Combo,0.0,1,0.0,0.98
Mono Blue Turns,Affinity,1.0,1,0.02,1.0
Mono Blue Turns,Esper Reanimator,0.0,1,0.0,0.98
Mono Blue Turns,Domain Aggro,0.0,1,0.0,0.98
Timeless Amulet,Izzet Prowess,1.0,1,0.02,1.0
Mono Black Cookbook,Tameshi Belcher,0.0,1,0.0,0.98
Mono Black Cookbook,Simic Ritual,1.0,1,0.02,1.0
Mono Black Cookbook,Neoform,0.0,1,0.0,0.98
