a,b,winrate_a_vs_b,matches,ci_low,ci_high
Izzet Lessons,Izzet Lessons,0.5,884,0.47,0.53
Izzet Lessons,Simic Rhythm,0.5,802,0.47,0.54
Izzet Lessons,Dimir Midrange,0.53,500,0.49,0.58
Izzet Lessons,Mono Green Landfall,0.45,374,0.4,0.5
Izzet Lessons,Jeskai Control,0.57,378,0.52,0.62
Izzet Lessons,Sultai Reanimator,0.47,286,0.41,0.53
Izzet Lessons,Izzet Elementals,0.51,217,0.44,0.58
Izzet Lessons,Mono-Red Aggro,0.42,222,0.36,0.49
Izzet Lessons,Bant Airbending,0.48,226,0.41,0.55
Izzet Lessons,Dimir Excruciator,0.6,187,0.53,0.67
Izzet Lessons,Azorius Flash,0.38,159,0.3,0.46
Izzet Lessons,Izzet Prowess,0.46,115,0.37,0.56
Izzet Lessons,Boros Dragons,0.58,110,0.48,0.68
Izzet Lessons,Izzet Looting,0.41,126,0.33,0.5
Izzet Lessons,Boros Burn,0.52,115,0.43,0.62
Izzet Lessons,Temur Landfall,0.42,73,0.31,0.55
Izzet Lessons,Azorius Control,0.65,80,0.54,0.75
Izzet Lessons,4 Color Rhythm,0.45,31,0.27,0.64
Izzet Lessons,Selesnya Landfall,0.45,95,0.35,0.56
Izzet Lessons,Izzet Splash,0.53,59,0.39,0.66
Izzet Lessons,Golgari Ouroboroid,0.46,70,0.34,0.58
Izzet Lessons,4 Color Control,0.69,58,0.55,0.8
Izzet Lessons,Grixis Elementals,0.37,49,0.23,0.52
Izzet Lessons,Rakdos Monument,0.62,47,0.46,0.75
Izzet Lessons,Allies,0.48,52,0.34,0.62
Izzet Lessons,Jeskai Artifacts,0.6,45,0.44,0.74
Izzet Lessons,Simic Omniscience,0.69,35,0.51,0.83
Izzet Lessons,Temur Ouroboroid,0.68,38,0.51,0.82
Izzet Lessons,Temur Lessons,0.39,31,0.22,0.58
Simic Rhythm,Izzet Lessons,0.5,802,0.46,0.53
Simic Rhythm,Simic Rhythm,0.5,712,0.46,0.54
Simic Rhythm,Dimir Midrange,0.58,408,0.53,0.63
Simic Rhythm,Mono Green Landfall,0.66,298,0.6,0.71
Simic Rhythm,Jeskai Control,0.4,378,0.35,0.46
Simic Rhythm,Sultai Reanimator,0.62,299,0.56,0.67
Simic Rhythm,Izzet Elementals,0.26,137,0.18,0.34
Simic Rhythm,Mono-Red Aggro,0.47,198,0.4,0.54
Simic Rhythm,Bant Airbending,0.44,185,0.37,0.52
Simic Rhythm,Dimir Excruciator,0.45,104,0.35,0.55
Simic Rhythm,Azorius Flash,0.42,89,0.31,0.53
Simic Rhythm,Izzet Prowess,0.36,96,0.27,0.47
Simic Rhythm,Boros Dragons,0.32,65,0.21,0.45
Simic Rhythm,Izzet Looting,0.61,117,0.51,0.7
Simic Rhythm,Boros Burn,0.56,103,0.46,0.66
Simic Rhythm,Temur Landfall,0.36,42,0.22,0.52
Simic Rhythm,Azorius Control,0.31,67,0.21,0.44
Simic Rhythm,4 Color Rhythm,0.39,70,0.27,0.51
Simic Rhythm,Selesnya Landfall,0.6,77,0.48,0.71
Simic Rhythm,Izzet Splash,0.54,68,0.42,0.67
Simic Rhythm,Golgari Ouroboroid,0.64,45,0.49,0.78
Simic Rhythm,4 Color Control,0.47,58,0.33,0.6
Simic Rhythm,Grixis Elementals,0.3,20,0.12,0.54
Simic Rhythm,Rakdos Monument,0.78,27,0.58,0.91
Simic Rhythm,Allies,0.68,62,0.55,0.79
Simic Rhythm,Jeskai Artifacts,0.64,44,0.48,0.78
Simic Rhythm,Simic Omniscience,0.74,38,0.57,0.87
Simic Rhythm,Temur Ouroboroid,0.44,36,0.28,0.62
Simic Rhythm,Temur Lessons,0.49,37,0.32,0.66
Dimir Midrange,Izzet Lessons,0.47,500,0.42,0.51
Dimir Midrange,Simic Rhythm,0.42,408,0.37,0.47
Dimir Midrange,Dimir Midrange,0.5,276,0.44,0.56
Dimir Midrange,Mono Green Landfall,0.43,216,0.36,0.49
Dimir Midrange,Jeskai Control,0.59,228,0.52,0.65
Dimir Midrange,Sultai Reanimator,0.58,151,0.49,0.66
Dimir Midrange,Izzet Elementals,0.58,108,0.48,0.68
Dimir Midrange,Mono-Red Aggro,0.42,139,0.34,0.51
Dimir Midrange,Bant Airbending,0.43,99,0.33,0.54
Dimir Midrange,Dimir Excruciator,0.61,122,0.51,0.69
Dimir Midrange,Azorius Flash,0.61,75,0.49,0.72
Dimir Midrange,Izzet Prowess,0.46,85,0.35,0.57
Dimir Midrange,Boros Dragons,0.36,56,0.23,0.5
Dimir Midrange,Izzet Looting,0.49,76,0.37,0.6
Dimir Midrange,Boros Burn,0.47,58,0.33,0.6
Dimir Midrange,Temur Landfall,0.7,46,0.54,0.82
Dimir Midrange,Azorius Control,0.58,52,0.43,0.71
Dimir Midrange,4 Color Rhythm,0.4,35,0.24,0.58
Dimir Midrange,Selesnya Landfall,0.65,51,0.5,0.78
Dimir Midrange,Izzet Splash,0.56,43,0.4,0.71
Dimir Midrange,Golgari Ouroboroid,0.31,36,0.16,0.48
Dimir Midrange,4 Color Control,0.45,40,0.29,0.62
Dimir Midrange,Grixis Elementals,0.59,22,0.36,0.79
Dimir Midrange,Rakdos Monument,0.54,24,0.33,0.74
Dimir Midrange,Allies,0.52,27,0.32,0.71
Dimir Midrange,Jeskai Artifacts,0.68,37,0.5,0.82
Dimir Midrange,Simic Omniscience,0.69,29,0.49,0.85
Dimir Midrange,Temur Ouroboroid,0.26,23,0.1,0.48
Dimir Midrange,Temur Lessons,0.18,22,0.05,0.4
Mono Green Landfall,Izzet Lessons,0.55,374,0.5,0.6
Mono Green Landfall,Simic Rhythm,0.34,298,0.29,0.4
Mono Green Landfall,Dimir Midrange,0.57,216,0.51,0.64
Mono Green Landfall,Mono Green Landfall,0.5,254,0.44,0.56
Mono Green Landfall,Jeskai Control,0.76,155,0.69,0.83
Mono Green Landfall,Sultai Reanimator,0.6,96,0.5,0.7
Mono Green Landfall,Izzet Elementals,0.57,196,0.49,0.64
Mono Green Landfall,Mono-Red Aggro,0.7,115,0.61,0.79
Mono Green Landfall,Bant Airbending,0.37,81,0.27,0.48
Mono Green Landfall,Dimir Excruciator,0.64,148,0.55,0.71
Mono Green Landfall,Azorius Flash,0.66,112,0.57,0.75
Mono Green Landfall,Izzet Prowess,0.49,116,0.4,0.59
Mono Green Landfall,Boros Dragons,0.55,77,0.43,0.66
Mono Green Landfall,Izzet Looting,0.61,28,0.41,0.78
Mono Green Landfall,Boros Burn,0.41,34,0.25,0.59
Mono Green Landfall,Temur Landfall,0.54,52,0.39,0.68
Mono Green Landfall,Azorius Control,0.79,29,0.6,0.92
Mono Green Landfall,4 Color Rhythm,0.29,21,0.11,0.52
Mono Green Landfall,Selesnya Landfall,0.66,29,0.46,0.82
Mono Green Landfall,Izzet Splash,0.68,34,0.49,0.83
Mono Green Landfall,Golgari Ouroboroid,0.41,22,0.21,0.64
Mono Green Landfall,4 Color Control,0.69,32,0.5,0.84
Mono Green Landfall,Grixis Elementals,0.65,37,0.47,0.8
Mono Green Landfall,Rakdos Monument,0.6,30,0.41,0.77
Mono Green Landfall,Allies,0.71,14,0.42,0.92
Mono Green Landfall,Jeskai Artifacts,0.73,15,0.45,0.92
Mono Green Landfall,Simic Omniscience,0.5,20,0.27,0.73
Mono Green Landfall,Temur Ouroboroid,0.43,14,0.18,0.71
Mono Green Landfall,Temur Lessons,0.42,12,0.15,0.72
Jeskai Control,Izzet Lessons,0.43,378,0.38,0.48
Jeskai Control,Simic Rhythm,0.6,378,0.54,0.65
Jeskai Control,Dimir Midrange,0.41,228,0.35,0.48
Jeskai Control,Mono Green Landfall,0.24,155,0.17,0.31
Jeskai Control,Jeskai Control,0.5,242,0.44,0.56
Jeskai Control,Sultai Reanimator,0.53,150,0.45,0.62
Jeskai Control,Izzet Elementals,0.43,61,0.3,0.56
Jeskai Control,Mono-Red Aggro,0.48,98,0.38,0.58
Jeskai Control,Bant Airbending,0.5,105,0.41,0.6
Jeskai Control,Dimir Excruciator,0.28,43,0.15,0.44
Jeskai Control,Azorius Flash,0.37,57,0.24,0.51
Jeskai Control,Izzet Prowess,0.45,47,0.3,0.6
Jeskai Control,Boros Dragons,0.47,38,0.31,0.64
Jeskai Control,Izzet Looting,0.56,75,0.44,0.67
Jeskai Control,Boros Burn,0.63,62,0.5,0.75
Jeskai Control,Temur Landfall,0.25,16,0.07,0.52
Jeskai Control,Azorius Control,0.45,42,0.3,0.61
Jeskai Control,4 Color Rhythm,0.7,23,0.47,0.87
Jeskai Control,Selesnya Landfall,0.4,43,0.25,0.56
Jeskai Control,Izzet Splash,0.53,40,0.36,0.68
Jeskai Control,Golgari Ouroboroid,0.61,38,0.43,0.76
Jeskai Control,4 Color Control,0.41,27,0.22,0.61
Jeskai Control,Grixis Elementals,0.54,13,0.25,0.81
Jeskai Control,Rakdos Monument,0.29,21,0.11,0.52
Jeskai Control,Allies,0.52,29,0.33,0.71
Jeskai Control,Jeskai Artifacts,0.78,27,0.58,0.91
Jeskai Control,Simic Omniscience,0.3,23,0.13,0.53
Jeskai Control,Temur Ouroboroid,0.56,16,0.3,0.8
Jeskai Control,Temur Lessons,0.45,22,0.24,0.68
Sultai Reanimator,Izzet Lessons,0.53,286,0.47,0.59
Sultai Reanimator,Simic Rhythm,0.38,299,0.33,0.44
Sultai Reanimator,Dimir Midrange,0.42,151,0.34,0.51
Sultai Reanimator,Mono Green Landfall,0.4,96,0.3,0.5
Sultai Reanimator,Jeskai Control,0.47,150,0.38,0.55
Sultai Reanimator,Sultai Reanimator,0.5,146,0.42,0.58
Sultai Reanimator,Izzet Elementals,0.45,55,0.32,0.59
Sultai Reanimator,Mono-Red Aggro,0.6,101,0.5,0.7
Sultai Reanimator,Bant Airbending,0.37,126,0.29,0.46
Sultai Reanimator,Dimir Excruciator,0.22,36,0.1,0.39
Sultai Reanimator,Azorius Flash,0.55,42,0.39,0.7
Sultai Reanimator,Izzet Prowess,0.51,51,0.37,0.65
Sultai Reanimator,Boros Dragons,0.58,24,0.37,0.78
Sultai Reanimator,Izzet Looting,0.57,49,0.42,0.71
Sultai Reanimator,Boros Burn,0.51,63,0.38,0.64
Sultai Reanimator,Temur Landfall,0.31,16,0.11,0.59
Sultai Reanimator,Azorius Control,0.53,34,0.35,0.7
Sultai Reanimator,4 Color Rhythm,0.4,47,0.26,0.56
Sultai Reanimator,Selesnya Landfall,0.5,30,0.31,0.69
Sultai Reanimator,Izzet Splash,0.44,36,0.28,0.62
Sultai Reanimator,Golgari Ouroboroid,0.61,33,0.42,0.77
Sultai Reanimator,4 Color Control,0.35,17,0.14,0.62
Sultai Reanimator,Grixis Elementals,0.36,11,0.11,0.69
Sultai Reanimator,Rakdos Monument,0.6,10,0.26,0.88
Sultai Reanimator,Allies,0.41,29,0.24,0.61
Sultai Reanimator,Jeskai Artifacts,0.6,20,0.36,0.81
Sultai Reanimator,Simic Omniscience,0.44,18,0.22,0.69
Sultai Reanimator,Temur Ouroboroid,0.4,10,0.12,0.74
Sultai Reanimator,Temur Lessons,0.56,18,0.31,0.78
Izzet Elementals,Izzet Lessons,0.49,217,0.42,0.56
Izzet Elementals,Simic Rhythm,0.74,137,0.66,0.82
Izzet Elementals,Dimir Midrange,0.42,108,0.32,0.52
Izzet Elementals,Mono Green Landfall,0.43,196,0.36,0.51
Izzet Elementals,Jeskai Control,0.57,61,0.44,0.7
Izzet Elementals,Sultai Reanimator,0.55,55,0.41,0.68
Izzet Elementals,Izzet Elementals,0.5,130,0.41,0.59
Izzet Elementals,Mono-Red Aggro,0.57,46,0.41,0.71
Izzet Elementals,Bant Airbending,0.59,44,0.43,0.74
Izzet Elementals,Dimir Excruciator,0.43,114,0.34,0.53
Izzet Elementals,Azorius Flash,0.59,75,0.47,0.7
Izzet Elementals,Izzet Prowess,0.57,81,0.45,0.68
Izzet Elementals,Boros Dragons,0.53,62,0.4,0.66
Izzet Elementals,Izzet Looting,0.33,3,0.01,0.91
Izzet Elementals,Boros Burn,0.71,7,0.29,0.96
Izzet Elementals,Temur Landfall,0.58,57,0.44,0.71
Izzet Elementals,Azorius Control,0.47,17,0.23,0.72
Izzet Elementals,4 Color Rhythm,0.9,40,0.76,0.97
Izzet Elementals,Selesnya Landfall,0.55,11,0.23,0.83
Izzet Elementals,Izzet Splash,0.48,21,0.26,0.7
Izzet Elementals,Golgari Ouroboroid,0.8,5,0.28,0.99
Izzet Elementals,4 Color Control,0.63,19,0.38,0.84
Izzet Elementals,Grixis Elementals,0.41,29,0.24,0.61
Izzet Elementals,Rakdos Monument,0.58,26,0.37,0.77
Izzet Elementals,Allies,0.5,2,0.01,0.99
Izzet Elementals,Jeskai Artifacts,0.67,6,0.22,0.96
Izzet Elementals,Simic Omniscience,0.42,12,0.15,0.72
Izzet Elementals,Temur Ouroboroid,0.69,16,0.41,0.89
Izzet Elementals,Temur Lessons,0.0,1,0.0,0.98
Mono-Red Aggro,Izzet Lessons,0.58,222,0.51,0.64
Mono-Red Aggro,Simic Rhythm,0.53,198,0.46,0.6
Mono-Red Aggro,Dimir Midrange,0.58,139,0.49,0.66
Mono-Red Aggro,Mono Green Landfall,0.3,115,0.21,0.39
Mono-Red Aggro,Jeskai Control,0.52,98,0.42,0.62
Mono-Red Aggro,Sultai Reanimator,0.4,101,0.3,0.5
Mono-Red Aggro,Izzet Elementals,0.43,46,0.29,0.59
Mono-Red Aggro,Mono-Red Aggro,0.5,64,0.37,0.63
Mono-Red Aggro,Bant Airbending,0.4,47,0.26,0.56
Mono-Red Aggro,Dimir Excruciator,0.5,36,0.33,0.67
Mono-Red Aggro,Azorius Flash,0.59,32,0.41,0.76
Mono-Red Aggro,Izzet Prowess,0.51,41,0.35,0.67
Mono-Red Aggro,Boros Dragons,0.35,31,0.19,0.55
Mono-Red Aggro,Izzet Looting,0.36,22,0.17,0.59
Mono-Red Aggro,Boros Burn,0.42,26,0.23,0.63
Mono-Red Aggro,Temur Landfall,0.25,24,0.1,0.47
Mono-Red Aggro,Azorius Control,0.75,20,0.51,0.91
Mono-Red Aggro,4 Color Rhythm,0.56,9,0.21,0.86
Mono-Red Aggro,Selesnya Landfall,0.14,21,0.03,0.36
Mono-Red Aggro,Izzet Splash,0.35,17,0.14,0.62
Mono-Red Aggro,Golgari Ouroboroid,0.57,14,0.29,0.82
Mono-Red Aggro,4 Color Control,0.6,10,0.26,0.88
Mono-Red Aggro,Grixis Elementals,0.4,15,0.16,0.68
Mono-Red Aggro,Rakdos Monument,0.65,20,0.41,0.85
Mono-Red Aggro,Allies,0.45,20,0.23,0.68
Mono-Red Aggro,Jeskai Artifacts,0.33,12,0.1,0.65
Mono-Red Aggro,Simic Omniscience,0.56,16,0.3,0.8
Mono-Red Aggro,Temur Ouroboroid,0.62,13,0.32,0.86
Mono-Red Aggro,Temur Lessons,0.57,14,0.29,0.82
Bant Airbending,Izzet Lessons,0.52,226,0.45,0.59
Bant Airbending,Simic Rhythm,0.56,185,0.48,0.63
Bant Airbending,Dimir Midrange,0.57,99,0.46,0.67
Bant Airbending,Mono Green Landfall,0.63,81,0.52,0.73
Bant Airbending,Jeskai Control,0.5,105,0.4,0.59
Bant Airbending,Sultai Reanimator,0.63,126,0.54,0.71
Bant Airbending,Izzet Elementals,0.41,44,0.26,0.57
Bant Airbending,Mono-Red Aggro,0.6,47,0.44,0.74
Bant Airbending,Bant Airbending,0.5,90,0.39,0.61
Bant Airbending,Dimir Excruciator,0.46,35,0.29,0.63
Bant Airbending,Azorius Flash,0.6,40,0.43,0.75
Bant Airbending,Izzet Prowess,0.35,26,0.17,0.56
Bant Airbending,Boros Dragons,0.38,24,0.19,0.59
Bant Airbending,Izzet Looting,0.63,19,0.38,0.84
Bant Airbending,Boros Burn,0.44,25,0.24,0.65
Bant Airbending,Temur Landfall,0.42,26,0.23,0.63
Bant Airbending,Azorius Control,0.58,33,0.39,0.75
Bant Airbending,4 Color Rhythm,0.48,23,0.27,0.69
Bant Airbending,Selesnya Landfall,0.5,20,0.27,0.73
Bant Airbending,Izzet Splash,0.5,18,0.26,0.74
Bant Airbending,Golgari Ouroboroid,0.61,23,0.39,0.8
Bant Airbending,4 Color Control,0.3,20,0.12,0.54
Bant Airbending,Grixis Elementals,0.43,7,0.1,0.82
Bant Airbending,Rakdos Monument,0.47,17,0.23,0.72
Bant Airbending,Allies,0.78,18,0.52,0.94
Bant Airbending,Jeskai Artifacts,0.83,6,0.36,1.0
Bant Airbending,Simic Omniscience,0.35,17,0.14,0.62
Bant Airbending,Temur Ouroboroid,0.5,12,0.21,0.79
Bant Airbending,Temur Lessons,0.17,6,0.0,0.64
Dimir Excruciator,Izzet Lessons,0.4,187,0.33,0.47
Dimir Excruciator,Simic Rhythm,0.55,104,0.45,0.65
Dimir Excruciator,Dimir Midrange,0.39,122,0.31,0.49
Dimir Excruciator,Mono Green Landfall,0.36,148,0.29,0.45
Dimir Excruciator,Jeskai Control,0.72,43,0.56,0.85
Dimir Excruciator,Sultai Reanimator,0.78,36,0.61,0.9
Dimir Excruciator,Izzet Elementals,0.57,114,0.47,0.66
Dimir Excruciator,Mono-Red Aggro,0.5,36,0.33,0.67
Dimir Excruciator,Bant Airbending,0.54,35,0.37,0.71
Dimir Excruciator,Dimir Excruciator,0.5,140,0.41,0.59
Dimir Excruciator,Azorius Flash,0.48,90,0.37,0.59
Dimir Excruciator,Izzet Prowess,0.41,68,0.29,0.54
Dimir Excruciator,Boros Dragons,0.59,51,0.44,0.72
Dimir Excruciator,Izzet Looting,0.5,6,0.12,0.88
Dimir Excruciator,Boros Burn,0.38,8,0.09,0.76
Dimir Excruciator,Temur Landfall,0.31,49,0.18,0.45
Dimir Excruciator,Azorius Control,0.58,19,0.33,0.8
Dimir Excruciator,4 Color Rhythm,0.63,16,0.35,0.85
Dimir Excruciator,Selesnya Landfall,0.5,8,0.16,0.84
Dimir Excruciator,Izzet Splash,0.73,15,0.45,0.92
Dimir Excruciator,Golgari Ouroboroid,0.57,7,0.18,0.9
Dimir Excruciator,4 Color Control,0.26,19,0.09,0.51
Dimir Excruciator,Grixis Elementals,0.67,30,0.47,0.83
Dimir Excruciator,Rakdos Monument,0.56,27,0.35,0.75
Dimir Excruciator,Jeskai Artifacts,0.4,5,0.05,0.85
Dimir Excruciator,Simic Omniscience,0.64,11,0.31,0.89
Dimir Excruciator,Temur Ouroboroid,0.57,7,0.18,0.9
Dimir Excruciator,Temur Lessons,1.0,1,0.02,1.0
Azorius Flash,Izzet Lessons,0.62,159,0.54,0.7
Azorius Flash,Simic Rhythm,0.58,89,0.47,0.69
Azorius Flash,Dimir Midrange,0.39,75,0.28,0.51
Azorius Flash,Mono Green Landfall,0.34,112,0.25,0.43
Azorius Flash,Jeskai Control,0.63,57,0.49,0.76
Azorius Flash,Sultai Reanimator,0.45,42,0.3,0.61
Azorius Flash,Izzet Elementals,0.41,75,0.3,0.53
Azorius Flash,Mono-Red Aggro,0.41,32,0.24,0.59
Azorius Flash,Bant Airbending,0.4,40,0.25,0.57
Azorius Flash,Dimir Excruciator,0.52,90,0.41,0.63
Azorius Flash,Azorius Flash,0.5,62,0.37,0.63
Azorius Flash,Izzet Prowess,0.55,49,0.4,0.69
Azorius Flash,Boros Dragons,0.54,41,0.37,0.69
Azorius Flash,Izzet Looting,0.86,14,0.57,0.98
Azorius Flash,Boros Burn,0.75,8,0.35,0.97
Azorius Flash,Temur Landfall,0.78,36,0.61,0.9
Azorius Flash,Azorius Control,0.5,18,0.26,0.74
Azorius Flash,4 Color Rhythm,0.67,18,0.41,0.87
Azorius Flash,Selesnya Landfall,0.45,11,0.17,0.77
Azorius Flash,Izzet Splash,0.58,12,0.28,0.85
Azorius Flash,Golgari Ouroboroid,0.67,9,0.3,0.93
Azorius Flash,4 Color Control,0.2,10,0.03,0.56
Azorius Flash,Grixis Elementals,0.71,7,0.29,0.96
Azorius Flash,Rakdos Monument,0.57,14,0.29,0.82
Azorius Flash,Allies,0.67,3,0.09,0.99
Azorius Flash,Jeskai Artifacts,0.8,5,0.28,0.99
Azorius Flash,Simic Omniscience,0.6,5,0.15,0.95
Azorius Flash,Temur Ouroboroid,0.4,10,0.12,0.74
Azorius Flash,Temur Lessons,0.67,3,0.09,0.99
Izzet Prowess,Izzet Lessons,0.54,115,0.44,0.63
Izzet Prowess,Simic Rhythm,0.64,96,0.53,0.73
Izzet Prowess,Dimir Midrange,0.54,85,0.43,0.65
Izzet Prowess,Mono Green Landfall,0.51,116,0.41,0.6
Izzet Prowess,Jeskai Control,0.55,47,0.4,0.7
Izzet Prowess,Sultai Reanimator,0.49,51,0.35,0.63
Izzet Prowess,Izzet Elementals,0.43,81,0.32,0.55
Izzet Prowess,Mono-Red Aggro,0.49,41,0.33,0.65
Izzet Prowess,Bant Airbending,0.65,26,0.44,0.83
Izzet Prowess,Dimir Excruciator,0.59,68,0.46,0.71
Izzet Prowess,Azorius Flash,0.45,49,0.31,0.6
Izzet Prowess,Izzet Prowess,0.5,82,0.39,0.61
Izzet Prowess,Boros Dragons,0.52,27,0.32,0.71
Izzet Prowess,Izzet Looting,0.4,10,0.12,0.74
Izzet Prowess,Boros Burn,0.4,5,0.05,0.85
Izzet Prowess,Temur Landfall,0.5,26,0.3,0.7
Izzet Prowess,Azorius Control,0.67,9,0.3,0.93
Izzet Prowess,4 Color Rhythm,0.63,16,0.35,0.85
Izzet Prowess,Selesnya Landfall,0.6,5,0.15,0.95
Izzet Prowess,Izzet Splash,0.44,9,0.14,0.79
Izzet Prowess,Golgari Ouroboroid,0.57,7,0.18,0.9
Izzet Prowess,4 Color Control,0.64,14,0.35,0.87
Izzet Prowess,Grixis Elementals,0.6,15,0.32,0.84
Izzet Prowess,Rakdos Monument,0.6,10,0.26,0.88
Izzet Prowess,Allies,0.75,4,0.19,0.99
Izzet Prowess,Jeskai Artifacts,0.67,3,0.09,0.99
Izzet Prowess,Simic Omniscience,0.5,4,0.07,0.93
Izzet Prowess,Temur Ouroboroid,0.5,10,0.19,0.81
Izzet Prowess,Temur Lessons,1.0,2,0.16,1.0
Boros Dragons,Izzet Lessons,0.42,110,0.32,0.52
Boros Dragons,Simic Rhythm,0.68,65,0.55,0.79
Boros Dragons,Dimir Midrange,0.64,56,0.5,0.77
Boros Dragons,Mono Green Landfall,0.45,77,0.34,0.57
Boros Dragons,Jeskai Control,0.53,38,0.36,0.69
Boros Dragons,Sultai Reanimator,0.42,24,0.22,0.63
Boros Dragons,Izzet Elementals,0.47,62,0.34,0.6
Boros Dragons,Mono-Red Aggro,0.65,31,0.45,0.81
Boros Dragons,Bant Airbending,0.63,24,0.41,0.81
Boros Dragons,Dimir Excruciator,0.41,51,0.28,0.56
Boros Dragons,Azorius Flash,0.46,41,0.31,0.63
Boros Dragons,Izzet Prowess,0.48,27,0.29,0.68
Boros Dragons,Boros Dragons,0.5,30,0.31,0.69
Boros Dragons,Izzet Looting,0.4,5,0.05,0.85
Boros Dragons,Boros Burn,0.67,12,0.35,0.9
Boros Dragons,Temur Landfall,0.44,25,0.24,0.65
Boros Dragons,Azorius Control,0.5,4,0.07,0.93
Boros Dragons,4 Color Rhythm,0.75,16,0.48,0.93
Boros Dragons,Selesnya Landfall,0.4,5,0.05,0.85
Boros Dragons,Izzet Splash,0.5,10,0.19,0.81
Boros Dragons,Golgari Ouroboroid,0.5,2,0.01,0.99
Boros Dragons,4 Color Control,0.29,7,0.04,0.71
Boros Dragons,Grixis Elementals,0.59,17,0.33,0.82
Boros Dragons,Rakdos Monument,0.55,11,0.23,0.83
Boros Dragons,Allies,0.33,3,0.01,0.91
Boros Dragons,Simic Omniscience,0.5,4,0.07,0.93
Boros Dragons,Temur Lessons,0.67,3,0.09,0.99
Izzet Looting,Izzet Lessons,0.59,126,0.5,0.67
Izzet Looting,Simic Rhythm,0.39,117,0.3,0.49
Izzet Looting,Dimir Midrange,0.51,76,0.4,0.63
Izzet Looting,Mono Green Landfall,0.39,28,0.22,0.59
Izzet Looting,Jeskai Control,0.44,75,0.33,0.56
Izzet Looting,Sultai Reanimator,0.43,49,0.29,0.58
Izzet Looting,Izzet Elementals,0.67,3,0.09,0.99
Izzet Looting,Mono-Red Aggro,0.64,22,0.41,0.83
Izzet Looting,Bant Airbending,0.37,19,0.16,0.62
Izzet Looting,Dimir Excruciator,0.5,6,0.12,0.88
Izzet Looting,Azorius Flash,0.14,14,0.02,0.43
Izzet Looting,Izzet Prowess,0.6,10,0.26,0.88
Izzet Looting,Boros Dragons,0.6,5,0.15,0.95
Izzet Looting,Izzet Looting,0.5,32,0.32,0.68
Izzet Looting,Boros Burn,0.69,26,0.48,0.86
Izzet Looting,Azorius Control,0.6,10,0.26,0.88
Izzet Looting,Selesnya Landfall,0.21,14,0.05,0.51
Izzet Looting,Izzet Splash,0.33,12,0.1,0.65
Izzet Looting,Golgari Ouroboroid,0.5,12,0.21,0.79
Izzet Looting,4 Color Control,0.33,6,0.04,0.78
Izzet Looting,Allies,0.5,14,0.23,0.77
Izzet Looting,Jeskai Artifacts,0.71,7,0.29,0.96
Izzet Looting,Simic Omniscience,0.5,4,0.07,0.93
Izzet Looting,Temur Ouroboroid,0.75,4,0.19,0.99
Izzet Looting,Temur Lessons,0.13,8,0.0,0.53
Boros Burn,Izzet Lessons,0.48,115,0.38,0.57
Boros Burn,Simic Rhythm,0.44,103,0.34,0.54
Boros Burn,Dimir Midrange,0.53,58,0.4,0.67
Boros Burn,Mono Green Landfall,0.59,34,0.41,0.75
Boros Burn,Jeskai Control,0.37,62,0.25,0.5
Boros Burn,Sultai Reanimator,0.49,63,0.36,0.62
Boros Burn,Izzet Elementals,0.29,7,0.04,0.71
Boros Burn,Mono-Red Aggro,0.58,26,0.37,0.77
Boros Burn,Bant Airbending,0.56,25,0.35,0.76
Boros Burn,Dimir Excruciator,0.63,8,0.24,0.91
Boros Burn,Azorius Flash,0.25,8,0.03,0.65
Boros Burn,Izzet Prowess,0.6,5,0.15,0.95
Boros Burn,Boros Dragons,0.33,12,0.1,0.65
Boros Burn,Izzet Looting,0.31,26,0.14,0.52
Boros Burn,Boros Burn,0.5,22,0.28,0.72
Boros Burn,Temur Landfall,0.25,4,0.01,0.81
Boros Burn,Azorius Control,0.5,8,0.16,0.84
Boros Burn,4 Color Rhythm,0.5,2,0.01,0.99
Boros Burn,Selesnya Landfall,0.4,10,0.12,0.74
Boros Burn,Izzet Splash,0.67,6,0.22,0.96
Boros Burn,Golgari Ouroboroid,0.6,10,0.26,0.88
Boros Burn,4 Color Control,0.0,1,0.0,0.98
Boros Burn,Grixis Elementals,1.0,3,0.29,1.0
Boros Burn,Rakdos Monument,0.0,5,0.0,0.52
Boros Burn,Allies,0.33,6,0.04,0.78
Boros Burn,Jeskai Artifacts,0.29,7,0.04,0.71
Boros Burn,Simic Omniscience,0.8,5,0.28,0.99
Boros Burn,Temur Ouroboroid,0.25,4,0.01,0.81
Boros Burn,Temur Lessons,0.5,2,0.01,0.99
Temur Landfall,Izzet Lessons,0.58,73,0.45,0.69
Temur Landfall,Simic Rhythm,0.64,42,0.48,0.78
Temur Landfall,Dimir Midrange,0.3,46,0.18,0.46
Temur Landfall,Mono Green Landfall,0.46,52,0.32,0.61
Temur Landfall,Jeskai Control,0.75,16,0.48,0.93
Temur Landfall,Sultai Reanimator,0.69,16,0.41,0.89
Temur Landfall,Izzet Elementals,0.42,57,0.29,0.56
Temur Landfall,Mono-Red Aggro,0.75,24,0.53,0.9
Temur Landfall,Bant Airbending,0.58,26,0.37,0.77
Temur Landfall,Dimir Excruciator,0.69,49,0.55,0.82
Temur Landfall,Azorius Flash,0.22,36,0.1,0.39
Temur Landfall,Izzet Prowess,0.5,26,0.3,0.7
Temur Landfall,Boros Dragons,0.56,25,0.35,0.76
Temur Landfall,Boros Burn,0.75,4,0.19,0.99
Temur Landfall,Temur Landfall,0.5,22,0.28,0.72
Temur Landfall,Azorius Control,0.43,7,0.1,0.82
Temur Landfall,4 Color Rhythm,0.8,15,0.52,0.96
Temur Landfall,Selesnya Landfall,0.75,4,0.19,0.99
Temur Landfall,Izzet Splash,0.67,9,0.3,0.93
Temur Landfall,Golgari Ouroboroid,0.33,3,0.01,0.91
Temur Landfall,4 Color Control,0.6,10,0.26,0.88
Temur Landfall,Grixis Elementals,0.4,15,0.16,0.68
Temur Landfall,Rakdos Monument,0.3,10,0.07,0.65
Temur Landfall,Jeskai Artifacts,0.0,1,0.0,0.98
Temur Landfall,Simic Omniscience,1.0,1,0.02,1.0
Temur Landfall,Temur Ouroboroid,0.4,5,0.05,0.85
Azorius Control,Izzet Lessons,0.35,80,0.25,0.46
Azorius Control,Simic Rhythm,0.69,67,0.56,0.79
Azorius Control,Dimir Midrange,0.42,52,0.29,0.57
Azorius Control,Mono Green Landfall,0.21,29,0.08,0.4
Azorius Control,Jeskai Control,0.55,42,0.39,0.7
Azorius Control,Sultai Reanimator,0.47,34,0.3,0.65
Azorius Control,Izzet Elementals,0.53,17,0.28,0.77
Azorius Control,Mono-Red Aggro,0.25,20,0.09,0.49
Azorius Control,Bant Airbending,0.42,33,0.25,0.61
Azorius Control,Dimir Excruciator,0.42,19,0.2,0.67
Azorius Control,Azorius Flash,0.5,18,0.26,0.74
Azorius Control,Izzet Prowess,0.33,9,0.07,0.7
Azorius Control,Boros Dragons,0.5,4,0.07,0.93
Azorius Control,Izzet Looting,0.4,10,0.12,0.74
Azorius Control,Boros Burn,0.5,8,0.16,0.84
Azorius Control,Temur Landfall,0.57,7,0.18,0.9
Azorius Control,Azorius Control,0.5,8,0.16,0.84
Azorius Control,4 Color Rhythm,0.71,7,0.29,0.96
Azorius Control,Selesnya Landfall,0.29,7,0.04,0.71
Azorius Control,Izzet Splash,0.25,8,0.03,0.65
Azorius Control,Golgari Ouroboroid,0.7,10,0.35,0.93
Azorius Control,4 Color Control,0.6,5,0.15,0.95
Azorius Control,Grixis Elementals,0.5,6,0.12,0.88
Azorius Control,Rakdos Monument,0.25,4,0.01,0.81
Azorius Control,Allies,0.8,5,0.28,0.99
Azorius Control,Jeskai Artifacts,0.5,4,0.07,0.93
Azorius Control,Simic Omniscience,0.67,3,0.09,0.99
Azorius Control,Temur Ouroboroid,1.0,2,0.16,1.0
Azorius Control,Temur Lessons,0.0,2,0.0,0.84
4 Color Rhythm,Izzet Lessons,0.55,31,0.36,0.73
4 Color Rhythm,Simic Rhythm,0.61,70,0.49,0.73
4 Color Rhythm,Dimir Midrange,0.6,35,0.42,0.76
4 Color Rhythm,Mono Green Landfall,0.71,21,0.48,0.89
4 Color Rhythm,Jeskai Control,0.3,23,0.13,0.53
4 Color Rhythm,Sultai Reanimator,0.6,47,0.44,0.74
4 Color Rhythm,Izzet Elementals,0.1,40,0.03,0.24
4 Color Rhythm,Mono-Red Aggro,0.44,9,0.14,0.79
4 Color Rhythm,Bant Airbending,0.52,23,0.31,0.73
4 Color Rhythm,Dimir Excruciator,0.38,16,0.15,0.65
4 Color Rhythm,Azorius Flash,0.33,18,0.13,0.59
4 Color Rhythm,Izzet Prowess,0.38,16,0.15,0.65
4 Color Rhythm,Boros Dragons,0.25,16,0.07,0.52
4 Color Rhythm,Boros Burn,0.5,2,0.01,0.99
4 Color Rhythm,Temur Landfall,0.2,15,0.04,0.48
4 Color Rhythm,Azorius Control,0.29,7,0.04,0.71
4 Color Rhythm,4 Color Rhythm,0.5,58,0.37,0.63
4 Color Rhythm,Selesnya Landfall,0.0,3,0.0,0.71
4 Color Rhythm,Izzet Splash,0.0,3,0.0,0.71
4 Color Rhythm,Golgari Ouroboroid,0.56,9,0.21,0.86
4 Color Rhythm,4 Color Control,0.2,5,0.01,0.72
4 Color Rhythm,Grixis Elementals,0.3,23,0.13,0.53
4 Color Rhythm,Rakdos Monument,0.63,8,0.24,0.91
4 Color Rhythm,Allies,1.0,1,0.02,1.0
4 Color Rhythm,Temur Ouroboroid,0.29,14,0.08,0.58
4 Color Rhythm,Temur Lessons,0.0,1,0.0,0.98
Selesnya Landfall,Izzet Lessons,0.55,95,0.44,0.65
Selesnya Landfall,Simic Rhythm,0.4,77,0.29,0.52
Selesnya Landfall,Dimir Midrange,0.35,51,0.22,0.5
Selesnya Landfall,Mono Green Landfall,0.34,29,0.18,0.54
Selesnya Landfall,Jeskai Control,0.6,43,0.44,0.75
Selesnya Landfall,Sultai Reanimator,0.5,30,0.31,0.69
Selesnya Landfall,Izzet Elementals,0.45,11,0.17,0.77
Selesnya Landfall,Mono-Red Aggro,0.86,21,0.64,0.97
Selesnya Landfall,Bant Airbending,0.5,20,0.27,0.73
Selesnya Landfall,Dimir Excruciator,0.5,8,0.16,0.84
Selesnya Landfall,Azorius Flash,0.55,11,0.23,0.83
Selesnya Landfall,Izzet Prowess,0.4,5,0.05,0.85
Selesnya Landfall,Boros Dragons,0.6,5,0.15,0.95
Selesnya Landfall,Izzet Looting,0.79,14,0.49,0.95
Selesnya Landfall,Boros Burn,0.6,10,0.26,0.88
Selesnya Landfall,Temur Landfall,0.25,4,0.01,0.81
Selesnya Landfall,Azorius Control,0.71,7,0.29,0.96
Selesnya Landfall,4 Color Rhythm,1.0,3,0.29,1.0
Selesnya Landfall,Selesnya Landfall,0.5,10,0.19,0.81
Selesnya Landfall,Izzet Splash,0.8,5,0.28,0.99
Selesnya Landfall,Golgari Ouroboroid,0.3,10,0.07,0.65
Selesnya Landfall,4 Color Control,1.0,6,0.54,1.0
Selesnya Landfall,Grixis Elementals,1.0,2,0.16,1.0
Selesnya Landfall,Rakdos Monument,0.0,1,0.0,0.98
Selesnya Landfall,Allies,0.33,6,0.04,0.78
Selesnya Landfall,Jeskai Artifacts,0.5,4,0.07,0.93
Selesnya Landfall,Simic Omniscience,0.0,2,0.0,0.84
Selesnya Landfall,Temur Ouroboroid,0.6,5,0.15,0.95
Selesnya Landfall,Temur Lessons,1.0,4,0.4,1.0
Izzet Splash,Izzet Lessons,0.47,59,0.34,0.61
Izzet Splash,Simic Rhythm,0.46,68,0.33,0.58
Izzet Splash,Dimir Midrange,0.44,43,0.29,0.6
Izzet Splash,Mono Green Landfall,0.32,34,0.17,0.51
Izzet Splash,Jeskai Control,0.48,40,0.32,0.64
Izzet Splash,Sultai Reanimator,0.56,36,0.38,0.72
Izzet Splash,Izzet Elementals,0.52,21,0.3,0.74
Izzet Splash,Mono-Red Aggro,0.65,17,0.38,0.86
Izzet Splash,Bant Airbending,0.5,18,0.26,0.74
Izzet Splash,Dimir Excruciator,0.27,15,0.08,0.55
Izzet Splash,Azorius Flash,0.42,12,0.15,0.72
Izzet Splash,Izzet Prowess,0.56,9,0.21,0.86
Izzet Splash,Boros Dragons,0.5,10,0.19,0.81
Izzet Splash,Izzet Looting,0.67,12,0.35,0.9
Izzet Splash,Boros Burn,0.33,6,0.04,0.78
Izzet Splash,Temur Landfall,0.33,9,0.07,0.7
Izzet Splash,Azorius Control,0.75,8,0.35,0.97
Izzet Splash,4 Color Rhythm,1.0,3,0.29,1.0
Izzet Splash,Selesnya Landfall,0.2,5,0.01,0.72
Izzet Splash,Izzet Splash,0.5,6,0.12,0.88
Izzet Splash,Golgari Ouroboroid,0.0,4,0.0,0.6
Izzet Splash,4 Color Control,0.33,6,0.04,0.78
Izzet Splash,Grixis Elementals,0.33,9,0.07,0.7
Izzet Splash,Rakdos Monument,0.5,2,0.01,0.99
Izzet Splash,Allies,0.5,4,0.07,0.93
Izzet Splash,Jeskai Artifacts,0.67,3,0.09,0.99
Izzet Splash,Simic Omniscience,0.57,7,0.18,0.9
Izzet Splash,Temur Ouroboroid,0.5,4,0.07,0.93
Izzet Splash,Temur Lessons,0.75,4,0.19,0.99
Golgari Ouroboroid,Izzet Lessons,0.54,70,0.42,0.66
Golgari Ouroboroid,Simic Rhythm,0.36,45,0.22,0.51
Golgari Ouroboroid,Dimir Midrange,0.69,36,0.52,0.84
Golgari Ouroboroid,Mono Green Landfall,0.59,22,0.36,0.79
Golgari Ouroboroid,Jeskai Control,0.39,38,0.24,0.57
Golgari Ouroboroid,Sultai Reanimator,0.39,33,0.23,0.58
Golgari Ouroboroid,Izzet Elementals,0.2,5,0.01,0.72
Golgari Ouroboroid,Mono-Red Aggro,0.43,14,0.18,0.71
Golgari Ouroboroid,Bant Airbending,0.39,23,0.2,0.61
Golgari Ouroboroid,Dimir Excruciator,0.43,7,0.1,0.82
Golgari Ouroboroid,Azorius Flash,0.33,9,0.07,0.7
Golgari Ouroboroid,Izzet Prowess,0.43,7,0.1,0.82
Golgari Ouroboroid,Boros Dragons,0.5,2,0.01,0.99
Golgari Ouroboroid,Izzet Looting,0.5,12,0.21,0.79
Golgari Ouroboroid,Boros Burn,0.4,10,0.12,0.74
Golgari Ouroboroid,Temur Landfall,0.67,3,0.09,0.99
Golgari Ouroboroid,Azorius Control,0.3,10,0.07,0.65
Golgari Ouroboroid,4 Color Rhythm,0.44,9,0.14,0.79
Golgari Ouroboroid,Selesnya Landfall,0.7,10,0.35,0.93
Golgari Ouroboroid,Izzet Splash,1.0,4,0.4,1.0
Golgari Ouroboroid,4 Color Control,0.4,5,0.05,0.85
Golgari Ouroboroid,Grixis Elementals,1.0,1,0.02,1.0
Golgari Ouroboroid,Rakdos Monument,1.0,2,0.16,1.0
Golgari Ouroboroid,Allies,0.67,3,0.09,0.99
Golgari Ouroboroid,Jeskai Artifacts,0.25,4,0.01,0.81
Golgari Ouroboroid,Simic Omniscience,0.5,2,0.01,0.99
Golgari Ouroboroid,Temur Ouroboroid,0.0,1,0.0,0.98
Golgari Ouroboroid,Temur Lessons,0.0,3,0.0,0.71
4 Color Control,Izzet Lessons,0.31,58,0.2,0.45
4 Color Control,Simic Rhythm,0.53,58,0.4,0.67
4 Color Control,Dimir Midrange,0.55,40,0.38,0.71
4 Color Control,Mono Green Landfall,0.31,32,0.16,0.5
4 Color Control,Jeskai Control,0.59,27,0.39,0.78
4 Color Control,Sultai Reanimator,0.65,17,0.38,0.86
4 Color Control,Izzet Elementals,0.37,19,0.16,0.62
4 Color Control,Mono-Red Aggro,0.4,10,0.12,0.74
4 Color Control,Bant Airbending,0.7,20,0.46,0.88
4 Color Control,Dimir Excruciator,0.74,19,0.49,0.91
4 Color Control,Azorius Flash,0.8,10,0.44,0.97
4 Color Control,Izzet Prowess,0.36,14,0.13,0.65
4 Color Control,Boros Dragons,0.71,7,0.29,0.96
4 Color Control,Izzet Looting,0.67,6,0.22,0.96
4 Color Control,Boros Burn,1.0,1,0.02,1.0
4 Color Control,Temur Landfall,0.4,10,0.12,0.74
4 Color Control,Azorius Control,0.4,5,0.05,0.85
4 Color Control,4 Color Rhythm,0.8,5,0.28,0.99
4 Color Control,Selesnya Landfall,0.0,6,0.0,0.46
4 Color Control,Izzet Splash,0.67,6,0.22,0.96
4 Color Control,Golgari Ouroboroid,0.6,5,0.15,0.95
4 Color Control,4 Color Control,0.5,4,0.07,0.93
4 Color Control,Grixis Elementals,0.8,5,0.28,0.99
4 Color Control,Rakdos Monument,0.0,5,0.0,0.52
4 Color Control,Allies,1.0,1,0.02,1.0
4 Color Control,Jeskai Artifacts,1.0,1,0.02,1.0
4 Color Control,Temur Ouroboroid,0.5,2,0.01,0.99
4 Color Control,Temur Lessons,0.4,5,0.05,0.85
Grixis Elementals,Izzet Lessons,0.63,49,0.48,0.77
Grixis Elementals,Simic Rhythm,0.7,20,0.46,0.88
Grixis Elementals,Dimir Midrange,0.41,22,0.21,0.64
Grixis Elementals,Mono Green Landfall,0.35,37,0.2,0.53
Grixis Elementals,Jeskai Control,0.46,13,0.19,0.75
Grixis Elementals,Sultai Reanimator,0.64,11,0.31,0.89
Grixis Elementals,Izzet Elementals,0.59,29,0.39,0.76
Grixis Elementals,Mono-Red Aggro,0.6,15,0.32,0.84
Grixis Elementals,Bant Airbending,0.57,7,0.18,0.9
Grixis Elementals,Dimir Excruciator,0.33,30,0.17,0.53
Grixis Elementals,Azorius Flash,0.29,7,0.04,0.71
Grixis Elementals,Izzet Prowess,0.4,15,0.16,0.68
Grixis Elementals,Boros Dragons,0.41,17,0.18,0.67
Grixis Elementals,Boros Burn,0.0,3,0.0,0.71
Grixis Elementals,Temur Landfall,0.6,15,0.32,0.84
Grixis Elementals,Azorius Control,0.5,6,0.12,0.88
Grixis Elementals,4 Color Rhythm,0.7,23,0.47,0.87
Grixis Elementals,Selesnya Landfall,0.0,2,0.0,0.84
Grixis Elementals,Izzet Splash,0.67,9,0.3,0.93
Grixis Elementals,Golgari Ouroboroid,0.0,1,0.0,0.98
Grixis Elementals,4 Color Control,0.2,5,0.01,0.72
Grixis Elementals,Grixis Elementals,0.5,4,0.07,0.93
Grixis Elementals,Rakdos Monument,0.43,7,0.1,0.82
Grixis Elementals,Allies,1.0,1,0.02,1.0
Grixis Elementals,Simic Omniscience,0.0,1,0.0,0.98
Grixis Elementals,Temur Ouroboroid,0.4,10,0.12,0.74
Rakdos Monument,Izzet Lessons,0.38,47,0.25,0.54
Rakdos Monument,Simic Rhythm,0.22,27,0.09,0.42
Rakdos Monument,Dimir Midrange,0.46,24,0.26,0.67
Rakdos Monument,Mono Green Landfall,0.4,30,0.23,0.59
Rakdos Monument,Jeskai Control,0.71,21,0.48,0.89
Rakdos Monument,Sultai Reanimator,0.4,10,0.12,0.74
Rakdos Monument,Izzet Elementals,0.42,26,0.23,0.63
Rakdos Monument,Mono-Red Aggro,0.35,20,0.15,0.59
Rakdos Monument,Bant Airbending,0.53,17,0.28,0.77
Rakdos Monument,Dimir Excruciator,0.44,27,0.25,0.65
Rakdos Monument,Azorius Flash,0.43,14,0.18,0.71
Rakdos Monument,Izzet Prowess,0.4,10,0.12,0.74
Rakdos Monument,Boros Dragons,0.45,11,0.17,0.77
Rakdos Monument,Boros Burn,1.0,5,0.48,1.0
Rakdos Monument,Temur Landfall,0.7,10,0.35,0.93
Rakdos Monument,Azorius Control,0.75,4,0.19,0.99
Rakdos Monument,4 Color Rhythm,0.38,8,0.09,0.76
Rakdos Monument,Selesnya Landfall,1.0,1,0.02,1.0
Rakdos Monument,Izzet Splash,0.5,2,0.01,0.99
Rakdos Monument,Golgari Ouroboroid,0.0,2,0.0,0.84
Rakdos Monument,4 Color Control,1.0,5,0.48,1.0
Rakdos Monument,Grixis Elementals,0.57,7,0.18,0.9
Rakdos Monument,Rakdos Monument,0.5,4,0.07,0.93
Rakdos Monument,Simic Omniscience,1.0,2,0.16,1.0
Rakdos Monument,Temur Ouroboroid,1.0,1,0.02,1.0
Rakdos Monument,Temur Lessons,0.0,1,0.0,0.98
Allies,Izzet Lessons,0.52,52,0.38,0.66
Allies,Simic Rhythm,0.32,62,0.21,0.45
Allies,Dimir Midrange,0.48,27,0.29,0.68
Allies,Mono Green Landfall,0.29,14,0.08,0.58
Allies,Jeskai Control,0.48,29,0.29,0.67
Allies,Sultai Reanimator,0.59,29,0.39,0.76
Allies,Izzet Elementals,0.5,2,0.01,0.99
Allies,Mono-Red Aggro,0.55,20,0.32,0.77
Allies,Bant Airbending,0.22,18,0.06,0.48
Allies,Azorius Flash,0.33,3,0.01,0.91
Allies,Izzet Prowess,0.25,4,0.01,0.81
Allies,Boros Dragons,0.67,3,0.09,0.99
Allies,Izzet Looting,0.5,14,0.23,0.77
Allies,Boros Burn,0.67,6,0.22,0.96
Allies,Azorius Control,0.2,5,0.01,0.72
Allies,4 Color Rhythm,0.0,1,0.0,0.98
Allies,Selesnya Landfall,0.67,6,0.22,0.96
Allies,Izzet Splash,0.5,4,0.07,0.93
Allies,Golgari Ouroboroid,0.33,3,0.01,0.91
Allies,4 Color Control,0.0,1,0.0,0.98
Allies,Grixis Elementals,0.0,1,0.0,0.98
Allies,Allies,0.5,6,0.12,0.88
Allies,Jeskai Artifacts,0.5,2,0.01,0.99
Allies,Simic Omniscience,0.33,3,0.01,0.91
Allies,Temur Ouroboroid,0.0,1,0.0,0.98
Jeskai Artifacts,Izzet Lessons,0.4,45,0.26,0.56
Jeskai Artifacts,Simic Rhythm,0.36,44,0.22,0.52
Jeskai Artifacts,Dimir Midrange,0.32,37,0.18,0.5
Jeskai Artifacts,Mono Green Landfall,0.27,15,0.08,0.55
Jeskai Artifacts,Jeskai Control,0.22,27,0.09,0.42
Jeskai Artifacts,Sultai Reanimator,0.4,20,0.19,0.64
Jeskai Artifacts,Izzet Elementals,0.33,6,0.04,0.78
Jeskai Artifacts,Mono-Red Aggro,0.67,12,0.35,0.9
Jeskai Artifacts,Bant Airbending,0.17,6,0.0,0.64
Jeskai Artifacts,Dimir Excruciator,0.6,5,0.15,0.95
Jeskai Artifacts,Azorius Flash,0.2,5,0.01,0.72
Jeskai Artifacts,Izzet Prowess,0.33,3,0.01,0.91
Jeskai Artifacts,Izzet Looting,0.29,7,0.04,0.71
Jeskai Artifacts,Boros Burn,0.71,7,0.29,0.96
Jeskai Artifacts,Temur Landfall,1.0,1,0.02,1.0
Jeskai Artifacts,Azorius Control,0.5,4,0.07,0.93
Jeskai Artifacts,Selesnya Landfall,0.5,4,0.07,0.93
Jeskai Artifacts,Izzet Splash,0.33,3,0.01,0.91
Jeskai Artifacts,Golgari Ouroboroid,0.75,4,0.19,0.99
Jeskai Artifacts,4 Color Control,0.0,1,0.0,0.98
Jeskai Artifacts,Allies,0.5,2,0.01,0.99
Jeskai Artifacts,Simic Omniscience,0.0,2,0.0,0.84
Jeskai Artifacts,Temur Lessons,1.0,1,0.02,1.0
Simic Omniscience,Izzet Lessons,0.31,35,0.17,0.49
Simic Omniscience,Simic Rhythm,0.26,38,0.13,0.43
Simic Omniscience,Dimir Midrange,0.31,29,0.15,0.51
Simic Omniscience,Mono Green Landfall,0.5,20,0.27,0.73
Simic Omniscience,Jeskai Control,0.7,23,0.47,0.87
Simic Omniscience,Sultai Reanimator,0.56,18,0.31,0.78
Simic Omniscience,Izzet Elementals,0.58,12,0.28,0.85
Simic Omniscience,Mono-Red Aggro,0.44,16,0.2,0.7
Simic Omniscience,Bant Airbending,0.65,17,0.38,0.86
Simic Omniscience,Dimir Excruciator,0.36,11,0.11,0.69
Simic Omniscience,Azorius Flash,0.4,5,0.05,0.85
Simic Omniscience,Izzet Prowess,0.5,4,0.07,0.93
Simic Omniscience,Boros Dragons,0.5,4,0.07,0.93
Simic Omniscience,Izzet Looting,0.5,4,0.07,0.93
Simic Omniscience,Boros Burn,0.2,5,0.01,0.72
Simic Omniscience,Temur Landfall,0.0,1,0.0,0.98
Simic Omniscience,Azorius Control,0.33,3,0.01,0.91
Simic Omniscience,Selesnya Landfall,1.0,2,0.16,1.0
Simic Omniscience,Izzet Splash,0.43,7,0.1,0.82
Simic Omniscience,Golgari Ouroboroid,0.5,2,0.01,0.99
Simic Omniscience,Grixis Elementals,1.0,1,0.02,1.0
Simic Omniscience,Rakdos Monument,0.0,2,0.0,0.84
Simic Omniscience,Allies,0.67,3,0.09,0.99
Simic Omniscience,Jeskai Artifacts,1.0,2,0.16,1.0
Simic Omniscience,Simic Omniscience,0.5,6,0.12,0.88
Simic Omniscience,Temur Ouroboroid,0.0,1,0.0,0.98
Simic Omniscience,Temur Lessons,1.0,3,0.29,1.0
Temur Ouroboroid,Izzet Lessons,0.32,38,0.18,0.49
Temur Ouroboroid,Simic Rhythm,0.56,36,0.38,0.72
Temur Ouroboroid,Dimir Midrange,0.74,23,0.52,0.9
Temur Ouroboroid,Mono Green Landfall,0.57,14,0.29,0.82
Temur Ouroboroid,Jeskai Control,0.44,16,0.2,0.7
Temur Ouroboroid,Sultai Reanimator,0.6,10,0.26,0.88
Temur Ouroboroid,Izzet Elementals,0.31,16,0.11,0.59
Temur Ouroboroid,Mono-Red Aggro,0.38,13,0.14,0.68
Temur Ouroboroid,Bant Airbending,0.5,12,0.21,0.79
Temur Ouroboroid,Dimir Excruciator,0.43,7,0.1,0.82
Temur Ouroboroid,Azorius Flash,0.6,10,0.26,0.88
Temur Ouroboroid,Izzet Prowess,0.5,10,0.19,0.81
Temur Ouroboroid,Izzet Looting,0.25,4,0.01,0.81
Temur Ouroboroid,Boros Burn,0.75,4,0.19,0.99
Temur Ouroboroid,Temur Landfall,0.6,5,0.15,0.95
Temur Ouroboroid,Azorius Control,0.0,2,0.0,0.84
Temur Ouroboroid,4 Color Rhythm,0.71,14,0.42,0.92
Temur Ouroboroid,Selesnya Landfall,0.4,5,0.05,0.85
Temur Ouroboroid,Izzet Splash,0.5,4,0.07,0.93
Temur Ouroboroid,Golgari Ouroboroid,1.0,1,0.02,1.0
Temur Ouroboroid,4 Color Control,0.5,2,0.01,0.99
Temur Ouroboroid,Grixis Elementals,0.6,10,0.26,0.88
Temur Ouroboroid,Rakdos Monument,0.0,1,0.0,0.98
Temur Ouroboroid,Allies,1.0,1,0.02,1.0
Temur Ouroboroid,Simic Omniscience,1.0,1,0.02,1.0
Temur Ouroboroid,Temur Ouroboroid,0.5,4,0.07,0.93
Temur Ouroboroid,Temur Lessons,0.25,4,0.01,0.81
Gruul Landfall,Izzet Lessons,0.45,38,0.29,0.62
Gruul Landfall,Simic Rhythm,0.18,11,0.02,0.52
Gruul Landfall,Dimir Midrange,0.63,16,0.35,0.85
Gruul Landfall,Mono Green Landfall,0.42,26,0.23,0.63
Gruul Landfall,Jeskai Control,0.85,13,0.55,0.98
Gruul Landfall,Sultai Reanimator,0.75,12,0.43,0.95
Gruul Landfall,Izzet Elementals,0.52,23,0.31,0.73
Gruul Landfall,Mono-Red Aggro,0.6,10,0.26,0.88
Gruul Landfall,Bant Airbending,0.57,7,0.18,0.9
Gruul Landfall,Dimir Excruciator,0.52,27,0.32,0.71
Gruul Landfall,Azorius Flash,0.47,19,0.24,0.71
Gruul Landfall,Izzet Prowess,0.27,11,0.06,0.61
Gruul Landfall,Boros Dragons,0.64,11,0.31,0.89
Gruul Landfall,Izzet Looting,1.0,2,0.16,1.0
Gruul Landfall,Boros Burn,0.5,6,0.12,0.88
Gruul Landfall,Temur Landfall,0.29,7,0.04,0.71
Gruul Landfall,Azorius Control,1.0,2,0.16,1.0
Gruul Landfall,4 Color Rhythm,0.0,2,0.0,0.84
Gruul Landfall,Selesnya Landfall,0.0,1,0.0,0.98
Gruul Landfall,Izzet Splash,0.8,5,0.28,0.99
Gruul Landfall,Golgari Ouroboroid,0.0,2,0.0,0.84
Gruul Landfall,4 Color Control,0.67,3,0.09,0.99
Gruul Landfall,Grixis Elementals,0.17,6,0.0,0.64
Gruul Landfall,Rakdos Monument,0.67,3,0.09,0.99
Gruul Landfall,Allies,1.0,1,0.02,1.0
Gruul Landfall,Jeskai Artifacts,0.5,2,0.01,0.99
Gruul Landfall,Simic Omniscience,0.5,2,0.01,0.99
Gruul Landfall,Temur Ouroboroid,0.67,3,0.09,0.99
Gruul Landfall,Temur Lessons,1.0,1,0.02,1.0
Dimir Control,Izzet Lessons,0.25,36,0.12,0.42
Dimir Control,Simic Rhythm,0.56,18,0.31,0.78
Dimir Control,Dimir Midrange,0.5,20,0.27,0.73
Dimir Control,Mono Green Landfall,0.29,17,0.1,0.56
Dimir Control,Jeskai Control,0.54,13,0.25,0.81
Dimir Control,Sultai Reanimator,0.45,11,0.17,0.77
Dimir Control,Izzet Elementals,0.63,16,0.35,0.85
Dimir Control,Mono-Red Aggro,0.42,12,0.15,0.72
Dimir Control,Bant Airbending,0.67,9,0.3,0.93
Dimir Control,Dimir Excruciator,0.67,21,0.43,0.85
Dimir Control,Azorius Flash,0.27,15,0.08,0.55
Dimir Control,Izzet Prowess,0.31,13,0.09,0.61
Dimir Control,Boros Dragons,0.83,6,0.36,1.0
Dimir Control,Boros Burn,0.0,1,0.0,0.98
Dimir Control,Temur Landfall,0.4,5,0.05,0.85
Dimir Control,Azorius Control,1.0,2,0.16,1.0
Dimir Control,4 Color Rhythm,0.67,3,0.09,0.99
Dimir Control,Selesnya Landfall,0.67,3,0.09,0.99
Dimir Control,Izzet Splash,0.4,5,0.05,0.85
Dimir Control,Golgari Ouroboroid,0.0,1,0.0,0.98
Dimir Control,4 Color Control,0.5,2,0.01,0.99
Dimir Control,Grixis Elementals,0.6,5,0.15,0.95
Dimir Control,Rakdos Monument,0.5,2,0.01,0.99
Dimir Control,Simic Omniscience,0.5,2,0.01,0.99
Dimir Control,Temur Ouroboroid,0.0,1,0.0,0.98
Esper Pixie,Izzet Lessons,0.4,42,0.26,0.57
Esper Pixie,Simic Rhythm,0.55,33,0.36,0.72
Esper Pixie,Dimir Midrange,0.55,11,0.23,0.83
Esper Pixie,Mono Green Landfall,0.38,13,0.14,0.68
Esper Pixie,Jeskai Control,0.5,14,0.23,0.77
Esper Pixie,Sultai Reanimator,0.33,18,0.13,0.59
Esper Pixie,Izzet Elementals,0.45,11,0.17,0.77
Esper Pixie,Mono-Red Aggro,0.4,5,0.05,0.85
Esper Pixie,Bant Airbending,0.5,14,0.23,0.77
Esper Pixie,Dimir Excruciator,0.25,4,0.01,0.81
Esper Pixie,Azorius Flash,0.55,11,0.23,0.83
Esper Pixie,Izzet Prowess,0.43,7,0.1,0.82
Esper Pixie,Boros Dragons,0.4,5,0.05,0.85
Esper Pixie,Izzet Looting,0.5,2,0.01,0.99
Esper Pixie,Boros Burn,0.71,7,0.29,0.96
Esper Pixie,Temur Landfall,0.0,2,0.0,0.84
Esper Pixie,Azorius Control,0.67,3,0.09,0.99
Esper Pixie,4 Color Rhythm,0.6,10,0.26,0.88
Esper Pixie,Selesnya Landfall,0.5,2,0.01,0.99
Esper Pixie,Izzet Splash,0.5,4,0.07,0.93
Esper Pixie,Golgari Ouroboroid,0.33,3,0.01,0.91
Esper Pixie,4 Color Control,1.0,1,0.02,1.0
Esper Pixie,Grixis Elementals,0.67,3,0.09,0.99
Esper Pixie,Allies,0.0,2,0.0,0.84
Esper Pixie,Jeskai Artifacts,0.0,2,0.0,0.84
Esper Pixie,Simic Omniscience,1.0,1,0.02,1.0
Esper Pixie,Temur Lessons,0.67,3,0.09,0.99
Temur Lessons,Izzet Lessons,0.61,31,0.42,0.78
Temur Lessons,Simic Rhythm,0.51,37,0.34,0.68
Temur Lessons,Dimir Midrange,0.82,22,0.6,0.95
Temur Lessons,Mono Green Landfall,0.58,12,0.28,0.85
Temur Lessons,Jeskai Control,0.55,22,0.32,0.76
Temur Lessons,Sultai Reanimator,0.44,18,0.22,0.69
Temur Lessons,Izzet Elementals,1.0,1,0.02,1.0
Temur Lessons,Mono-Red Aggro,0.43,14,0.18,0.71
Temur Lessons,Bant Airbending,0.83,6,0.36,1.0
Temur Lessons,Dimir Excruciator,0.0,1,0.0,0.98
Temur Lessons,Azorius Flash,0.33,3,0.01,0.91
Temur Lessons,Izzet Prowess,0.0,2,0.0,0.84
Temur Lessons,Boros Dragons,0.33,3,0.01,0.91
Temur Lessons,Izzet Looting,0.88,8,0.47,1.0
Temur Lessons,Boros Burn,0.5,2,0.01,0.99
Temur Lessons,Azorius Control,1.0,2,0.16,1.0
Temur Lessons,4 Color Rhythm,1.0,1,0.02,1.0
Temur Lessons,Selesnya Landfall,0.0,4,0.0,0.6
Temur Lessons,Izzet Splash,0.25,4,0.01,0.81
Temur Lessons,Golgari Ouroboroid,1.0,3,0.29,1.0
Temur Lessons,4 Color Control,0.6,5,0.15,0.95
Temur Lessons,Rakdos Monument,1.0,1,0.02,1.0
Temur Lessons,Jeskai Artifacts,0.0,1,0.0,0.98
Temur Lessons,Simic Omniscience,0.0,3,0.0,0.71
Temur Lessons,Temur Ouroboroid,0.75,4,0.19,0.99
Temur Lessons,Temur Lessons,0.5,2,0.01,0.99
Bant Omniscience,Izzet Lessons,0.48,29,0.29,0.67
Bant Omniscience,Simic Rhythm,0.6,25,0.39,0.79
Bant Omniscience,Dimir Midrange,0.65,17,0.38,0.86
Bant Omniscience,Mono Green Landfall,0.45,11,0.17,0.77
Bant Omniscience,Jeskai Control,0.67,6,0.22,0.96
Bant Omniscience,Sultai Reanimator,0.38,13,0.14,0.68
Bant Omniscience,Izzet Elementals,0.6,5,0.15,0.95
Bant Omniscience,Mono-Red Aggro,0.75,12,0.43,0.95
Bant Omniscience,Bant Airbending,0.64,11,0.31,0.89
Bant Omniscience,Dimir Excruciator,0.25,4,0.01,0.81
Bant Omniscience,Azorius Flash,0.6,5,0.15,0.95
Bant Omniscience,Izzet Prowess,0.2,5,0.01,0.72
Bant Omniscience,Boros Dragons,0.0,4,0.0,0.6
Bant Omniscience,Izzet Looting,0.67,3,0.09,0.99
Bant Omniscience,Boros Burn,0.0,1,0.0,0.98
Bant Omniscience,Temur Landfall,0.2,5,0.01,0.72
Bant Omniscience,Azorius Control,1.0,5,0.48,1.0
Bant Omniscience,4 Color Rhythm,0.8,5,0.28,0.99
Bant Omniscience,Selesnya Landfall,0.4,5,0.05,0.85
Bant Omniscience,Izzet Splash,0.0,1,0.0,0.98
Bant Omniscience,Golgari Ouroboroid,0.33,3,0.01,0.91
Bant Omniscience,4 Color Control,0.5,2,0.01,0.99
Bant Omniscience,Grixis Elementals,0.0,1,0.0,0.98
Bant Omniscience,Rakdos Monument,0.5,2,0.01,0.99
Bant Omniscience,Allies,0.0,1,0.0,0.98
Bant Omniscience,Jeskai Artifacts,1.0,3,0.29,1.0
Bant Omniscience,Simic Omniscience,0.0,1,0.0,0.98
Bant Omniscience,Temur Ouroboroid,0.5,2,0.01,0.99
Bant Omniscience,Temur Lessons,1.0,2,0.16,1.0
Mono Red Leyline,Izzet Lessons,0.48,25,0.28,0.69
Mono Red Leyline,Simic Rhythm,0.28,18,0.1,0.53
Mono Red Leyline,Dimir Midrange,0.18,11,0.02,0.52
Mono Red Leyline,Mono Green Landfall,0.5,10,0.19,0.81
Mono Red Leyline,Jeskai Control,0.33,15,0.12,0.62
Mono Red Leyline,Sultai Reanimator,0.56,18,0.31,0.78
Mono Red Leyline,Izzet Elementals,0.25,4,0.01,0.81
Mono Red Leyline,Mono-Red Aggro,0.36,11,0.11,0.69
Mono Red Leyline,Bant Airbending,0.5,8,0.16,0.84
Mono Red Leyline,Dimir Excruciator,1.0,1,0.02,1.0
Mono Red Leyline,Azorius Flash,0.25,4,0.01,0.81
Mono Red Leyline,Izzet Prowess,0.5,2,0.01,0.99
Mono Red Leyline,Boros Dragons,1.0,2,0.16,1.0
Mono Red Leyline,Izzet Looting,0.4,5,0.05,0.85
Mono Red Leyline,Boros Burn,0.33,3,0.01,0.91
Mono Red Leyline,Temur Landfall,0.75,4,0.19,0.99
Mono Red Leyline,Azorius Control,0.0,3,0.0,0.71
Mono Red Leyline,4 Color Rhythm,0.5,2,0.01,0.99
Mono Red Leyline,Selesnya Landfall,0.0,1,0.0,0.98
Mono Red Leyline,Golgari Ouroboroid,1.0,1,0.02,1.0
Mono Red Leyline,4 Color Control,0.75,4,0.19,0.99
Mono Red Leyline,Grixis Elementals,0.5,2,0.01,0.99
Mono Red Leyline,Allies,0.2,5,0.01,0.72
Mono Red Leyline,Jeskai Artifacts,1.0,6,0.54,1.0
Mono Red Leyline,Simic Omniscience,0.0,1,0.0,0.98
Mono Red Leyline,Temur Ouroboroid,1.0,1,0.02,1.0
Mono Red Leyline,Temur Lessons,1.0,1,0.02,1.0
Sultai Elementals,Izzet Lessons,0.29,17,0.1,0.56
Sultai Elementals,Simic Rhythm,0.7,23,0.47,0.87
Sultai Elementals,Dimir Midrange,0.27,11,0.06,0.61
Sultai Elementals,Mono Green Landfall,0.4,5,0.05,0.85
Sultai Elementals,Jeskai Control,0.64,11,0.31,0.89
Sultai Elementals,Sultai Reanimator,0.47,15,0.21,0.73
Sultai Elementals,Izzet Elementals,0.0,6,0.0,0.46
Sultai Elementals,Mono-Red Aggro,0.0,3,0.0,0.71
Sultai Elementals,Bant Airbending,0.44,9,0.14,0.79
Sultai Elementals,Dimir Excruciator,0.13,8,0.0,0.53
Sultai Elementals,Azorius Flash,0.2,5,0.01,0.72
Sultai Elementals,Izzet Prowess,0.8,5,0.28,0.99
Sultai Elementals,Boros Dragons,0.0,1,0.0,0.98
Sultai Elementals,Izzet Looting,0.67,3,0.09,0.99
Sultai Elementals,Boros Burn,0.6,5,0.15,0.95
Sultai Elementals,Temur Landfall,1.0,3,0.29,1.0
Sultai Elementals,Azorius Control,0.5,2,0.01,0.99
Sultai Elementals,4 Color Rhythm,0.25,4,0.01,0.81
Sultai Elementals,Selesnya Landfall,0.5,4,0.07,0.93
Sultai Elementals,Izzet Splash,0.67,3,0.09,0.99
Sultai Elementals,Golgari Ouroboroid,0.5,4,0.07,0.93
Sultai Elementals,4 Color Control,1.0,2,0.16,1.0
Sultai Elementals,Grixis Elementals,0.0,1,0.0,0.98
Sultai Elementals,Rakdos Monument,0.33,3,0.01,0.91
Sultai Elementals,Allies,1.0,1,0.02,1.0
Sultai Elementals,Jeskai Artifacts,1.0,1,0.02,1.0
Sultai Elementals,Simic Omniscience,0.33,3,0.01,0.91
Sultai Elementals,Temur Ouroboroid,0.33,3,0.01,0.91
Sultai Elementals,Temur Lessons,0.0,1,0.0,0.98
Dimir Bounce,Izzet Lessons,0.48,33,0.31,0.66
Dimir Bounce,Simic Rhythm,0.29,14,0.08,0.58
Dimir Bounce,Dimir Midrange,0.44,16,0.2,0.7
Dimir Bounce,Mono Green Landfall,0.14,7,0.0,0.58
Dimir Bounce,Jeskai Control,0.5,10,0.19,0.81
Dimir Bounce,Sultai Reanimator,0.5,6,0.12,0.88
Dimir Bounce,Izzet Elementals,0.44,9,0.14,0.79
Dimir Bounce,Mono-Red Aggro,0.29,7,0.04,0.71
Dimir Bounce,Bant Airbending,1.0,1,0.02,1.0
Dimir Bounce,Dimir Excruciator,0.8,5,0.28,0.99
Dimir Bounce,Azorius Flash,0.25,4,0.01,0.81
Dimir Bounce,Izzet Prowess,0.43,7,0.1,0.82
Dimir Bounce,Boros Dragons,1.0,2,0.16,1.0
Dimir Bounce,Izzet Looting,0.29,7,0.04,0.71
Dimir Bounce,Boros Burn,0.5,2,0.01,0.99
Dimir Bounce,Temur Landfall,0.5,4,0.07,0.93
Dimir Bounce,Azorius Control,0.0,3,0.0,0.71
Dimir Bounce,Selesnya Landfall,0.0,2,0.0,0.84
Dimir Bounce,Golgari Ouroboroid,0.0,2,0.0,0.84
Dimir Bounce,4 Color Control,0.5,2,0.01,0.99
Dimir Bounce,Grixis Elementals,1.0,1,0.02,1.0
Dimir Bounce,Rakdos Monument,0.5,2,0.01,0.99
Dimir Bounce,Allies,1.0,1,0.02,1.0
Dimir Bounce,Jeskai Artifacts,0.5,2,0.01,0.99
Dimir Bounce,Temur Lessons,0.25,4,0.01,0.81
Mono Black Midrange,Izzet Lessons,0.37,19,0.16,0.62
Mono Black Midrange,Simic Rhythm,0.23,26,0.09,0.44
Mono Black Midrange,Dimir Midrange,0.38,13,0.14,0.68
Mono Black Midrange,Mono Green Landfall,0.38,8,0.09,0.76
Mono Black Midrange,Jeskai Control,0.5,6,0.12,0.88
Mono Black Midrange,Sultai Reanimator,0.44,9,0.14,0.79
Mono Black Midrange,Izzet Elementals,0.36,11,0.11,0.69
Mono Black Midrange,Mono-Red Aggro,0.5,2,0.01,0.99
Mono Black Midrange,Bant Airbending,0.4,5,0.05,0.85
Mono Black Midrange,Dimir Excruciator,1.0,4,0.4,1.0
Mono Black Midrange,Azorius Flash,0.4,5,0.05,0.85
Mono Black Midrange,Izzet Prowess,0.25,4,0.01,0.81
Mono Black Midrange,Boros Dragons,0.75,4,0.19,0.99
Mono Black Midrange,Izzet Looting,0.2,5,0.01,0.72
Mono Black Midrange,Boros Burn,0.83,6,0.36,1.0
Mono Black Midrange,Temur Landfall,1.0,2,0.16,1.0
Mono Black Midrange,Azorius Control,0.67,3,0.09,0.99
Mono Black Midrange,Selesnya Landfall,0.75,4,0.19,0.99
Mono Black Midrange,Izzet Splash,0.5,2,0.01,0.99
Mono Black Midrange,4 Color Control,0.33,3,0.01,0.91
Mono Black Midrange,Grixis Elementals,0.0,2,0.0,0.84
Mono Black Midrange,Rakdos Monument,0.75,4,0.19,0.99
Mono Black Midrange,Jeskai Artifacts,0.0,1,0.0,0.98
Mono Black Midrange,Simic Omniscience,1.0,1,0.02,1.0
Mono Black Midrange,Temur Ouroboroid,0.5,2,0.01,0.99
Temur Otters,Izzet Lessons,0.29,17,0.1,0.56
Temur Otters,Simic Rhythm,0.35,20,0.15,0.59
Temur Otters,Dimir Midrange,0.57,7,0.18,0.9
Temur Otters,Mono Green Landfall,0.33,3,0.01,0.91
Temur Otters,Jeskai Control,0.5,12,0.21,0.79
Temur Otters,Sultai Reanimator,0.57,14,0.29,0.82
Temur Otters,Mono-Red Aggro,0.33,6,0.04,0.78
Temur Otters,Bant Airbending,0.71,7,0.29,0.96
Temur Otters,Dimir Excruciator,0.0,1,0.0,0.98
Temur Otters,Izzet Prowess,0.67,3,0.09,0.99
Temur Otters,Izzet Looting,0.33,3,0.01,0.91
Temur Otters,Boros Burn,0.33,3,0.01,0.91
Temur Otters,Azorius Control,1.0,3,0.29,1.0
Temur Otters,Selesnya Landfall,0.0,1,0.0,0.98
Temur Otters,Izzet Splash,0.33,3,0.01,0.91
Temur Otters,Golgari Ouroboroid,1.0,2,0.16,1.0
Temur Otters,Allies,0.4,5,0.05,0.85
Temur Otters,Jeskai Artifacts,1.0,3,0.29,1.0
Temur Otters,Simic Omniscience,0.67,3,0.09,0.99
Temur Otters,Temur Ouroboroid,0.5,2,0.01,0.99
Temur Otters,Temur Lessons,0.0,1,0.0,0.98
4 Color Songcrafter,Izzet Lessons,0.21,14,0.05,0.51
4 Color Songcrafter,Simic Rhythm,0.38,13,0.14,0.68
4 Color Songcrafter,Dimir Midrange,0.4,10,0.12,0.74
4 Color Songcrafter,Mono Green Landfall,0.14,7,0.0,0.58
4 Color Songcrafter,Jeskai Control,0.8,10,0.44,0.97
4 Color Songcrafter,Sultai Reanimator,0.8,5,0.28,0.99
4 Color Songcrafter,Izzet Elementals,0.67,3,0.09,0.99
4 Color Songcrafter,Mono-Red Aggro,0.29,7,0.04,0.71
4 Color Songcrafter,Bant Airbending,0.25,4,0.01,0.81
4 Color Songcrafter,Dimir Excruciator,0.0,1,0.0,0.98
4 Color Songcrafter,Azorius Flash,0.8,5,0.28,0.99
4 Color Songcrafter,Boros Burn,1.0,6,0.54,1.0
4 Color Songcrafter,Azorius Control,0.0,1,0.0,0.98
4 Color Songcrafter,Izzet Splash,1.0,1,0.02,1.0
4 Color Songcrafter,Golgari Ouroboroid,0.0,1,0.0,0.98
4 Color Songcrafter,Grixis Elementals,0.0,1,0.0,0.98
4 Color Songcrafter,Rakdos Monument,0.33,3,0.01,0.91
4 Color Songcrafter,Allies,0.5,2,0.01,0.99
4 Color Songcrafter,Jeskai Artifacts,0.0,1,0.0,0.98
4 Color Songcrafter,Simic Omniscience,1.0,1,0.02,1.0
Gruul Delirium,Izzet Lessons,0.57,21,0.34,0.78
Gruul Delirium,Simic Rhythm,0.5,14,0.23,0.77
Gruul Delirium,Dimir Midrange,0.45,11,0.17,0.77
Gruul Delirium,Mono Green Landfall,0.14,7,0.0,0.58
Gruul Delirium,Jeskai Control,0.75,8,0.35,0.97
Gruul Delirium,Sultai Reanimator,0.29,7,0.04,0.71
Gruul Delirium,Izzet Elementals,0.5,2,0.01,0.99
Gruul Delirium,Mono-Red Aggro,0.33,6,0.04,0.78
Gruul Delirium,Bant Airbending,0.5,2,0.01,0.99
Gruul Delirium,Dimir Excruciator,0.5,2,0.01,0.99
Gruul Delirium,Azorius Flash,1.0,1,0.02,1.0
Gruul Delirium,Izzet Prowess,1.0,1,0.02,1.0
Gruul Delirium,Boros Dragons,1.0,1,0.02,1.0
Gruul Delirium,Izzet Looting,1.0,2,0.16,1.0
Gruul Delirium,Boros Burn,0.5,2,0.01,0.99
Gruul Delirium,Temur Landfall,1.0,1,0.02,1.0
Gruul Delirium,Azorius Control,0.5,2,0.01,0.99
Gruul Delirium,Izzet Splash,0.0,1,0.0,0.98
Gruul Delirium,Golgari Ouroboroid,1.0,1,0.02,1.0
Gruul Delirium,4 Color Control,1.0,1,0.02,1.0
Gruul Delirium,Grixis Elementals,0.0,1,0.0,0.98
Gruul Delirium,Rakdos Monument,1.0,1,0.02,1.0
Gruul Delirium,Allies,0.0,3,0.0,0.71
Gruul Delirium,Jeskai Artifacts,0.0,1,0.0,0.98
Gruul Delirium,Simic Omniscience,0.0,2,0.0,0.84
Gruul Delirium,Temur Ouroboroid,0.0,1,0.0,0.98
Gruul Delirium,Temur Lessons,0.5,2,0.01,0.99
Golgari Roots,Izzet Lessons,0.57,14,0.29,0.82
Golgari Roots,Simic Rhythm,0.33,12,0.1,0.65
Golgari Roots,Dimir Midrange,0.75,8,0.35,0.97
Golgari Roots,Mono Green Landfall,0.5,6,0.12,0.88
Golgari Roots,Jeskai Control,0.25,8,0.03,0.65
Golgari Roots,Sultai Reanimator,0.8,5,0.28,0.99
Golgari Roots,Izzet Elementals,0.0,1,0.0,0.98
Golgari Roots,Mono-Red Aggro,0.67,6,0.22,0.96
Golgari Roots,Bant Airbending,0.38,8,0.09,0.76
Golgari Roots,Dimir Excruciator,1.0,2,0.16,1.0
Golgari Roots,Izzet Prowess,0.0,4,0.0,0.6
Golgari Roots,Boros Dragons,0.5,2,0.01,0.99
Golgari Roots,Izzet Looting,0.33,3,0.01,0.91
Golgari Roots,Boros Burn,0.67,3,0.09,0.99
Golgari Roots,Temur Landfall,0.5,2,0.01,0.99
Golgari Roots,Azorius Control,0.0,1,0.0,0.98
Golgari Roots,4 Color Rhythm,1.0,1,0.02,1.0
Golgari Roots,Selesnya Landfall,0.0,2,0.0,0.84
Golgari Roots,Izzet Splash,1.0,1,0.02,1.0
Golgari Roots,Golgari Ouroboroid,1.0,1,0.02,1.0
Golgari Roots,4 Color Control,0.5,2,0.01,0.99
Golgari Roots,Grixis Elementals,0.0,2,0.0,0.84
Golgari Roots,Rakdos Monument,0.0,1,0.0,0.98
Golgari Roots,Allies,0.0,1,0.0,0.98
Golgari Roots,Jeskai Artifacts,0.67,3,0.09,0.99
Golgari Roots,Temur Ouroboroid,0.0,1,0.0,0.98
Jeskai Pixie,Izzet Lessons,0.46,13,0.19,0.75
Jeskai Pixie,Simic Rhythm,0.82,17,0.57,0.96
Jeskai Pixie,Dimir Midrange,1.0,4,0.4,1.0
Jeskai Pixie,Mono Green Landfall,0.0,2,0.0,0.84
Jeskai Pixie,Jeskai Control,0.4,5,0.05,0.85
Jeskai Pixie,Sultai Reanimator,0.43,14,0.18,0.71
Jeskai Pixie,Mono-Red Aggro,0.0,3,0.0,0.71
Jeskai Pixie,Bant Airbending,0.33,6,0.04,0.78
Jeskai Pixie,Boros Dragons,0.0,1,0.0,0.98
Jeskai Pixie,Izzet Looting,0.5,2,0.01,0.99
Jeskai Pixie,Boros Burn,1.0,2,0.16,1.0
Jeskai Pixie,Azorius Control,1.0,1,0.02,1.0
Jeskai Pixie,Selesnya Landfall,1.0,1,0.02,1.0
Jeskai Pixie,Golgari Ouroboroid,0.5,2,0.01,0.99
Jeskai Pixie,Allies,0.0,1,0.0,0.98
Boros Aggro,Izzet Lessons,0.3,10,0.07,0.65
Boros Aggro,Simic Rhythm,0.42,12,0.15,0.72
Boros Aggro,Dimir Midrange,0.33,9,0.07,0.7
Boros Aggro,Mono Green Landfall,0.0,4,0.0,0.6
Boros Aggro,Jeskai Control,0.33,6,0.04,0.78
Boros Aggro,Sultai Reanimator,0.67,6,0.22,0.96
Boros Aggro,Izzet Elementals,0.33,3,0.01,0.91
Boros Aggro,Mono-Red Aggro,0.38,8,0.09,0.76
Boros Aggro,Bant Airbending,0.5,2,0.01,0.99
Boros Aggro,Dimir Excruciator,1.0,1,0.02,1.0
Boros Aggro,Azorius Flash,0.33,3,0.01,0.91
Boros Aggro,Izzet Prowess,0.5,2,0.01,0.99
Boros Aggro,Boros Dragons,0.0,1,0.0,0.98
Boros Aggro,Izzet Looting,0.17,6,0.0,0.64
Boros Aggro,Izzet Splash,0.5,2,0.01,0.99
Boros Aggro,4 Color Control,0.0,1,0.0,0.98
Boros Aggro,Allies,0.0,2,0.0,0.84
Boros Aggro,Jeskai Artifacts,0.0,1,0.0,0.98
Boros Aggro,Simic Omniscience,1.0,2,0.16,1.0
Boros Aggro,Temur Ouroboroid,0.0,1,0.0,0.98
Boros Aggro,Temur Lessons,0.0,2,0.0,0.84
Mono White Tokens,Izzet Lessons,0.45,20,0.23,0.68
Mono White Tokens,Simic Rhythm,0.13,8,0.0,0.53
Mono White Tokens,Dimir Midrange,0.45,11,0.17,0.77
Mono White Tokens,Mono Green Landfall,0.25,4,0.01,0.81
Mono White Tokens,Jeskai Control,0.45,11,0.17,0.77
Mono White Tokens,Sultai Reanimator,0.36,11,0.11,0.69
Mono White Tokens,Izzet Elementals,0.0,1,0.0,0.98
Mono White Tokens,Mono-Red Aggro,0.83,6,0.36,1.0
Mono White Tokens,Bant Airbending,0.25,4,0.01,0.81
Mono White Tokens,Dimir Excruciator,0.5,2,0.01,0.99
Mono White Tokens,Izzet Prowess,1.0,3,0.29,1.0
Mono White Tokens,Boros Burn,0.67,3,0.09,0.99
Mono White Tokens,Azorius Control,1.0,2,0.16,1.0
Mono White Tokens,Selesnya Landfall,0.0,1,0.0,0.98
Mono White Tokens,Golgari Ouroboroid,1.0,1,0.02,1.0
Mono White Tokens,Allies,0.0,1,0.0,0.98
Mono White Tokens,Jeskai Artifacts,1.0,1,0.02,1.0
Simic Ouroboroid,Izzet Lessons,0.44,16,0.2,0.7
Simic Ouroboroid,Simic Rhythm,0.14,14,0.02,0.43
Simic Ouroboroid,Dimir Midrange,0.63,8,0.24,0.91
Simic Ouroboroid,Mono Green Landfall,0.33,3,0.01,0.91
Simic Ouroboroid,Jeskai Control,0.29,7,0.04,0.71
Simic Ouroboroid,Sultai Reanimator,1.0,1,0.02,1.0
Simic Ouroboroid,Mono-Red Aggro,0.6,5,0.15,0.95
Simic Ouroboroid,Bant Airbending,0.0,2,0.0,0.84
Simic Ouroboroid,Izzet Looting,0.0,3,0.0,0.71
Simic Ouroboroid,Boros Burn,1.0,2,0.16,1.0
Simic Ouroboroid,Azorius Control,0.5,2,0.01,0.99
Simic Ouroboroid,4 Color Rhythm,0.0,1,0.0,0.98
Simic Ouroboroid,Izzet Splash,0.0,1,0.0,0.98
Simic Ouroboroid,Golgari Ouroboroid,0.67,3,0.09,0.99
Simic Ouroboroid,Allies,0.0,1,0.0,0.98
Simic Ouroboroid,Simic Omniscience,1.0,1,0.02,1.0
Simic Ouroboroid,Temur Ouroboroid,0.0,2,0.0,0.84
Esper Oculus,Izzet Lessons,0.25,8,0.03,0.65
Esper Oculus,Simic Rhythm,0.22,9,0.03,0.6
Esper Oculus,Dimir Midrange,0.25,4,0.01,0.81
Esper Oculus,Mono Green Landfall,0.0,3,0.0,0.71
Esper Oculus,Jeskai Control,0.27,11,0.06,0.61
Esper Oculus,Sultai Reanimator,0.5,2,0.01,0.99
Esper Oculus,Izzet Elementals,0.4,5,0.05,0.85
Esper Oculus,Mono-Red Aggro,0.67,3,0.09,0.99
Esper Oculus,Bant Airbending,0.33,3,0.01,0.91
Esper Oculus,Dimir Excruciator,0.0,4,0.0,0.6
Esper Oculus,Azorius Flash,0.0,2,0.0,0.84
Esper Oculus,Izzet Prowess,0.2,5,0.01,0.72
Esper Oculus,Boros Dragons,0.33,3,0.01,0.91
Esper Oculus,Boros Burn,0.0,1,0.0,0.98
Esper Oculus,Temur Landfall,0.0,1,0.0,0.98
Esper Oculus,Selesnya Landfall,0.5,2,0.01,0.99
Esper Oculus,Golgari Ouroboroid,0.0,1,0.0,0.98
Esper Oculus,4 Color Control,1.0,1,0.02,1.0
Esper Oculus,Grixis Elementals,0.0,1,0.0,0.98
Esper Oculus,Rakdos Monument,0.0,1,0.0,0.98
Esper Oculus,Temur Ouroboroid,0.0,1,0.0,0.98
Esper Oculus,Temur Lessons,0.5,2,0.01,0.99
Temur Battlecrier,Izzet Lessons,0.33,12,0.1,0.65
Temur Battlecrier,Simic Rhythm,0.55,11,0.23,0.83
Temur Battlecrier,Dimir Midrange,0.57,7,0.18,0.9
Temur Battlecrier,Mono Green Landfall,0.67,6,0.22,0.96
Temur Battlecrier,Jeskai Control,1.0,2,0.16,1.0
Temur Battlecrier,Sultai Reanimator,0.0,1,0.0,0.98
Temur Battlecrier,Izzet Elementals,0.33,3,0.01,0.91
Temur Battlecrier,Mono-Red Aggro,0.0,4,0.0,0.6
Temur Battlecrier,Bant Airbending,0.0,2,0.0,0.84
Temur Battlecrier,Dimir Excruciator,0.5,4,0.07,0.93
Temur Battlecrier,Azorius Flash,0.5,2,0.01,0.99
Temur Battlecrier,Izzet Prowess,0.0,1,0.0,0.98
Temur Battlecrier,Boros Dragons,0.25,4,0.01,0.81
Temur Battlecrier,Izzet Looting,1.0,2,0.16,1.0
Temur Battlecrier,Temur Landfall,0.0,2,0.0,0.84
Temur Battlecrier,Azorius Control,0.0,1,0.0,0.98
Temur Battlecrier,Selesnya Landfall,0.0,1,0.0,0.98
Temur Battlecrier,4 Color Control,0.0,1,0.0,0.98
Temur Battlecrier,Rakdos Monument,1.0,1,0.02,1.0
Temur Battlecrier,Allies,1.0,1,0.02,1.0
Orzhov Midrange,Izzet Lessons,0.5,10,0.19,0.81
Orzhov Midrange,Simic Rhythm,0.5,14,0.23,0.77
Orzhov Midrange,Dimir Midrange,0.0,2,0.0,0.84
Orzhov Midrange,Mono Green Landfall,0.0,1,0.0,0.98
Orzhov Midrange,Jeskai Control,0.71,7,0.29,0.96
Orzhov Midrange,Sultai Reanimator,0.67,3,0.09,0.99
Orzhov Midrange,Izzet Elementals,0.5,2,0.01,0.99
Orzhov Midrange,Mono-Red Aggro,0.8,5,0.28,0.99
Orzhov Midrange,Bant Airbending,0.0,3,0.0,0.71
Orzhov Midrange,Dimir Excruciator,0.0,1,0.0,0.98
Orzhov Midrange,Azorius Flash,0.0,4,0.0,0.6
Orzhov Midrange,Izzet Looting,1.0,1,0.02,1.0
Orzhov Midrange,Boros Burn,0.0,4,0.0,0.6
Orzhov Midrange,Azorius Control,0.0,1,0.0,0.98
Orzhov Midrange,Izzet Splash,0.0,1,0.0,0.98
Orzhov Midrange,Rakdos Monument,1.0,1,0.02,1.0
Orzhov Midrange,Jeskai Artifacts,0.0,1,0.0,0.98
Orzhov Midrange,Temur Ouroboroid,0.0,2,0.0,0.84
Orzhov Midrange,Temur Lessons,0.0,1,0.0,0.98
Mono Green Ouroboroid,Izzet Lessons,0.5,10,0.19,0.81
Mono Green Ouroboroid,Simic Rhythm,0.1,10,0.0,0.45
Mono Green Ouroboroid,Dimir Midrange,0.86,7,0.42,1.0
Mono Green Ouroboroid,Mono Green Landfall,0.25,4,0.01,0.81
Mono Green Ouroboroid,Jeskai Control,0.8,5,0.28,0.99
Mono Green Ouroboroid,Sultai Reanimator,0.2,5,0.01,0.72
Mono Green Ouroboroid,Mono-Red Aggro,0.8,5,0.28,0.99
Mono Green Ouroboroid,Bant Airbending,0.0,1,0.0,0.98
Mono Green Ouroboroid,Azorius Flash,1.0,2,0.16,1.0
Mono Green Ouroboroid,Izzet Prowess,0.0,1,0.0,0.98
Mono Green Ouroboroid,Izzet Looting,0.5,4,0.07,0.93
Mono Green Ouroboroid,Boros Burn,1.0,1,0.02,1.0
Mono Green Ouroboroid,Izzet Splash,0.6,5,0.15,0.95
Mono Green Ouroboroid,Golgari Ouroboroid,0.0,1,0.0,0.98
Mono Green Ouroboroid,Jeskai Artifacts,0.5,2,0.01,0.99
Mono Green Ouroboroid,Temur Ouroboroid,0.0,2,0.0,0.84
Mono Green Ouroboroid,Temur Lessons,1.0,1,0.02,1.0
Azorius Otters,Izzet Lessons,0.89,9,0.52,1.0
Azorius Otters,Simic Rhythm,0.67,3,0.09,0.99
Azorius Otters,Dimir Midrange,0.57,7,0.18,0.9
Azorius Otters,Mono Green Landfall,0.63,8,0.24,0.91
Azorius Otters,Sultai Reanimator,0.0,1,0.0,0.98
Azorius Otters,Izzet Elementals,1.0,5,0.48,1.0
Azorius Otters,Mono-Red Aggro,0.0,3,0.0,0.71
Azorius Otters,Bant Airbending,0.75,4,0.19,0.99
Azorius Otters,Dimir Excruciator,0.67,9,0.3,0.93
Azorius Otters,Azorius Flash,0.25,4,0.01,0.81
Azorius Otters,Izzet Prowess,0.0,2,0.0,0.84
Azorius Otters,Boros Dragons,0.0,4,0.0,0.6
Azorius Otters,Boros Burn,1.0,2,0.16,1.0
Azorius Otters,Temur Landfall,0.0,1,0.0,0.98
Azorius Otters,4 Color Rhythm,0.0,1,0.0,0.98
Azorius Otters,Izzet Splash,1.0,2,0.16,1.0
Azorius Otters,4 Color Control,1.0,1,0.02,1.0
Azorius Otters,Grixis Elementals,0.0,2,0.0,0.84
Azorius Otters,Simic Omniscience,1.0,1,0.02,1.0
Bant Rhythm,Izzet Lessons,0.0,2,0.0,0.84
Bant Rhythm,Simic Rhythm,0.64,11,0.31,0.89
Bant Rhythm,Dimir Midrange,0.33,3,0.01,0.91
Bant Rhythm,Mono Green Landfall,0.25,4,0.01,0.81
Bant Rhythm,Jeskai Control,0.67,3,0.09,0.99
Bant Rhythm,Sultai Reanimator,0.5,8,0.16,0.84
Bant Rhythm,Izzet Elementals,0.14,7,0.0,0.58
Bant Rhythm,Bant Airbending,1.0,2,0.16,1.0
Bant Rhythm,Azorius Flash,0.5,2,0.01,0.99
Bant Rhythm,Izzet Prowess,0.33,3,0.01,0.91
Bant Rhythm,Temur Landfall,0.5,2,0.01,0.99
Bant Rhythm,Azorius Control,0.0,1,0.0,0.98
Bant Rhythm,4 Color Rhythm,0.22,9,0.03,0.6
Bant Rhythm,Selesnya Landfall,1.0,1,0.02,1.0
Bant Rhythm,Izzet Splash,0.0,2,0.0,0.84
Bant Rhythm,Grixis Elementals,0.33,3,0.01,0.91
Bant Rhythm,Rakdos Monument,1.0,1,0.02,1.0
Dimir Reanimator,Izzet Lessons,0.29,7,0.04,0.71
Dimir Reanimator,Simic Rhythm,0.5,2,0.01,0.99
Dimir Reanimator,Dimir Midrange,0.75,8,0.35,0.97
Dimir Reanimator,Mono Green Landfall,0.11,9,0.0,0.48
Dimir Reanimator,Jeskai Control,0.0,1,0.0,0.98
Dimir Reanimator,Sultai Reanimator,1.0,1,0.02,1.0
Dimir Reanimator,Izzet Elementals,0.5,6,0.12,0.88
Dimir Reanimator,Mono-Red Aggro,1.0,3,0.29,1.0
Dimir Reanimator,Bant Airbending,0.33,3,0.01,0.91
Dimir Reanimator,Dimir Excruciator,0.5,6,0.12,0.88
Dimir Reanimator,Azorius Flash,1.0,1,0.02,1.0
Dimir Reanimator,Izzet Prowess,0.25,4,0.01,0.81
Dimir Reanimator,Boros Dragons,1.0,2,0.16,1.0
Dimir Reanimator,Temur Landfall,0.67,3,0.09,0.99
Dimir Reanimator,Izzet Splash,1.0,1,0.02,1.0
Dimir Reanimator,Grixis Elementals,0.0,1,0.0,0.98
Dimir Reanimator,Rakdos Monument,0.0,1,0.0,0.98
Dimir Reanimator,Temur Ouroboroid,0.0,1,0.0,0.98
Sultai Rhythm,Izzet Lessons,0.67,6,0.22,0.96
Sultai Rhythm,Simic Rhythm,0.57,7,0.18,0.9
Sultai Rhythm,Dimir Midrange,0.86,7,0.42,1.0
Sultai Rhythm,Mono Green Landfall,0.33,3,0.01,0.91
Sultai Rhythm,Jeskai Control,0.33,3,0.01,0.91
Sultai Rhythm,Sultai Reanimator,0.5,4,0.07,0.93
Sultai Rhythm,Izzet Elementals,0.5,4,0.07,0.93
Sultai Rhythm,Mono-Red Aggro,0.67,3,0.09,0.99
Sultai Rhythm,Bant Airbending,0.4,5,0.05,0.85
Sultai Rhythm,Azorius Flash,0.33,3,0.01,0.91
Sultai Rhythm,Izzet Prowess,0.0,1,0.0,0.98
Sultai Rhythm,Boros Dragons,0.0,1,0.0,0.98
Sultai Rhythm,Boros Burn,1.0,1,0.02,1.0
Sultai Rhythm,Temur Landfall,0.0,1,0.0,0.98
Sultai Rhythm,Azorius Control,0.0,1,0.0,0.98
Sultai Rhythm,4 Color Rhythm,0.2,5,0.01,0.72
Sultai Rhythm,Simic Omniscience,1.0,1,0.02,1.0
Sultai Rhythm,Temur Ouroboroid,1.0,2,0.16,1.0
Azorius Flyers,Izzet Lessons,0.27,11,0.06,0.61
Azorius Flyers,Simic Rhythm,0.75,8,0.35,0.97
Azorius Flyers,Dimir Midrange,0.75,4,0.19,0.99
Azorius Flyers,Mono Green Landfall,1.0,2,0.16,1.0
Azorius Flyers,Jeskai Control,0.0,3,0.0,0.71
Azorius Flyers,Sultai Reanimator,1.0,1,0.02,1.0
Azorius Flyers,Izzet Elementals,0.0,1,0.0,0.98
Azorius Flyers,Mono-Red Aggro,0.0,1,0.0,0.98
Azorius Flyers,Bant Airbending,0.33,6,0.04,0.78
Azorius Flyers,Dimir Excruciator,0.0,1,0.0,0.98
Azorius Flyers,Azorius Flash,0.67,3,0.09,0.99
Azorius Flyers,Izzet Prowess,0.67,3,0.09,0.99
Azorius Flyers,Boros Dragons,0.0,2,0.0,0.84
Azorius Flyers,Izzet Looting,1.0,3,0.29,1.0
Azorius Flyers,Boros Burn,0.0,1,0.0,0.98
Azorius Flyers,Azorius Control,0.0,1,0.0,0.98
Azorius Flyers,Selesnya Landfall,0.67,3,0.09,0.99
Azorius Flyers,Grixis Elementals,1.0,1,0.02,1.0
Azorius Flyers,Allies,0.0,1,0.0,0.98
Azorius Flyers,Simic Omniscience,0.0,1,0.0,0.98
Boros Mice,Izzet Lessons,0.45,11,0.17,0.77
Boros Mice,Simic Rhythm,0.6,10,0.26,0.88
Boros Mice,Dimir Midrange,0.5,6,0.12,0.88
Boros Mice,Mono Green Landfall,0.0,7,0.0,0.41
Boros Mice,Jeskai Control,0.6,5,0.15,0.95
Boros Mice,Sultai Reanimator,0.67,3,0.09,0.99
Boros Mice,Izzet Elementals,0.5,2,0.01,0.99
Boros Mice,Mono-Red Aggro,1.0,1,0.02,1.0
Boros Mice,Izzet Looting,0.0,2,0.0,0.84
Boros Mice,Allies,0.0,2,0.0,0.84
Boros Mice,Jeskai Artifacts,0.0,1,0.0,0.98
Boros Mice,Temur Lessons,0.0,1,0.0,0.98
Goblins,Izzet Lessons,0.63,8,0.24,0.91
Goblins,Simic Rhythm,0.38,8,0.09,0.76
Goblins,Dimir Midrange,0.33,3,0.01,0.91
Goblins,Mono Green Landfall,0.0,2,0.0,0.84
Goblins,Jeskai Control,0.4,5,0.05,0.85
Goblins,Sultai Reanimator,0.25,4,0.01,0.81
Goblins,Izzet Elementals,0.0,2,0.0,0.84
Goblins,Mono-Red Aggro,0.25,4,0.01,0.81
Goblins,Bant Airbending,0.5,2,0.01,0.99
Goblins,Dimir Excruciator,0.0,2,0.0,0.84
Goblins,Azorius Flash,0.5,2,0.01,0.99
Goblins,Izzet Prowess,0.0,1,0.0,0.98
Goblins,Boros Dragons,1.0,3,0.29,1.0
Goblins,Boros Burn,0.0,1,0.0,0.98
Goblins,Temur Landfall,0.0,1,0.0,0.98
Goblins,Selesnya Landfall,0.33,3,0.01,0.91
Goblins,Izzet Splash,0.0,1,0.0,0.98
Goblins,Golgari Ouroboroid,0.0,1,0.0,0.98
Goblins,Jeskai Artifacts,0.0,1,0.0,0.98
Goblins,Temur Ouroboroid,0.0,1,0.0,0.98
Goblins,Temur Lessons,1.0,1,0.02,1.0
Golgari Midrange,Izzet Lessons,0.5,10,0.19,0.81
Golgari Midrange,Simic Rhythm,0.44,9,0.14,0.79
Golgari Midrange,Dimir Midrange,0.33,6,0.04,0.78
Golgari Midrange,Mono Green Landfall,0.25,4,0.01,0.81
Golgari Midrange,Jeskai Control,0.33,6,0.04,0.78
Golgari Midrange,Sultai Reanimator,0.5,2,0.01,0.99
Golgari Midrange,Izzet Elementals,1.0,1,0.02,1.0
Golgari Midrange,Bant Airbending,1.0,3,0.29,1.0
Golgari Midrange,Dimir Excruciator,0.5,2,0.01,0.99
Golgari Midrange,Azorius Flash,1.0,1,0.02,1.0
Golgari Midrange,Izzet Prowess,1.0,3,0.29,1.0
Golgari Midrange,Boros Dragons,1.0,1,0.02,1.0
Golgari Midrange,4 Color Rhythm,1.0,1,0.02,1.0
Golgari Midrange,Selesnya Landfall,0.0,1,0.0,0.98
Golgari Midrange,Izzet Splash,1.0,1,0.02,1.0
Golgari Midrange,Grixis Elementals,0.0,1,0.0,0.98
Golgari Midrange,Allies,1.0,1,0.02,1.0
Golgari Midrange,Jeskai Artifacts,1.0,1,0.02,1.0
Boros Tokens,Izzet Lessons,0.71,7,0.29,0.96
Boros Tokens,Simic Rhythm,0.33,9,0.07,0.7
Boros Tokens,Dimir Midrange,0.67,6,0.22,0.96
Boros Tokens,Mono Green Landfall,0.0,1,0.0,0.98
Boros Tokens,Jeskai Control,1.0,2,0.16,1.0
Boros Tokens,Sultai Reanimator,0.75,4,0.19,0.99
Boros Tokens,Mono-Red Aggro,0.4,5,0.05,0.85
Boros Tokens,Bant Airbending,0.0,2,0.0,0.84
Boros Tokens,Azorius Flash,0.67,3,0.09,0.99
Boros Tokens,Boros Dragons,0.0,2,0.0,0.84
Boros Tokens,Boros Burn,0.0,1,0.0,0.98
Boros Tokens,Selesnya Landfall,0.0,1,0.0,0.98
Boros Tokens,Izzet Splash,1.0,1,0.02,1.0
Boros Tokens,Golgari Ouroboroid,0.5,2,0.01,0.99
Boros Tokens,Grixis Elementals,0.0,1,0.0,0.98
Boros Tokens,Allies,0.0,1,0.0,0.98
Boros Tokens,Jeskai Artifacts,0.5,2,0.01,0.99
Boros Tokens,Simic Omniscience,0.0,1,0.0,0.98
Boros Tokens,Temur Lessons,1.0,1,0.02,1.0
Selesnya Cage,Izzet Lessons,0.4,5,0.05,0.85
Selesnya Cage,Simic Rhythm,0.25,8,0.03,0.65
Selesnya Cage,Dimir Midrange,0.33,6,0.04,0.78
Selesnya Cage,Mono Green Landfall,0.5,4,0.07,0.93
Selesnya Cage,Jeskai Control,1.0,3,0.29,1.0
Selesnya Cage,Sultai Reanimator,0.5,2,0.01,0.99
Selesnya Cage,Izzet Elementals,0.0,2,0.0,0.84
Selesnya Cage,Mono-Red Aggro,0.5,2,0.01,0.99
Selesnya Cage,Bant Airbending,1.0,1,0.02,1.0
Selesnya Cage,Dimir Excruciator,0.33,3,0.01,0.91
Selesnya Cage,Azorius Flash,0.5,2,0.01,0.99
Selesnya Cage,Izzet Prowess,0.0,1,0.0,0.98
Selesnya Cage,Izzet Looting,0.67,3,0.09,0.99
Selesnya Cage,Azorius Control,0.0,1,0.0,0.98
Selesnya Cage,Selesnya Landfall,1.0,1,0.02,1.0
Selesnya Cage,Allies,1.0,1,0.02,1.0
Selesnya Cage,Temur Ouroboroid,0.0,1,0.0,0.98
Selesnya Gearhulk,Izzet Lessons,0.67,12,0.35,0.9
Selesnya Gearhulk,Simic Rhythm,0.8,10,0.44,0.97
Selesnya Gearhulk,Dimir Midrange,1.0,3,0.29,1.0
Selesnya Gearhulk,Mono Green Landfall,1.0,1,0.02,1.0
Selesnya Gearhulk,Jeskai Control,0.4,5,0.05,0.85
Selesnya Gearhulk,Sultai Reanimator,0.0,1,0.0,0.98
Selesnya Gearhulk,Bant Airbending,0.33,3,0.01,0.91
Selesnya Gearhulk,Azorius Flash,0.0,1,0.0,0.98
Selesnya Gearhulk,Izzet Prowess,1.0,1,0.02,1.0
Selesnya Gearhulk,Boros Dragons,1.0,1,0.02,1.0
Selesnya Gearhulk,Izzet Looting,1.0,2,0.16,1.0
Selesnya Gearhulk,Selesnya Landfall,0.5,2,0.01,0.99
Selesnya Gearhulk,Izzet Splash,0.0,1,0.0,0.98
Selesnya Gearhulk,Golgari Ouroboroid,0.0,1,0.0,0.98
Selesnya Gearhulk,4 Color Control,0.0,1,0.0,0.98
Selesnya Gearhulk,Jeskai Artifacts,0.0,1,0.0,0.98
Selesnya Gearhulk,Temur Lessons,1.0,1,0.02,1.0
Gruul Leyline,Izzet Lessons,0.0,5,0.0,0.52
Gruul Leyline,Simic Rhythm,0.55,11,0.23,0.83
Gruul Leyline,Dimir Midrange,0.0,1,0.0,0.98
Gruul Leyline,Mono Green Landfall,0.0,2,0.0,0.84
Gruul Leyline,Jeskai Control,0.4,5,0.05,0.85
Gruul Leyline,Sultai Reanimator,0.4,5,0.05,0.85
Gruul Leyline,Izzet Elementals,0.0,1,0.0,0.98
Gruul Leyline,Mono-Red Aggro,0.0,3,0.0,0.71
Gruul Leyline,Bant Airbending,0.0,3,0.0,0.71
Gruul Leyline,Dimir Excruciator,0.33,3,0.01,0.91
Gruul Leyline,Azorius Flash,0.5,2,0.01,0.99
Gruul Leyline,Izzet Prowess,1.0,1,0.02,1.0
Gruul Leyline,Izzet Looting,0.0,1,0.0,0.98
Gruul Leyline,Boros Burn,0.0,1,0.0,0.98
Gruul Leyline,Selesnya Landfall,0.75,4,0.19,0.99
Gruul Leyline,Allies,1.0,1,0.02,1.0
4 Color Elementals,Izzet Lessons,0.75,8,0.35,0.97
4 Color Elementals,Simic Rhythm,0.67,9,0.3,0.93
4 Color Elementals,Dimir Midrange,0.33,3,0.01,0.91
4 Color Elementals,Mono Green Landfall,0.0,1,0.0,0.98
4 Color Elementals,Jeskai Control,0.0,1,0.0,0.98
4 Color Elementals,Sultai Reanimator,0.33,3,0.01,0.91
4 Color Elementals,Bant Airbending,0.2,5,0.01,0.72
4 Color Elementals,Azorius Flash,1.0,2,0.16,1.0
4 Color Elementals,Izzet Looting,1.0,1,0.02,1.0
4 Color Elementals,Azorius Control,1.0,1,0.02,1.0
4 Color Elementals,Selesnya Landfall,0.5,2,0.01,0.99
4 Color Elementals,Golgari Ouroboroid,1.0,2,0.16,1.0
4 Color Elementals,Allies,0.0,1,0.0,0.98
4 Color Elementals,Simic Omniscience,1.0,1,0.02,1.0
Naya Yuna,Izzet Lessons,0.6,5,0.15,0.95
Naya Yuna,Simic Rhythm,0.33,6,0.04,0.78
Naya Yuna,Dimir Midrange,0.5,4,0.07,0.93
Naya Yuna,Mono Green Landfall,0.0,2,0.0,0.84
Naya Yuna,Jeskai Control,0.0,2,0.0,0.84
Naya Yuna,Sultai Reanimator,0.0,1,0.0,0.98
Naya Yuna,Izzet Elementals,0.0,2,0.0,0.84
Naya Yuna,Mono-Red Aggro,1.0,1,0.02,1.0
Naya Yuna,Bant Airbending,0.4,5,0.05,0.85
Naya Yuna,Dimir Excruciator,0.25,4,0.01,0.81
Naya Yuna,Azorius Flash,0.5,2,0.01,0.99
Naya Yuna,Izzet Prowess,0.0,1,0.0,0.98
Naya Yuna,Boros Dragons,1.0,1,0.02,1.0
Naya Yuna,Izzet Looting,0.0,1,0.0,0.98
Naya Yuna,Boros Burn,1.0,1,0.02,1.0
Naya Yuna,Temur Landfall,0.0,1,0.0,0.98
Naya Yuna,Azorius Control,0.0,1,0.0,0.98
Naya Yuna,4 Color Rhythm,1.0,1,0.02,1.0
Naya Yuna,Izzet Splash,0.5,2,0.01,0.99
Naya Yuna,Golgari Ouroboroid,1.0,1,0.02,1.0
Naya Yuna,4 Color Control,0.0,1,0.0,0.98
Naya Yuna,Rakdos Monument,1.0,2,0.16,1.0
Naya Yuna,Simic Omniscience,0.0,1,0.0,0.98
Izzet Omniscience,Izzet Lessons,0.25,8,0.03,0.65
Izzet Omniscience,Simic Rhythm,0.36,11,0.11,0.69
Izzet Omniscience,Dimir Midrange,0.5,4,0.07,0.93
Izzet Omniscience,Jeskai Control,0.67,3,0.09,0.99
Izzet Omniscience,Sultai Reanimator,0.4,5,0.05,0.85
Izzet Omniscience,Mono-Red Aggro,0.0,2,0.0,0.84
Izzet Omniscience,Bant Airbending,0.75,4,0.19,0.99
Izzet Omniscience,Azorius Flash,0.0,1,0.0,0.98
Izzet Omniscience,Izzet Looting,0.0,1,0.0,0.98
Izzet Omniscience,Boros Burn,1.0,1,0.02,1.0
Izzet Omniscience,Izzet Splash,0.0,1,0.0,0.98
Izzet Omniscience,Golgari Ouroboroid,0.5,2,0.01,0.99
Izzet Omniscience,4 Color Control,1.0,1,0.02,1.0
Izzet Omniscience,Temur Lessons,1.0,1,0.02,1.0
Boros Weapons,Izzet Lessons,0.33,12,0.1,0.65
Boros Weapons,Simic Rhythm,0.83,6,0.36,1.0
Boros Weapons,Mono Green Landfall,0.0,3,0.0,0.71
Boros Weapons,Jeskai Control,0.29,7,0.04,0.71
Boros Weapons,Sultai Reanimator,0.2,5,0.01,0.72
Boros Weapons,Izzet Elementals,0.0,1,0.0,0.98
Boros Weapons,Mono-Red Aggro,0.5,2,0.01,0.99
Boros Weapons,Bant Airbending,0.5,2,0.01,0.99
Boros Weapons,Azorius Flash,0.0,1,0.0,0.98
Boros Weapons,Boros Dragons,0.0,1,0.0,0.98
Boros Weapons,Boros Burn,0.0,1,0.0,0.98
Boros Weapons,Temur Landfall,0.0,1,0.0,0.98
Boros Weapons,Selesnya Landfall,0.0,1,0.0,0.98
Boros Weapons,Izzet Splash,1.0,1,0.02,1.0
Boros Weapons,Simic Omniscience,0.0,1,0.0,0.98
Boros Weapons,Temur Lessons,1.0,1,0.02,1.0
Grixis Monument,Izzet Lessons,0.57,7,0.18,0.9
Grixis Monument,Simic Rhythm,0.43,7,0.1,0.82
Grixis Monument,Dimir Midrange,0.75,4,0.19,0.99
Grixis Monument,Mono Green Landfall,0.33,6,0.04,0.78
Grixis Monument,Jeskai Control,0.0,1,0.0,0.98
Grixis Monument,Sultai Reanimator,1.0,1,0.02,1.0
Grixis Monument,Izzet Elementals,0.0,3,0.0,0.71
Grixis Monument,Mono-Red Aggro,0.2,5,0.01,0.72
Grixis Monument,Dimir Excruciator,0.67,3,0.09,0.99
Grixis Monument,Azorius Flash,0.5,2,0.01,0.99
Grixis Monument,Izzet Prowess,0.2,5,0.01,0.72
Grixis Monument,Boros Dragons,0.5,2,0.01,0.99
Grixis Monument,Temur Landfall,1.0,1,0.02,1.0
Grixis Monument,4 Color Rhythm,1.0,1,0.02,1.0
Grixis Monument,Izzet Splash,0.5,2,0.01,0.99
Grixis Monument,4 Color Control,1.0,1,0.02,1.0
Orzhov Lifegain,Izzet Lessons,0.43,14,0.18,0.71
Orzhov Lifegain,Simic Rhythm,0.33,9,0.07,0.7
Orzhov Lifegain,Dimir Midrange,0.6,5,0.15,0.95
Orzhov Lifegain,Jeskai Control,0.0,4,0.0,0.6
Orzhov Lifegain,Sultai Reanimator,0.0,1,0.0,0.98
Orzhov Lifegain,Mono-Red Aggro,0.67,3,0.09,0.99
Orzhov Lifegain,Bant Airbending,0.0,1,0.0,0.98
Orzhov Lifegain,Boros Dragons,0.5,2,0.01,0.99
Orzhov Lifegain,Izzet Looting,0.0,1,0.0,0.98
Orzhov Lifegain,Azorius Control,0.0,2,0.0,0.84
Orzhov Lifegain,Selesnya Landfall,0.5,2,0.01,0.99
Orzhov Lifegain,Izzet Splash,1.0,1,0.02,1.0
Orzhov Lifegain,Golgari Ouroboroid,0.0,1,0.0,0.98
Orzhov Lifegain,Jeskai Artifacts,1.0,1,0.02,1.0
Orzhov Sacrifice,Izzet Lessons,0.44,9,0.14,0.79
Orzhov Sacrifice,Simic Rhythm,0.38,8,0.09,0.76
Orzhov Sacrifice,Dimir Midrange,0.67,3,0.09,0.99
Orzhov Sacrifice,Mono Green Landfall,0.0,1,0.0,0.98
Orzhov Sacrifice,Jeskai Control,0.25,4,0.01,0.81
Orzhov Sacrifice,Sultai Reanimator,0.0,1,0.0,0.98
Orzhov Sacrifice,Izzet Elementals,0.0,2,0.0,0.84
Orzhov Sacrifice,Mono-Red Aggro,0.0,2,0.0,0.84
Orzhov Sacrifice,Bant Airbending,0.0,4,0.0,0.6
Orzhov Sacrifice,Dimir Excruciator,0.0,1,0.0,0.98
Orzhov Sacrifice,Izzet Prowess,0.5,2,0.01,0.99
Orzhov Sacrifice,Izzet Looting,1.0,1,0.02,1.0
Orzhov Sacrifice,Boros Burn,1.0,1,0.02,1.0
Orzhov Sacrifice,Temur Landfall,1.0,1,0.02,1.0
Orzhov Sacrifice,Selesnya Landfall,1.0,1,0.02,1.0
Orzhov Sacrifice,Izzet Splash,1.0,1,0.02,1.0
Orzhov Sacrifice,4 Color Control,0.0,2,0.0,0.84
Orzhov Sacrifice,Allies,1.0,1,0.02,1.0
Orzhov Sacrifice,Jeskai Artifacts,1.0,1,0.02,1.0
Orzhov Sacrifice,Simic Omniscience,1.0,1,0.02,1.0
Sultai Dragons,Izzet Lessons,0.2,5,0.01,0.72
Sultai Dragons,Simic Rhythm,0.4,5,0.05,0.85
Sultai Dragons,Dimir Midrange,0.0,3,0.0,0.71
Sultai Dragons,Mono Green Landfall,0.5,2,0.01,0.99
Sultai Dragons,Jeskai Control,0.5,2,0.01,0.99
Sultai Dragons,Sultai Reanimator,1.0,3,0.29,1.0
Sultai Dragons,Izzet Elementals,1.0,1,0.02,1.0
Sultai Dragons,Mono-Red Aggro,0.0,3,0.0,0.71
Sultai Dragons,Bant Airbending,1.0,1,0.02,1.0
Sultai Dragons,Dimir Excruciator,0.33,3,0.01,0.91
Sultai Dragons,Azorius Flash,0.0,1,0.0,0.98
Sultai Dragons,Izzet Prowess,1.0,1,0.02,1.0
Sultai Dragons,Boros Dragons,0.5,2,0.01,0.99
Sultai Dragons,Izzet Looting,1.0,1,0.02,1.0
Sultai Dragons,Boros Burn,0.33,3,0.01,0.91
Sultai Dragons,Temur Landfall,1.0,2,0.16,1.0
Sultai Dragons,Azorius Control,1.0,2,0.16,1.0
Sultai Dragons,4 Color Rhythm,1.0,1,0.02,1.0
Sultai Dragons,Selesnya Landfall,0.0,1,0.0,0.98
Sultai Dragons,Izzet Splash,1.0,1,0.02,1.0
Sultai Dragons,4 Color Control,0.33,3,0.01,0.91
Sultai Dragons,Grixis Elementals,1.0,1,0.02,1.0
Sultai Dragons,Rakdos Monument,0.0,1,0.0,0.98
Gruul Ouroboroid,Izzet Lessons,0.8,10,0.44,0.97
Gruul Ouroboroid,Simic Rhythm,0.4,5,0.05,0.85
Gruul Ouroboroid,Dimir Midrange,0.5,2,0.01,0.99
Gruul Ouroboroid,Mono Green Landfall,1.0,1,0.02,1.0
Gruul Ouroboroid,Jeskai Control,0.33,6,0.04,0.78
Gruul Ouroboroid,Sultai Reanimator,0.8,5,0.28,0.99
Gruul Ouroboroid,Bant Airbending,0.17,6,0.0,0.64
Gruul Ouroboroid,Izzet Looting,1.0,1,0.02,1.0
Gruul Ouroboroid,Boros Burn,1.0,2,0.16,1.0
Gruul Ouroboroid,4 Color Rhythm,0.0,1,0.0,0.98
Gruul Ouroboroid,Izzet Splash,0.0,1,0.0,0.98
Gruul Ouroboroid,Golgari Ouroboroid,0.0,1,0.0,0.98
Gruul Ouroboroid,Simic Omniscience,1.0,2,0.16,1.0
Esper Control,Izzet Lessons,0.14,7,0.0,0.58
Esper Control,Simic Rhythm,0.0,5,0.0,0.52
Esper Control,Dimir Midrange,0.2,5,0.01,0.72
Esper Control,Mono Green Landfall,0.33,3,0.01,0.91
Esper Control,Jeskai Control,0.0,1,0.0,0.98
Esper Control,Sultai Reanimator,1.0,1,0.02,1.0
Esper Control,Izzet Elementals,0.0,2,0.0,0.84
Esper Control,Mono-Red Aggro,0.0,1,0.0,0.98
Esper Control,Bant Airbending,0.5,2,0.01,0.99
Esper Control,Dimir Excruciator,0.0,3,0.0,0.71
Esper Control,Azorius Flash,1.0,1,0.02,1.0
Esper Control,Boros Dragons,1.0,1,0.02,1.0
Esper Control,Izzet Looting,0.0,1,0.0,0.98
Esper Control,Boros Burn,1.0,1,0.02,1.0
Esper Control,Temur Landfall,0.0,1,0.0,0.98
Esper Control,Azorius Control,0.0,1,0.0,0.98
Esper Control,Selesnya Landfall,1.0,1,0.02,1.0
Esper Control,Izzet Splash,0.0,1,0.0,0.98
Esper Control,Golgari Ouroboroid,1.0,1,0.02,1.0
Esper Control,Temur Ouroboroid,1.0,1,0.02,1.0
Sultai Control,Izzet Lessons,0.5,4,0.07,0.93
Sultai Control,Simic Rhythm,0.0,4,0.0,0.6
Sultai Control,Dimir Midrange,0.67,3,0.09,0.99
Sultai Control,Mono Green Landfall,0.29,7,0.04,0.71
Sultai Control,Jeskai Control,0.75,4,0.19,0.99
Sultai Control,Sultai Reanimator,0.0,2,0.0,0.84
Sultai Control,Izzet Elementals,1.0,2,0.16,1.0
Sultai Control,Mono-Red Aggro,0.75,4,0.19,0.99
Sultai Control,Azorius Flash,0.8,5,0.28,0.99
Sultai Control,Boros Burn,1.0,2,0.16,1.0
Sultai Control,Temur Landfall,0.0,1,0.0,0.98
Sultai Control,Azorius Control,0.0,1,0.0,0.98
Sultai Control,Izzet Splash,1.0,1,0.02,1.0
Sultai Control,Simic Omniscience,1.0,1,0.02,1.0
Sultai Control,Temur Ouroboroid,0.0,1,0.0,0.98
Temur Elementals,Izzet Lessons,0.67,6,0.22,0.96
Temur Elementals,Simic Rhythm,0.67,6,0.22,0.96
Temur Elementals,Dimir Midrange,1.0,2,0.16,1.0
Temur Elementals,Mono Green Landfall,0.0,2,0.0,0.84
Temur Elementals,Jeskai Control,1.0,4,0.4,1.0
Temur Elementals,Sultai Reanimator,1.0,2,0.16,1.0
Temur Elementals,Izzet Elementals,0.0,1,0.0,0.98
Temur Elementals,Mono-Red Aggro,1.0,1,0.02,1.0
Temur Elementals,Bant Airbending,0.33,6,0.04,0.78
Temur Elementals,Boros Dragons,0.0,1,0.0,0.98
Temur Elementals,Izzet Looting,1.0,2,0.16,1.0
Temur Elementals,Boros Burn,1.0,2,0.16,1.0
Temur Elementals,4 Color Rhythm,1.0,1,0.02,1.0
Temur Elementals,Grixis Elementals,0.0,2,0.0,0.84
Temur Elementals,Simic Omniscience,0.0,1,0.0,0.98
Golgari Graveyard,Izzet Lessons,0.6,5,0.15,0.95
Golgari Graveyard,Simic Rhythm,0.33,9,0.07,0.7
Golgari Graveyard,Dimir Midrange,0.6,5,0.15,0.95
Golgari Graveyard,Mono Green Landfall,0.5,4,0.07,0.93
Golgari Graveyard,Jeskai Control,0.33,3,0.01,0.91
Golgari Graveyard,Sultai Reanimator,1.0,2,0.16,1.0
Golgari Graveyard,Bant Airbending,0.0,1,0.0,0.98
Golgari Graveyard,Azorius Flash,0.0,1,0.0,0.98
Golgari Graveyard,Izzet Looting,0.0,2,0.0,0.84
Golgari Graveyard,Boros Burn,1.0,2,0.16,1.0
Golgari Graveyard,Izzet Splash,1.0,1,0.02,1.0
Golgari Graveyard,Allies,0.0,1,0.0,0.98
Golgari Graveyard,Jeskai Artifacts,1.0,1,0.02,1.0
Golgari Graveyard,Simic Omniscience,1.0,1,0.02,1.0
Grixis Reanimator,Izzet Lessons,0.0,2,0.0,0.84
Grixis Reanimator,Simic Rhythm,0.33,3,0.01,0.91
Grixis Reanimator,Dimir Midrange,0.25,4,0.01,0.81
Grixis Reanimator,Mono Green Landfall,1.0,1,0.02,1.0
Grixis Reanimator,Jeskai Control,0.25,4,0.01,0.81
Grixis Reanimator,Sultai Reanimator,0.5,4,0.07,0.93
Grixis Reanimator,Izzet Elementals,1.0,1,0.02,1.0
Grixis Reanimator,Mono-Red Aggro,0.0,1,0.0,0.98
Grixis Reanimator,Bant Airbending,0.0,3,0.0,0.71
Grixis Reanimator,Dimir Excruciator,0.0,3,0.0,0.71
Grixis Reanimator,Azorius Flash,1.0,1,0.02,1.0
Grixis Reanimator,Boros Dragons,1.0,1,0.02,1.0
Grixis Reanimator,Izzet Looting,0.0,1,0.0,0.98
Grixis Reanimator,Boros Burn,0.0,1,0.0,0.98
Grixis Reanimator,Temur Landfall,0.0,1,0.0,0.98
Grixis Reanimator,Azorius Control,0.0,1,0.0,0.98
Grixis Reanimator,4 Color Rhythm,0.0,1,0.0,0.98
Grixis Reanimator,Izzet Splash,1.0,1,0.02,1.0
Grixis Reanimator,Grixis Elementals,0.0,1,0.0,0.98
Grixis Reanimator,Rakdos Monument,0.0,1,0.0,0.98
Mardu Iroh,Izzet Lessons,0.57,7,0.18,0.9
Mardu Iroh,Simic Rhythm,0.56,9,0.21,0.86
Mardu Iroh,Dimir Midrange,1.0,1,0.02,1.0
Mardu Iroh,Mono Green Landfall,1.0,1,0.02,1.0
Mardu Iroh,Jeskai Control,0.43,7,0.1,0.82
Mardu Iroh,Sultai Reanimator,0.4,5,0.05,0.85
Mardu Iroh,Mono-Red Aggro,0.5,2,0.01,0.99
Mardu Iroh,Bant Airbending,1.0,1,0.02,1.0
Mardu Iroh,Izzet Prowess,1.0,1,0.02,1.0
Mardu Iroh,Boros Burn,1.0,1,0.02,1.0
Gruul Aggro,Izzet Lessons,1.0,1,0.02,1.0
Gruul Aggro,Simic Rhythm,0.33,3,0.01,0.91
Gruul Aggro,Dimir Midrange,0.25,4,0.01,0.81
Gruul Aggro,Mono Green Landfall,0.5,2,0.01,0.99
Gruul Aggro,Jeskai Control,0.6,5,0.15,0.95
Gruul Aggro,Sultai Reanimator,0.0,1,0.0,0.98
Gruul Aggro,Mono-Red Aggro,0.33,3,0.01,0.91
Gruul Aggro,Bant Airbending,0.0,2,0.0,0.84
Gruul Aggro,Dimir Excruciator,0.0,2,0.0,0.84
Gruul Aggro,Azorius Flash,0.0,1,0.0,0.98
Gruul Aggro,Boros Dragons,0.0,1,0.0,0.98
Gruul Aggro,Izzet Looting,1.0,1,0.02,1.0
Gruul Aggro,Boros Burn,1.0,2,0.16,1.0
Gruul Aggro,Temur Landfall,1.0,1,0.02,1.0
Gruul Aggro,Azorius Control,0.5,2,0.01,0.99
Gruul Aggro,Izzet Splash,1.0,1,0.02,1.0
Gruul Aggro,Golgari Ouroboroid,1.0,1,0.02,1.0
Gruul Aggro,4 Color Control,0.0,2,0.0,0.84
Gruul Aggro,Jeskai Artifacts,1.0,1,0.02,1.0
Rakdos Aggro,Izzet Lessons,0.29,7,0.04,0.71
Rakdos Aggro,Mono Green Landfall,0.75,4,0.19,0.99
Rakdos Aggro,Mono-Red Aggro,0.33,3,0.01,0.91
Rakdos Aggro,Bant Airbending,0.0,1,0.0,0.98
Rakdos Aggro,Dimir Excruciator,1.0,1,0.02,1.0
Rakdos Aggro,Azorius Flash,0.4,5,0.05,0.85
Rakdos Aggro,Izzet Prowess,1.0,1,0.02,1.0
Rakdos Aggro,Boros Dragons,0.5,2,0.01,0.99
Rakdos Aggro,Izzet Looting,1.0,1,0.02,1.0
Rakdos Aggro,Izzet Splash,0.0,1,0.0,0.98
Rakdos Aggro,4 Color Control,1.0,1,0.02,1.0
Rakdos Aggro,Grixis Elementals,0.0,1,0.0,0.98
Golgari Ramp,Izzet Lessons,0.33,3,0.01,0.91
Golgari Ramp,Simic Rhythm,0.83,6,0.36,1.0
Golgari Ramp,Dimir Midrange,0.6,5,0.15,0.95
Golgari Ramp,Mono Green Landfall,0.5,2,0.01,0.99
Golgari Ramp,Jeskai Control,0.67,3,0.09,0.99
Golgari Ramp,Sultai Reanimator,0.2,5,0.01,0.72
Golgari Ramp,Mono-Red Aggro,1.0,1,0.02,1.0
Golgari Ramp,Bant Airbending,0.0,3,0.0,0.71
Golgari Ramp,Azorius Flash,0.0,1,0.0,0.98
Golgari Ramp,Izzet Prowess,1.0,1,0.02,1.0
Golgari Ramp,Boros Dragons,0.0,1,0.0,0.98
Golgari Ramp,Izzet Splash,1.0,1,0.02,1.0
4 Color Reanimator,Izzet Lessons,1.0,1,0.02,1.0
4 Color Reanimator,Dimir Midrange,0.0,1,0.0,0.98
4 Color Reanimator,Mono Green Landfall,1.0,1,0.02,1.0
4 Color Reanimator,Jeskai Control,0.0,1,0.0,0.98
4 Color Reanimator,Sultai Reanimator,0.33,3,0.01,0.91
4 Color Reanimator,Izzet Elementals,0.5,2,0.01,0.99
4 Color Reanimator,Bant Airbending,0.0,1,0.0,0.98
4 Color Reanimator,Dimir Excruciator,0.25,4,0.01,0.81
4 Color Reanimator,Azorius Flash,0.5,2,0.01,0.99
4 Color Reanimator,Izzet Prowess,0.5,2,0.01,0.99
4 Color Reanimator,Boros Burn,0.0,1,0.0,0.98
4 Color Reanimator,Temur Landfall,0.5,2,0.01,0.99
4 Color Reanimator,Azorius Control,1.0,1,0.02,1.0
4 Color Reanimator,4 Color Rhythm,0.67,3,0.09,0.99
4 Color Reanimator,Selesnya Landfall,0.0,1,0.0,0.98
4 Color Reanimator,Izzet Splash,1.0,1,0.02,1.0
4 Color Reanimator,Golgari Ouroboroid,1.0,1,0.02,1.0
4 Color Reanimator,4 Color Control,1.0,1,0.02,1.0
4 Color Reanimator,Temur Lessons,1.0,1,0.02,1.0
Azorius Auras,Izzet Lessons,0.5,4,0.07,0.93
Azorius Auras,Simic Rhythm,0.5,2,0.01,0.99
Azorius Auras,Dimir Midrange,0.0,2,0.0,0.84
Azorius Auras,Mono Green Landfall,0.0,1,0.0,0.98
Azorius Auras,Jeskai Control,0.0,2,0.0,0.84
Azorius Auras,Sultai Reanimator,0.25,4,0.01,0.81
Azorius Auras,Mono-Red Aggro,0.0,1,0.0,0.98
Azorius Auras,Bant Airbending,0.2,5,0.01,0.72
Azorius Auras,Golgari Ouroboroid,0.0,2,0.0,0.84
Azorius Auras,4 Color Control,0.0,1,0.0,0.98
Azorius Auras,Allies,0.0,1,0.0,0.98
Azorius Auras,Temur Lessons,1.0,1,0.02,1.0
Golgari Dragons,Izzet Lessons,0.25,4,0.01,0.81
Golgari Dragons,Simic Rhythm,0.0,2,0.0,0.84
Golgari Dragons,Dimir Midrange,0.25,4,0.01,0.81
Golgari Dragons,Mono Green Landfall,0.0,3,0.0,0.71
Golgari Dragons,Jeskai Control,0.67,3,0.09,0.99
Golgari Dragons,Sultai Reanimator,0.0,2,0.0,0.84
Golgari Dragons,Bant Airbending,0.0,1,0.0,0.98
Golgari Dragons,Boros Burn,0.0,2,0.0,0.84
Golgari Dragons,Golgari Ouroboroid,0.0,1,0.0,0.98
Golgari Dragons,4 Color Control,0.0,1,0.0,0.98
Golgari Dragons,Jeskai Artifacts,0.0,4,0.0,0.6
Orzhov Superfriends,Izzet Lessons,1.0,3,0.29,1.0
Orzhov Superfriends,Simic Rhythm,0.25,4,0.01,0.81
Orzhov Superfriends,Dimir Midrange,0.33,3,0.01,0.91
Orzhov Superfriends,Jeskai Control,1.0,3,0.29,1.0
Orzhov Superfriends,Izzet Elementals,1.0,1,0.02,1.0
Orzhov Superfriends,Mono-Red Aggro,1.0,1,0.02,1.0
Orzhov Superfriends,Dimir Excruciator,0.0,2,0.0,0.84
Orzhov Superfriends,Azorius Flash,0.5,2,0.01,0.99
Orzhov Superfriends,Izzet Prowess,0.0,2,0.0,0.84
Orzhov Superfriends,Boros Dragons,0.5,2,0.01,0.99
Orzhov Superfriends,Temur Landfall,0.0,1,0.0,0.98
Orzhov Superfriends,Simic Omniscience,1.0,1,0.02,1.0
Orzhov Superfriends,Temur Ouroboroid,0.0,1,0.0,0.98
Orzhov Pixie,Izzet Lessons,0.0,5,0.0,0.52
Orzhov Pixie,Simic Rhythm,0.0,1,0.0,0.98
Orzhov Pixie,Dimir Midrange,0.5,2,0.01,0.99
Orzhov Pixie,Mono Green Landfall,0.0,1,0.0,0.98
Orzhov Pixie,Jeskai Control,0.0,2,0.0,0.84
Orzhov Pixie,Sultai Reanimator,0.0,1,0.0,0.98
Orzhov Pixie,Mono-Red Aggro,1.0,2,0.16,1.0
Orzhov Pixie,Azorius Flash,0.0,1,0.0,0.98
Orzhov Pixie,Izzet Prowess,1.0,1,0.02,1.0
Orzhov Pixie,Izzet Looting,0.0,2,0.0,0.84
Orzhov Pixie,Boros Burn,0.0,2,0.0,0.84
Orzhov Pixie,4 Color Control,0.0,1,0.0,0.98
Mono White Auras,Izzet Lessons,0.33,3,0.01,0.91
Mono White Auras,Simic Rhythm,0.33,3,0.01,0.91
Mono White Auras,Dimir Midrange,0.0,2,0.0,0.84
Mono White Auras,Mono Green Landfall,0.0,1,0.0,0.98
Mono White Auras,Jeskai Control,0.5,4,0.07,0.93
Mono White Auras,Sultai Reanimator,0.5,2,0.01,0.99
Mono White Auras,Bant Airbending,0.0,1,0.0,0.98
Mono White Auras,Dimir Excruciator,0.0,1,0.0,0.98
Mono White Auras,Izzet Prowess,1.0,2,0.16,1.0
Mono White Auras,Boros Dragons,1.0,1,0.02,1.0
Mono White Auras,4 Color Rhythm,1.0,1,0.02,1.0
Mono White Auras,Rakdos Monument,1.0,1,0.02,1.0
Azorius Pixie,Izzet Lessons,0.67,3,0.09,0.99
Azorius Pixie,Simic Rhythm,0.75,4,0.19,0.99
Azorius Pixie,Dimir Midrange,0.0,1,0.0,0.98
Azorius Pixie,Mono Green Landfall,0.0,1,0.0,0.98
Azorius Pixie,Jeskai Control,0.0,4,0.0,0.6
Azorius Pixie,Bant Airbending,0.0,2,0.0,0.84
Azorius Pixie,Azorius Flash,0.0,1,0.0,0.98
Azorius Pixie,Izzet Prowess,0.0,1,0.0,0.98
Azorius Pixie,Azorius Control,1.0,1,0.02,1.0
Azorius Pixie,Allies,0.0,1,0.0,0.98
Azorius Pixie,Temur Ouroboroid,0.0,1,0.0,0.98
Golgari Control,Izzet Lessons,0.0,4,0.0,0.6
Golgari Control,Simic Rhythm,0.67,3,0.09,0.99
Golgari Control,Dimir Midrange,0.5,2,0.01,0.99
Golgari Control,Mono Green Landfall,0.0,1,0.0,0.98
Golgari Control,Jeskai Control,0.33,3,0.01,0.91
Golgari Control,Sultai Reanimator,0.5,2,0.01,0.99
Golgari Control,Izzet Elementals,0.33,3,0.01,0.91
Golgari Control,Mono-Red Aggro,0.0,1,0.0,0.98
Golgari Control,Boros Dragons,1.0,1,0.02,1.0
Golgari Control,Izzet Looting,1.0,1,0.02,1.0
Golgari Control,Boros Burn,0.0,1,0.0,0.98
Golgari Control,Temur Landfall,0.0,1,0.0,0.98
Golgari Control,Golgari Ouroboroid,0.0,1,0.0,0.98
Golgari Control,Allies,0.5,2,0.01,0.99
Boros Arabella,Izzet Lessons,0.0,1,0.0,0.98
Boros Arabella,Simic Rhythm,0.5,2,0.01,0.99
Boros Arabella,Mono Green Landfall,0.25,4,0.01,0.81
Boros Arabella,Mono-Red Aggro,1.0,1,0.02,1.0
Boros Arabella,Azorius Flash,0.5,2,0.01,0.99
Boros Arabella,Boros Dragons,0.0,1,0.0,0.98
Boros Arabella,Izzet Looting,0.0,3,0.0,0.71
Boros Arabella,Izzet Splash,0.0,1,0.0,0.98
Boros Arabella,Allies,0.0,2,0.0,0.84
Boros Arabella,Jeskai Artifacts,0.0,1,0.0,0.98
Boros Arabella,Temur Ouroboroid,1.0,1,0.02,1.0
Selesnya Counters,Izzet Lessons,0.57,7,0.18,0.9
Selesnya Counters,Simic Rhythm,0.5,2,0.01,0.99
Selesnya Counters,Dimir Midrange,0.0,3,0.0,0.71
Selesnya Counters,Mono Green Landfall,0.0,1,0.0,0.98
Selesnya Counters,Mono-Red Aggro,1.0,2,0.16,1.0
Selesnya Counters,Bant Airbending,0.0,3,0.0,0.71
Selesnya Counters,Izzet Looting,1.0,1,0.02,1.0
Selesnya Counters,4 Color Control,0.0,1,0.0,0.98
Selesnya Counters,Jeskai Artifacts,0.0,1,0.0,0.98
Orzhov Ketramose,Izzet Lessons,0.0,3,0.0,0.71
Orzhov Ketramose,Dimir Midrange,0.25,4,0.01,0.81
Orzhov Ketramose,Jeskai Control,0.25,4,0.01,0.81
Orzhov Ketramose,Sultai Reanimator,0.0,3,0.0,0.71
Orzhov Ketramose,Izzet Elementals,0.0,2,0.0,0.84
Orzhov Ketramose,Bant Airbending,0.0,1,0.0,0.98
Orzhov Ketramose,Dimir Excruciator,1.0,1,0.02,1.0
Orzhov Ketramose,Azorius Flash,1.0,1,0.02,1.0
Orzhov Ketramose,Izzet Prowess,0.0,1,0.0,0.98
Orzhov Ketramose,Izzet Looting,0.0,1,0.0,0.98
Orzhov Ketramose,Jeskai Artifacts,0.0,1,0.0,0.98
Orzhov Ketramose,Simic Omniscience,0.0,1,0.0,0.98
Mono White Aggro,Izzet Lessons,0.5,4,0.07,0.93
Mono White Aggro,Simic Rhythm,0.5,4,0.07,0.93
Mono White Aggro,Dimir Midrange,1.0,2,0.16,1.0
Mono White Aggro,Jeskai Control,0.6,5,0.15,0.95
Mono White Aggro,Sultai Reanimator,0.0,1,0.0,0.98
Mono White Aggro,Mono-Red Aggro,1.0,1,0.02,1.0
Mono White Aggro,Bant Airbending,0.0,1,0.0,0.98
Mono White Aggro,Izzet Prowess,0.0,1,0.0,0.98
Mono White Aggro,Izzet Looting,0.0,1,0.0,0.98
Mono White Aggro,Selesnya Landfall,0.0,1,0.0,0.98
Mono White Aggro,Allies,1.0,1,0.02,1.0
Mono White Aggro,Jeskai Artifacts,0.0,1,0.0,0.98
Esper Midrange,Izzet Lessons,1.0,1,0.02,1.0
Esper Midrange,Simic Rhythm,0.6,5,0.15,0.95
Esper Midrange,Dimir Midrange,0.5,4,0.07,0.93
Esper Midrange,Mono Green Landfall,0.0,2,0.0,0.84
Esper Midrange,Jeskai Control,0.0,1,0.0,0.98
Esper Midrange,Sultai Reanimator,1.0,1,0.02,1.0
Esper Midrange,Izzet Elementals,1.0,1,0.02,1.0
Esper Midrange,Mono-Red Aggro,0.0,1,0.0,0.98
Esper Midrange,Azorius Flash,1.0,1,0.02,1.0
Esper Midrange,Boros Dragons,1.0,1,0.02,1.0
Esper Midrange,Boros Burn,1.0,1,0.02,1.0
Esper Midrange,Selesnya Landfall,1.0,1,0.02,1.0
Esper Midrange,4 Color Control,0.0,1,0.0,0.98
Boros Midrange,Izzet Lessons,0.33,3,0.01,0.91
Boros Midrange,Simic Rhythm,0.43,7,0.1,0.82
Boros Midrange,Dimir Midrange,0.0,1,0.0,0.98
Boros Midrange,Jeskai Control,1.0,1,0.02,1.0
Boros Midrange,Sultai Reanimator,0.5,4,0.07,0.93
Boros Midrange,Mono-Red Aggro,0.0,1,0.0,0.98
Boros Midrange,Bant Airbending,0.33,3,0.01,0.91
Boros Midrange,Golgari Ouroboroid,1.0,1,0.02,1.0
Abzan Yuna,Izzet Lessons,0.0,2,0.0,0.84
Abzan Yuna,Simic Rhythm,0.5,2,0.01,0.99
Abzan Yuna,Jeskai Control,0.5,4,0.07,0.93
Abzan Yuna,Bant Airbending,0.0,1,0.0,0.98
Abzan Yuna,Dimir Excruciator,0.0,1,0.0,0.98
Abzan Yuna,Azorius Flash,0.0,2,0.0,0.84
Abzan Yuna,4 Color Rhythm,0.0,1,0.0,0.98
Abzan Yuna,Selesnya Landfall,0.0,1,0.0,0.98
Selesnya Aggro,Izzet Lessons,1.0,1,0.02,1.0
Selesnya Aggro,Simic Rhythm,0.0,2,0.0,0.84
Selesnya Aggro,Dimir Midrange,0.0,1,0.0,0.98
Selesnya Aggro,Mono Green Landfall,0.33,3,0.01,0.91
Selesnya Aggro,Jeskai Control,1.0,2,0.16,1.0
Selesnya Aggro,Izzet Elementals,0.0,1,0.0,0.98
Selesnya Aggro,Dimir Excruciator,1.0,1,0.02,1.0
Selesnya Aggro,Azorius Flash,0.0,1,0.0,0.98
Selesnya Aggro,Izzet Prowess,0.5,2,0.01,0.99
Selesnya Aggro,Boros Dragons,1.0,1,0.02,1.0
Selesnya Aggro,Izzet Looting,0.0,3,0.0,0.71
Selesnya Aggro,Golgari Ouroboroid,1.0,1,0.02,1.0
Selesnya Aggro,Grixis Elementals,1.0,1,0.02,1.0
Mono Black Skeletons,Izzet Lessons,0.33,6,0.04,0.78
Mono Black Skeletons,Simic Rhythm,0.25,4,0.01,0.81
Mono Black Skeletons,Dimir Midrange,1.0,1,0.02,1.0
Mono Black Skeletons,Mono Green Landfall,0.0,1,0.0,0.98
Mono Black Skeletons,Jeskai Control,0.5,2,0.01,0.99
Mono Black Skeletons,Sultai Reanimator,1.0,1,0.02,1.0
Mono Black Skeletons,Mono-Red Aggro,1.0,1,0.02,1.0
Mono Black Skeletons,Azorius Flash,0.0,1,0.0,0.98
Mono Black Skeletons,Azorius Control,1.0,1,0.02,1.0
Mono Black Skeletons,4 Color Rhythm,0.0,1,0.0,0.98
Mono Black Skeletons,Jeskai Artifacts,1.0,1,0.02,1.0
Simic Otters,Izzet Lessons,0.0,3,0.0,0.71
Simic Otters,Simic Rhythm,0.33,3,0.01,0.91
Simic Otters,Mono Green Landfall,0.5,2,0.01,0.99
Simic Otters,Jeskai Control,0.67,3,0.09,0.99
Simic Otters,Sultai Reanimator,1.0,1,0.02,1.0
Simic Otters,Mono-Red Aggro,0.5,2,0.01,0.99
Simic Otters,Azorius Flash,1.0,1,0.02,1.0
Simic Otters,Golgari Ouroboroid,1.0,1,0.02,1.0
Simic Otters,Allies,1.0,1,0.02,1.0
Simic Otters,Temur Lessons,0.0,1,0.0,0.98
Azorius Merfolks,Izzet Lessons,0.5,2,0.01,0.99
Azorius Merfolks,Simic Rhythm,0.0,1,0.0,0.98
Azorius Merfolks,Mono Green Landfall,0.0,1,0.0,0.98
Azorius Merfolks,Jeskai Control,1.0,1,0.02,1.0
Azorius Merfolks,Izzet Elementals,0.0,2,0.0,0.84
Azorius Merfolks,Dimir Excruciator,0.0,2,0.0,0.84
Azorius Merfolks,Azorius Flash,0.67,3,0.09,0.99
Azorius Merfolks,Izzet Prowess,0.0,3,0.0,0.71
Azorius Merfolks,Boros Burn,1.0,1,0.02,1.0
Azorius Merfolks,Azorius Control,0.0,1,0.0,0.98
Azorius Merfolks,Golgari Ouroboroid,0.0,1,0.0,0.98
Azorius Merfolks,Rakdos Monument,0.0,1,0.0,0.98
Rakdos Sacrifice,Izzet Lessons,0.0,2,0.0,0.84
Rakdos Sacrifice,Simic Rhythm,0.0,1,0.0,0.98
Rakdos Sacrifice,Jeskai Control,0.5,2,0.01,0.99
Rakdos Sacrifice,Sultai Reanimator,0.75,4,0.19,0.99
Rakdos Sacrifice,Izzet Prowess,1.0,1,0.02,1.0
Rakdos Sacrifice,Boros Dragons,0.0,1,0.0,0.98
Rakdos Sacrifice,Boros Burn,1.0,1,0.02,1.0
Rakdos Sacrifice,Allies,0.0,1,0.0,0.98
Rakdos Sacrifice,Jeskai Artifacts,0.0,3,0.0,0.71
Esper Artifacts,Izzet Lessons,0.25,4,0.01,0.81
Esper Artifacts,Simic Rhythm,0.6,5,0.15,0.95
Esper Artifacts,Dimir Midrange,0.0,2,0.0,0.84
Esper Artifacts,Jeskai Control,0.0,2,0.0,0.84
Esper Artifacts,Sultai Reanimator,1.0,1,0.02,1.0
Esper Artifacts,Mono-Red Aggro,1.0,2,0.16,1.0
Esper Artifacts,Azorius Control,0.0,1,0.0,0.98
Esper Artifacts,Jeskai Artifacts,0.0,1,0.0,0.98
Mardu Dragons,Izzet Lessons,0.5,2,0.01,0.99
Mardu Dragons,Simic Rhythm,0.67,3,0.09,0.99
Mardu Dragons,Mono Green Landfall,0.5,2,0.01,0.99
Mardu Dragons,Jeskai Control,0.33,3,0.01,0.91
Mardu Dragons,Boros Burn,0.0,1,0.0,0.98
Mardu Dragons,Allies,1.0,2,0.16,1.0
Mardu Dragons,Simic Omniscience,1.0,1,0.02,1.0
Mardu Dragons,Temur Ouroboroid,1.0,1,0.02,1.0
Temur Songcrafter,Izzet Lessons,0.67,3,0.09,0.99
Temur Songcrafter,Simic Rhythm,0.0,1,0.0,0.98
Temur Songcrafter,Dimir Midrange,0.0,1,0.0,0.98
Temur Songcrafter,Jeskai Control,0.0,3,0.0,0.71
Temur Songcrafter,Sultai Reanimator,0.25,4,0.01,0.81
Temur Songcrafter,Bant Airbending,0.0,1,0.0,0.98
Temur Songcrafter,Izzet Looting,0.0,1,0.0,0.98
Temur Songcrafter,Golgari Ouroboroid,1.0,1,0.02,1.0
4 Color Yuna,Izzet Lessons,0.75,4,0.19,0.99
4 Color Yuna,Simic Rhythm,0.33,3,0.01,0.91
4 Color Yuna,Dimir Midrange,0.0,1,0.0,0.98
4 Color Yuna,Mono Green Landfall,0.5,2,0.01,0.99
4 Color Yuna,Jeskai Control,1.0,1,0.02,1.0
4 Color Yuna,Sultai Reanimator,1.0,1,0.02,1.0
4 Color Yuna,Mono-Red Aggro,1.0,1,0.02,1.0
4 Color Yuna,Izzet Looting,0.0,1,0.0,0.98
4 Color Yuna,Selesnya Landfall,0.0,1,0.0,0.98
4 Color Yuna,Temur Ouroboroid,0.5,2,0.01,0.99
Mono White Shepherd,Izzet Lessons,0.5,2,0.01,0.99
Mono White Shepherd,Mono Green Landfall,0.67,3,0.09,0.99
Mono White Shepherd,Izzet Elementals,0.0,1,0.0,0.98
Mono White Shepherd,Mono-Red Aggro,1.0,1,0.02,1.0
Mono White Shepherd,Bant Airbending,0.0,1,0.0,0.98
Mono White Shepherd,Dimir Excruciator,0.0,1,0.0,0.98
Mono White Shepherd,Azorius Flash,0.5,2,0.01,0.99
Mono White Shepherd,Boros Dragons,0.67,3,0.09,0.99
Mono White Shepherd,Temur Landfall,1.0,1,0.02,1.0
Mono White Shepherd,Azorius Control,0.0,1,0.0,0.98
Mono White Shepherd,4 Color Control,0.0,1,0.0,0.98
Temur Stormsplitter,Izzet Lessons,0.0,4,0.0,0.6
Temur Stormsplitter,Simic Rhythm,0.0,3,0.0,0.71
Temur Stormsplitter,Dimir Midrange,1.0,1,0.02,1.0
Temur Stormsplitter,Mono-Red Aggro,0.0,1,0.0,0.98
Temur Stormsplitter,Azorius Flash,0.0,1,0.0,0.98
Temur Stormsplitter,Boros Dragons,1.0,1,0.02,1.0
Temur Stormsplitter,Izzet Looting,0.5,2,0.01,0.99
Temur Stormsplitter,4 Color Control,0.0,1,0.0,0.98
Mono White Angels,Izzet Lessons,0.0,3,0.0,0.71
Mono White Angels,Simic Rhythm,0.5,2,0.01,0.99
Mono White Angels,Dimir Midrange,0.0,2,0.0,0.84
Mono White Angels,Mono Green Landfall,1.0,1,0.02,1.0
Mono White Angels,Jeskai Control,0.0,2,0.0,0.84
Mono White Angels,Sultai Reanimator,0.0,1,0.0,0.98
Mono White Angels,Allies,0.0,1,0.0,0.98
Jeskai Duplication,Izzet Lessons,0.0,2,0.0,0.84
Jeskai Duplication,Simic Rhythm,1.0,1,0.02,1.0
Jeskai Duplication,Dimir Midrange,0.0,1,0.0,0.98
Jeskai Duplication,Mono Green Landfall,0.0,1,0.0,0.98
Jeskai Duplication,Jeskai Control,0.0,1,0.0,0.98
Jeskai Duplication,Sultai Reanimator,0.0,1,0.0,0.98
Jeskai Duplication,Mono-Red Aggro,0.0,1,0.0,0.98
Jeskai Duplication,Bant Airbending,0.5,2,0.01,0.99
Jeskai Duplication,Izzet Looting,1.0,1,0.02,1.0
Jeskai Duplication,Azorius Control,0.0,1,0.0,0.98
Jeskai Duplication,Selesnya Landfall,0.0,1,0.0,0.98
Jeskai Dragons,Izzet Lessons,0.0,4,0.0,0.6
Jeskai Dragons,Dimir Midrange,0.4,5,0.05,0.85
Jeskai Dragons,Sultai Reanimator,1.0,2,0.16,1.0
Jeskai Dragons,Mono-Red Aggro,0.0,1,0.0,0.98
Jeskai Dragons,Bant Airbending,0.5,2,0.01,0.99
Jeskai Dragons,Jeskai Artifacts,1.0,1,0.02,1.0
Jeskai Dragons,Simic Omniscience,0.0,1,0.0,0.98
Jeskai Aggro,Izzet Lessons,0.5,2,0.01,0.99
Jeskai Aggro,Simic Rhythm,0.5,2,0.01,0.99
Jeskai Aggro,Sultai Reanimator,0.0,2,0.0,0.84
Jeskai Aggro,Izzet Elementals,1.0,1,0.02,1.0
Jeskai Aggro,Mono-Red Aggro,0.0,1,0.0,0.98
Jeskai Aggro,Bant Airbending,0.5,2,0.01,0.99
Jeskai Aggro,Dimir Excruciator,1.0,1,0.02,1.0
Jeskai Aggro,Azorius Flash,0.0,1,0.0,0.98
Jeskai Aggro,Izzet Looting,1.0,1,0.02,1.0
Jeskai Aggro,Azorius Control,0.5,2,0.01,0.99
4 Color Roots,Simic Rhythm,0.0,2,0.0,0.84
4 Color Roots,Dimir Midrange,0.0,1,0.0,0.98
4 Color Roots,Mono Green Landfall,0.0,1,0.0,0.98
4 Color Roots,Izzet Elementals,0.0,1,0.0,0.98
4 Color Roots,Mono-Red Aggro,1.0,1,0.02,1.0
4 Color Roots,Dimir Excruciator,1.0,1,0.02,1.0
4 Color Roots,Izzet Prowess,1.0,2,0.16,1.0
4 Color Roots,Boros Dragons,0.5,2,0.01,0.99
Mardu Sacrifice,Izzet Lessons,0.5,4,0.07,0.93
Mardu Sacrifice,Simic Rhythm,0.0,1,0.0,0.98
Mardu Sacrifice,Dimir Midrange,1.0,1,0.02,1.0
Mardu Sacrifice,Jeskai Control,0.0,1,0.0,0.98
Mardu Sacrifice,Sultai Reanimator,0.0,1,0.0,0.98
Mardu Sacrifice,Mono-Red Aggro,0.0,1,0.0,0.98
Mardu Sacrifice,Azorius Control,1.0,1,0.02,1.0
Mardu Sacrifice,Golgari Ouroboroid,0.0,1,0.0,0.98
Mardu Sacrifice,Jeskai Artifacts,1.0,1,0.02,1.0
Bant Landfall,Izzet Lessons,1.0,1,0.02,1.0
Bant Landfall,Simic Rhythm,0.6,5,0.15,0.95
Bant Landfall,Dimir Midrange,1.0,1,0.02,1.0
Bant Landfall,Mono Green Landfall,0.33,3,0.01,0.91
Bant Landfall,Mono-Red Aggro,1.0,1,0.02,1.0
Bant Landfall,Bant Airbending,1.0,1,0.02,1.0
Bant Landfall,Izzet Looting,1.0,1,0.02,1.0
Bant Landfall,Simic Omniscience,1.0,1,0.02,1.0
Mono Blue Tempo,Izzet Lessons,0.0,1,0.0,0.98
Mono Blue Tempo,Simic Rhythm,1.0,1,0.02,1.0
Mono Blue Tempo,Dimir Midrange,0.0,1,0.0,0.98
Mono Blue Tempo,Jeskai Control,1.0,1,0.02,1.0
Mono Blue Tempo,Izzet Elementals,0.5,2,0.01,0.99
Mono Blue Tempo,Bant Airbending,1.0,1,0.02,1.0
Mono Blue Tempo,Temur Landfall,0.33,3,0.01,0.91
Grixis Control,Izzet Lessons,0.5,2,0.01,0.99
Grixis Control,Simic Rhythm,0.5,4,0.07,0.93
Grixis Control,Dimir Midrange,0.0,1,0.0,0.98
Grixis Control,Jeskai Control,0.0,1,0.0,0.98
Grixis Control,Sultai Reanimator,0.0,1,0.0,0.98
Grixis Control,Boros Burn,1.0,1,0.02,1.0
Grixis Control,Azorius Control,0.0,1,0.0,0.98
Orzhov Aggro,Dimir Midrange,0.0,1,0.0,0.98
Orzhov Aggro,Mono Green Landfall,1.0,1,0.02,1.0
Orzhov Aggro,Jeskai Control,0.0,1,0.0,0.98
Orzhov Aggro,Izzet Elementals,0.5,2,0.01,0.99
Orzhov Aggro,Dimir Excruciator,0.33,3,0.01,0.91
Orzhov Aggro,Azorius Flash,0.0,1,0.0,0.98
Orzhov Aggro,Izzet Prowess,0.0,1,0.0,0.98
Orzhov Aggro,Temur Landfall,1.0,2,0.16,1.0
Orzhov Aggro,Temur Ouroboroid,0.0,1,0.0,0.98
Mono Black Sacrifice,Izzet Lessons,0.33,3,0.01,0.91
Mono Black Sacrifice,Simic Rhythm,0.0,1,0.0,0.98
Mono Black Sacrifice,Jeskai Control,0.5,2,0.01,0.99
Mono Black Sacrifice,Azorius Control,0.5,2,0.01,0.99
Mono Black Sacrifice,Simic Omniscience,1.0,1,0.02,1.0
Mono Black Sacrifice,Temur Ouroboroid,0.0,1,0.0,0.98
Random Encounter,Izzet Lessons,0.0,2,0.0,0.84
Random Encounter,Simic Rhythm,0.0,1,0.0,0.98
Random Encounter,Dimir Midrange,0.0,1,0.0,0.98
Random Encounter,Mono Green Landfall,0.0,1,0.0,0.98
Random Encounter,Jeskai Control,0.5,2,0.01,0.99
Random Encounter,Izzet Elementals,1.0,1,0.02,1.0
Random Encounter,Mono-Red Aggro,0.0,2,0.0,0.84
Random Encounter,Temur Landfall,0.0,1,0.0,0.98
Abzan Ketramose,Simic Rhythm,0.0,1,0.0,0.98
Abzan Ketramose,Dimir Midrange,0.0,1,0.0,0.98
Abzan Ketramose,Jeskai Control,0.0,1,0.0,0.98
Abzan Ketramose,Sultai Reanimator,0.0,1,0.0,0.98
Abzan Ketramose,Mono-Red Aggro,0.0,1,0.0,0.98
Abzan Ketramose,Azorius Control,0.0,1,0.0,0.98
Abzan Ketramose,Izzet Splash,0.0,1,0.0,0.98
Abzan Ketramose,Jeskai Artifacts,0.0,1,0.0,0.98
Abzan Ketramose,Temur Ouroboroid,1.0,1,0.02,1.0
Dimir Elementals,Izzet Lessons,1.0,2,0.16,1.0
Dimir Elementals,Dimir Midrange,0.5,2,0.01,0.99
Dimir Elementals,Jeskai Control,0.0,2,0.0,0.84
Dimir Elementals,Sultai Reanimator,0.0,1,0.0,0.98
Dimir Elementals,Izzet Elementals,0.0,1,0.0,0.98
Dimir Elementals,Bant Airbending,0.0,1,0.0,0.98
Dimir Elementals,Boros Dragons,0.0,1,0.0,0.98
Dimir Elementals,Selesnya Landfall,0.0,1,0.0,0.98
Dimir Elementals,Golgari Ouroboroid,1.0,1,0.02,1.0
Dimir Elementals,Temur Lessons,0.0,1,0.0,0.98
Jeskai Siege,Izzet Lessons,1.0,1,0.02,1.0
Jeskai Siege,Simic Rhythm,1.0,5,0.48,1.0
Jeskai Siege,Dimir Midrange,0.0,1,0.0,0.98
Jeskai Siege,Jeskai Control,0.67,3,0.09,0.99
Jeskai Siege,Sultai Reanimator,0.0,1,0.0,0.98
Jeskai Siege,Bant Airbending,1.0,1,0.02,1.0
Mono Green Stompy,Simic Rhythm,0.0,1,0.0,0.98
Mono Green Stompy,Dimir Midrange,0.0,1,0.0,0.98
Mono Green Stompy,Mono Green Landfall,0.0,1,0.0,0.98
Mono Green Stompy,Izzet Elementals,1.0,1,0.02,1.0
Mono Green Stompy,Mono-Red Aggro,0.0,1,0.0,0.98
Mono Green Stompy,Rakdos Monument,1.0,1,0.02,1.0
Mono Green Stompy,Simic Omniscience,1.0,1,0.02,1.0
Temur Midrange,Izzet Lessons,0.33,3,0.01,0.91
Temur Midrange,Simic Rhythm,1.0,1,0.02,1.0
Temur Midrange,Mono-Red Aggro,0.0,1,0.0,0.98
Temur Midrange,Dimir Excruciator,0.0,1,0.0,0.98
Temur Midrange,Temur Landfall,1.0,1,0.02,1.0
Temur Midrange,Grixis Elementals,0.0,1,0.0,0.98
Mardu Control,Izzet Lessons,1.0,1,0.02,1.0
Mardu Control,Dimir Midrange,0.0,2,0.0,0.84
Mardu Control,Jeskai Control,0.5,2,0.01,0.99
Mardu Control,Bant Airbending,1.0,1,0.02,1.0
Mardu Control,Dimir Excruciator,0.33,3,0.01,0.91
Mardu Control,4 Color Control,0.0,1,0.0,0.98
Mardu Control,Jeskai Artifacts,0.0,1,0.0,0.98
Abzan Control,Izzet Lessons,0.5,2,0.01,0.99
Abzan Control,Simic Rhythm,0.0,1,0.0,0.98
Abzan Control,Dimir Midrange,1.0,2,0.16,1.0
Abzan Control,Jeskai Control,0.0,1,0.0,0.98
Abzan Control,Bant Airbending,0.0,1,0.0,0.98
Abzan Control,Boros Burn,1.0,1,0.02,1.0
Abzan Control,Selesnya Landfall,0.0,1,0.0,0.98
Abzan Control,Golgari Ouroboroid,1.0,1,0.02,1.0
Abzan Control,Allies,1.0,1,0.02,1.0
Mono Blue Flash,Izzet Lessons,0.25,4,0.01,0.81
Mono Blue Flash,Simic Rhythm,0.5,2,0.01,0.99
Mono Blue Flash,Sultai Reanimator,1.0,1,0.02,1.0
Mono Blue Flash,Bant Airbending,0.0,1,0.0,0.98
Mono Blue Flash,Azorius Flash,0.0,1,0.0,0.98
Mono Blue Flash,Temur Landfall,0.0,1,0.0,0.98
Mono Blue Flash,Izzet Splash,1.0,1,0.02,1.0
Mono Blue Flash,Allies,0.0,1,0.0,0.98
Jeskai Prowess,Dimir Midrange,0.0,1,0.0,0.98
Jeskai Prowess,Mono Green Landfall,0.33,3,0.01,0.91
Jeskai Prowess,Jeskai Control,0.0,1,0.0,0.98
Jeskai Prowess,Mono-Red Aggro,0.33,3,0.01,0.91
Jeskai Prowess,Bant Airbending,1.0,1,0.02,1.0
Jeskai Prowess,Dimir Excruciator,1.0,1,0.02,1.0
Jeskai Prowess,Temur Landfall,1.0,1,0.02,1.0
Temur Surprise,Izzet Lessons,0.0,1,0.0,0.98
Temur Surprise,Simic Rhythm,0.0,1,0.0,0.98
Temur Surprise,Dimir Midrange,1.0,2,0.16,1.0
Temur Surprise,Sultai Reanimator,1.0,1,0.02,1.0
Temur Surprise,Dimir Excruciator,0.0,1,0.0,0.98
Bant Chocobo,Izzet Lessons,0.0,1,0.0,0.98
Bant Chocobo,Simic Rhythm,0.5,2,0.01,0.99
Bant Chocobo,Dimir Midrange,0.0,1,0.0,0.98
Bant Chocobo,Mono Green Landfall,1.0,1,0.02,1.0
Bant Chocobo,Sultai Reanimator,0.0,2,0.0,0.84
Bant Chocobo,4 Color Control,0.0,1,0.0,0.98
Bant Chocobo,Jeskai Artifacts,1.0,1,0.02,1.0
Esper Flash,Mono Green Landfall,0.0,3,0.0,0.71
Esper Flash,Izzet Elementals,0.0,1,0.0,0.98
Esper Flash,Dimir Excruciator,1.0,1,0.02,1.0
Esper Flash,Izzet Prowess,0.0,1,0.0,0.98
Esper Flash,Temur Landfall,1.0,1,0.02,1.0
Esper Flash,Azorius Control,1.0,1,0.02,1.0
Esper Flash,Rakdos Monument,0.0,1,0.0,0.98
Mardu Midrange,Izzet Lessons,1.0,1,0.02,1.0
Mardu Midrange,Simic Rhythm,0.0,1,0.0,0.98
Mardu Midrange,Dimir Midrange,1.0,2,0.16,1.0
Mardu Midrange,Sultai Reanimator,0.0,1,0.0,0.98
Mardu Midrange,Dimir Excruciator,0.0,1,0.0,0.98
Mardu Midrange,Boros Burn,1.0,1,0.02,1.0
Mardu Midrange,Temur Lessons,0.0,1,0.0,0.98
Orzhov Control,Simic Rhythm,0.0,1,0.0,0.98
Orzhov Control,Mono Green Landfall,0.5,2,0.01,0.99
Orzhov Control,Jeskai Control,0.0,1,0.0,0.98
Orzhov Control,Izzet Splash,0.0,1,0.0,0.98
Orzhov Control,Simic Omniscience,1.0,1,0.02,1.0
Dimir Demons,Dimir Midrange,1.0,2,0.16,1.0
Dimir Demons,Mono-Red Aggro,0.0,1,0.0,0.98
Dimir Demons,Dimir Excruciator,0.0,1,0.0,0.98
Dimir Demons,Azorius Flash,1.0,1,0.02,1.0
Dimir Demons,4 Color Control,0.0,1,0.0,0.98
Golgari Deathtouch,Dimir Midrange,0.0,1,0.0,0.98
Golgari Deathtouch,Mono Green Landfall,0.0,1,0.0,0.98
Golgari Deathtouch,Azorius Flash,1.0,1,0.02,1.0
Golgari Deathtouch,Izzet Looting,0.0,1,0.0,0.98
Golgari Deathtouch,Rakdos Monument,1.0,1,0.02,1.0
Mono Blue Proft,Izzet Lessons,1.0,1,0.02,1.0
Mono Blue Proft,Simic Rhythm,0.0,2,0.0,0.84
Mono Blue Proft,Mono Green Landfall,0.5,2,0.01,0.99
Mono Blue Proft,Izzet Looting,1.0,1,0.02,1.0
Mono Blue Proft,Azorius Control,1.0,1,0.02,1.0
Mono Blue Proft,Selesnya Landfall,0.0,1,0.0,0.98
Jeskai Flash,Izzet Lessons,1.0,1,0.02,1.0
Jeskai Flash,Simic Rhythm,1.0,1,0.02,1.0
Jeskai Flash,Mono Green Landfall,0.0,1,0.0,0.98
Jeskai Flash,Azorius Flash,1.0,1,0.02,1.0
Jeskai Flash,Boros Dragons,1.0,1,0.02,1.0
Jeskai Flash,Temur Landfall,1.0,1,0.02,1.0
Jeskai Flash,4 Color Control,0.0,1,0.0,0.98
Simic Cauldron,Izzet Lessons,1.0,1,0.02,1.0
Simic Cauldron,Simic Rhythm,0.0,1,0.0,0.98
Simic Cauldron,Sultai Reanimator,0.0,1,0.0,0.98
Simic Cauldron,Mono-Red Aggro,0.0,1,0.0,0.98
Simic Cauldron,Boros Burn,0.0,1,0.0,0.98
Simic Cauldron,4 Color Rhythm,0.0,1,0.0,0.98
Simic Cauldron,Selesnya Landfall,0.0,1,0.0,0.98
Golgari Earthbend,Izzet Lessons,1.0,1,0.02,1.0
Golgari Earthbend,Dimir Midrange,0.5,2,0.01,0.99
Golgari Earthbend,Mono Green Landfall,0.0,1,0.0,0.98
Golgari Earthbend,Jeskai Control,0.0,1,0.0,0.98
Golgari Earthbend,Sultai Reanimator,1.0,3,0.29,1.0
Golgari Earthbend,Izzet Splash,0.0,1,0.0,0.98
Golgari Landfall,Izzet Lessons,0.0,1,0.0,0.98
Golgari Landfall,Dimir Midrange,1.0,1,0.02,1.0
Golgari Landfall,Jeskai Control,0.0,1,0.0,0.98
Golgari Landfall,Mono-Red Aggro,0.5,2,0.01,0.99
Golgari Landfall,Azorius Control,0.0,1,0.0,0.98
Golgari Landfall,Temur Ouroboroid,0.0,1,0.0,0.98
Izzet Flash,Izzet Lessons,0.0,2,0.0,0.84
Izzet Flash,Jeskai Control,0.0,1,0.0,0.98
Izzet Flash,Sultai Reanimator,0.0,1,0.0,0.98
Izzet Flash,Allies,0.0,1,0.0,0.98
Izzet Flash,Temur Ouroboroid,1.0,1,0.02,1.0
Sultai Graveyard,Simic Rhythm,0.0,2,0.0,0.84
Sultai Graveyard,Mono Green Landfall,1.0,1,0.02,1.0
Sultai Graveyard,Jeskai Control,0.0,1,0.0,0.98
Sultai Graveyard,Boros Dragons,1.0,1,0.02,1.0
Sultai Graveyard,Izzet Looting,1.0,2,0.16,1.0
Sultai Graveyard,Temur Ouroboroid,0.0,1,0.0,0.98
Mono Black Moonshadow,Izzet Lessons,0.0,2,0.0,0.84
Mono Black Moonshadow,Mono Green Landfall,0.0,2,0.0,0.84
Mono Black Moonshadow,Jeskai Control,0.0,1,0.0,0.98
Mono Black Moonshadow,Sultai Reanimator,0.0,1,0.0,0.98
Mono Black Moonshadow,Mono-Red Aggro,0.0,1,0.0,0.98
Mono Black Moonshadow,Azorius Control,1.0,1,0.02,1.0
Selesnya Kithkins,Izzet Lessons,1.0,1,0.02,1.0
Selesnya Kithkins,Mono Green Landfall,0.0,2,0.0,0.84
Selesnya Kithkins,Sultai Reanimator,0.0,1,0.0,0.98
Selesnya Kithkins,Mono-Red Aggro,1.0,1,0.02,1.0
Selesnya Kithkins,Izzet Looting,1.0,1,0.02,1.0
Selesnya Kithkins,Boros Burn,0.0,1,0.0,0.98
Selesnya Kithkins,Golgari Ouroboroid,1.0,1,0.02,1.0
Selesnya Kithkins,4 Color Control,1.0,1,0.02,1.0
Selesnya Rhythm,Izzet Lessons,0.67,3,0.09,0.99
Selesnya Rhythm,Izzet Elementals,0.0,1,0.0,0.98
Selesnya Rhythm,Dimir Excruciator,0.5,2,0.01,0.99
Selesnya Rhythm,Izzet Prowess,1.0,1,0.02,1.0
Selesnya Rhythm,Boros Dragons,1.0,1,0.02,1.0
Simic Frogs,Izzet Lessons,0.5,2,0.01,0.99
Simic Frogs,Jeskai Control,1.0,1,0.02,1.0
Simic Frogs,Azorius Flash,0.0,1,0.0,0.98
Simic Frogs,Grixis Elementals,0.0,1,0.0,0.98
Simic Frogs,Jeskai Artifacts,0.0,1,0.0,0.98
Abzan Roots,Simic Rhythm,0.0,2,0.0,0.84
Abzan Roots,Jeskai Control,1.0,1,0.02,1.0
Abzan Roots,Sultai Reanimator,0.0,1,0.0,0.98
Abzan Roots,Izzet Elementals,0.5,2,0.01,0.99
Abzan Roots,Bant Airbending,0.0,1,0.0,0.98
Abzan Roots,4 Color Rhythm,0.0,1,0.0,0.98
Jeskai Oculus,Izzet Lessons,0.0,3,0.0,0.71
Jeskai Oculus,Simic Rhythm,1.0,1,0.02,1.0
Jeskai Oculus,Jeskai Control,0.0,1,0.0,0.98
Jeskai Oculus,Sultai Reanimator,1.0,1,0.02,1.0
Jeskai Oculus,Izzet Elementals,0.0,2,0.0,0.84
Temur Cauldron,Izzet Lessons,1.0,1,0.02,1.0
Temur Cauldron,Dimir Midrange,1.0,1,0.02,1.0
Temur Cauldron,Izzet Elementals,0.0,1,0.0,0.98
Temur Cauldron,Bant Airbending,0.0,1,0.0,0.98
Temur Cauldron,Dimir Excruciator,0.0,1,0.0,0.98
Temur Cauldron,Boros Burn,1.0,1,0.02,1.0
Temur Cauldron,4 Color Control,1.0,1,0.02,1.0
Temur Cauldron,Grixis Elementals,0.0,1,0.0,0.98
Rakdos Leyline,Izzet Lessons,0.5,2,0.01,0.99
Rakdos Leyline,Simic Rhythm,0.0,1,0.0,0.98
Rakdos Leyline,Mono Green Landfall,0.0,1,0.0,0.98
Rakdos Leyline,Dimir Excruciator,0.0,1,0.0,0.98
Rakdos Leyline,Izzet Prowess,0.0,1,0.0,0.98
Rakdos Leyline,Azorius Control,1.0,1,0.02,1.0
Mono Black Ugin,Izzet Lessons,0.0,1,0.0,0.98
Mono Black Ugin,Simic Rhythm,0.0,1,0.0,0.98
Mono Black Ugin,Dimir Midrange,1.0,1,0.02,1.0
Mono Black Ugin,Mono Green Landfall,0.0,1,0.0,0.98
Mono Black Ugin,Dimir Excruciator,1.0,1,0.02,1.0
Mono Black Ugin,Izzet Prowess,0.0,1,0.0,0.98
Mono Black Ugin,Izzet Splash,1.0,1,0.02,1.0
Dimir Flash,Izzet Lessons,1.0,1,0.02,1.0
Dimir Flash,Simic Rhythm,0.5,2,0.01,0.99
Dimir Flash,Bant Airbending,0.0,1,0.0,0.98
Dimir Flash,Boros Dragons,0.0,1,0.0,0.98
Dimir Flash,Boros Burn,1.0,1,0.02,1.0
Esper Flyers,Simic Rhythm,1.0,1,0.02,1.0
Esper Flyers,Jeskai Control,0.5,2,0.01,0.99
Esper Flyers,Sultai Reanimator,0.0,1,0.0,0.98
Esper Flyers,Bant Airbending,1.0,1,0.02,1.0
Esper Flyers,Izzet Looting,0.0,2,0.0,0.84
Esper Flyers,Boros Burn,1.0,1,0.02,1.0
Dimir Faeries,Mono-Red Aggro,0.0,1,0.0,0.98
Dimir Faeries,Azorius Flash,0.0,1,0.0,0.98
Dimir Faeries,Rakdos Monument,0.0,2,0.0,0.84
Gruul Surprise,Boros Burn,0.67,3,0.09,0.99
Gruul Surprise,Selesnya Landfall,1.0,1,0.02,1.0
Gruul Surprise,Allies,1.0,1,0.02,1.0
Rakdos Lizards,Dimir Midrange,1.0,1,0.02,1.0
Rakdos Lizards,Mono Green Landfall,0.0,1,0.0,0.98
Rakdos Lizards,Izzet Looting,0.0,1,0.0,0.98
Rakdos Lizards,Golgari Ouroboroid,0.0,2,0.0,0.84
Rakdos Lizards,Allies,1.0,1,0.02,1.0
Izzet Dragons,Dimir Midrange,0.0,1,0.0,0.98
Izzet Dragons,Jeskai Control,0.0,1,0.0,0.98
Izzet Dragons,Sultai Reanimator,0.0,1,0.0,0.98
Izzet Dragons,Azorius Control,0.0,1,0.0,0.98
Izzet Dragons,Grixis Elementals,1.0,1,0.02,1.0
Izzet Dragons,Temur Ouroboroid,1.0,1,0.02,1.0
Bant Cage,Mono Green Landfall,0.0,1,0.0,0.98
Bant Cage,Izzet Elementals,1.0,1,0.02,1.0
Bant Cage,Boros Dragons,0.0,2,0.0,0.84
Bant Cage,Temur Landfall,0.0,1,0.0,0.98
Bant Cage,Grixis Elementals,0.0,1,0.0,0.98
Abzan Lifegain,Izzet Lessons,0.0,1,0.0,0.98
Abzan Lifegain,Jeskai Control,0.0,1,0.0,0.98
Abzan Lifegain,Mono-Red Aggro,1.0,2,0.16,1.0
Rakdos Demons,Izzet Lessons,1.0,1,0.02,1.0
Rakdos Demons,Dimir Midrange,1.0,1,0.02,1.0
Rakdos Demons,Mono Green Landfall,0.0,1,0.0,0.98
Rakdos Demons,Azorius Control,0.0,1,0.0,0.98
Rakdos Demons,Temur Lessons,1.0,1,0.02,1.0
Rakdos Weapons,Izzet Lessons,1.0,1,0.02,1.0
Rakdos Weapons,Dimir Midrange,0.0,2,0.0,0.84
Rakdos Weapons,Izzet Prowess,1.0,1,0.02,1.0
Rakdos Weapons,Izzet Looting,0.0,1,0.0,0.98
Rakdos Weapons,Temur Lessons,0.0,1,0.0,0.98
Mono White Pixie,Izzet Lessons,1.0,1,0.02,1.0
Mono White Pixie,Simic Rhythm,0.0,1,0.0,0.98
Mono White Pixie,Dimir Midrange,0.0,2,0.0,0.84
Mono White Pixie,Mono-Red Aggro,1.0,1,0.02,1.0
Mono White Pixie,Jeskai Artifacts,0.0,1,0.0,0.98
Cats Aggro,Simic Rhythm,0.0,1,0.0,0.98
Cats Aggro,Mono Green Landfall,1.0,1,0.02,1.0
Cats Aggro,Bant Airbending,0.0,1,0.0,0.98
Cats Aggro,Azorius Flash,1.0,1,0.02,1.0
Cats Aggro,Selesnya Landfall,1.0,1,0.02,1.0
Cats Aggro,Simic Omniscience,1.0,1,0.02,1.0
Boros Discover,Izzet Lessons,0.33,3,0.01,0.91
Boros Discover,Jeskai Control,0.0,1,0.0,0.98
Boros Discover,Izzet Prowess,0.0,1,0.0,0.98
Jeskai Midrange,Simic Rhythm,0.0,1,0.0,0.98
Jeskai Midrange,Dimir Excruciator,0.0,1,0.0,0.98
Jeskai Midrange,Azorius Flash,0.0,1,0.0,0.98
Jeskai Midrange,Temur Landfall,0.0,2,0.0,0.84
Grixis Oculus,Jeskai Control,0.0,2,0.0,0.84
Grixis Oculus,Boros Burn,1.0,1,0.02,1.0
Selesnya Kona,Izzet Lessons,0.0,3,0.0,0.71
Selesnya Kona,Simic Rhythm,0.0,1,0.0,0.98
Selesnya Kona,Mono-Red Aggro,0.0,1,0.0,0.98
Selesnya Kona,Izzet Looting,1.0,1,0.02,1.0
Dimir Conqueror,Izzet Lessons,0.33,3,0.01,0.91
Dimir Conqueror,Simic Rhythm,0.0,1,0.0,0.98
Dimir Conqueror,Boros Dragons,0.0,1,0.0,0.98
Dimir Conqueror,Azorius Control,1.0,1,0.02,1.0
Esper Aggro,Izzet Lessons,1.0,1,0.02,1.0
Esper Aggro,Bant Airbending,0.0,1,0.0,0.98
Esper Aggro,4 Color Control,0.0,1,0.0,0.98
Jund Midrange,Izzet Lessons,0.0,1,0.0,0.98
Jund Midrange,Dimir Midrange,0.5,2,0.01,0.99
Jund Midrange,Jeskai Control,1.0,1,0.02,1.0
Jund Midrange,Sultai Reanimator,1.0,1,0.02,1.0
Azorius Tempo,Sultai Reanimator,0.0,1,0.0,0.98
Azorius Tempo,Izzet Prowess,0.0,1,0.0,0.98
Azorius Tempo,Boros Burn,1.0,1,0.02,1.0
Azorius Tempo,Jeskai Artifacts,0.0,1,0.0,0.98
Mono Black Aggro,Dimir Midrange,1.0,1,0.02,1.0
Mono Black Aggro,Mono Green Landfall,0.0,2,0.0,0.84
Mono Black Aggro,Azorius Flash,1.0,1,0.02,1.0
Mono Black Aggro,Simic Omniscience,0.0,1,0.0,0.98
Azorius Enchantments,Simic Rhythm,0.0,1,0.0,0.98
Azorius Enchantments,Sultai Reanimator,0.0,1,0.0,0.98
Azorius Enchantments,Bant Airbending,0.0,1,0.0,0.98
Azorius Enchantments,Selesnya Landfall,1.0,1,0.02,1.0
Azorius Enchantments,Jeskai Artifacts,0.0,1,0.0,0.98
Golgari Chocobo,Izzet Lessons,0.0,1,0.0,0.98
Golgari Chocobo,Izzet Looting,0.0,1,0.0,0.98
Golgari Chocobo,4 Color Control,1.0,1,0.02,1.0
Golgari Chocobo,Temur Ouroboroid,0.0,1,0.0,0.98
Esper Blink,Izzet Lessons,0.0,1,0.0,0.98
Esper Blink,Simic Rhythm,0.0,1,0.0,0.98
Sultai Landfall,Izzet Lessons,0.0,1,0.0,0.98
Sultai Landfall,Simic Rhythm,0.5,2,0.01,0.99
Sultai Landfall,Mono Green Landfall,0.5,2,0.01,0.99
Orzhov Artifacts,Izzet Lessons,0.0,1,0.0,0.98
Orzhov Artifacts,Sultai Reanimator,0.5,2,0.01,0.99
Orzhov Artifacts,Azorius Control,0.0,1,0.0,0.98
Orzhov Artifacts,Golgari Ouroboroid,1.0,1,0.02,1.0
Abzan Counters,Simic Rhythm,0.0,1,0.0,0.98
Abzan Counters,Selesnya Landfall,0.0,1,0.0,0.98
Mono Black Discard,Simic Rhythm,0.0,1,0.0,0.98
Mono Black Discard,Mono Green Landfall,0.0,1,0.0,0.98
Mono Black Discard,Sultai Reanimator,0.0,1,0.0,0.98
Sultai Ramp,Izzet Lessons,0.0,1,0.0,0.98
Sultai Ramp,Sultai Reanimator,0.0,1,0.0,0.98
Sultai Ramp,Izzet Elementals,1.0,1,0.02,1.0
Mono White Ugin,Dimir Midrange,0.0,1,0.0,0.98
Mono White Ugin,Boros Burn,1.0,1,0.02,1.0
Mono White Ugin,Selesnya Landfall,0.0,1,0.0,0.98
Izzet Artifacts,Mono-Red Aggro,0.0,1,0.0,0.98
