a,b,winrate_a_vs_b,matches,ci_low,ci_high
Izzet Lessons,Izzet Lessons,0.5,926,0.47,0.53
Izzet Lessons,Simic Rhythm,0.5,806,0.47,0.54
Izzet Lessons,Dimir Midrange,0.53,514,0.49,0.57
Izzet Lessons,Jeskai Control,0.58,400,0.52,0.62
Izzet Lessons,Mono Green Landfall,0.45,375,0.4,0.5
Izzet Lessons,Sultai Reanimator,0.47,301,0.41,0.53
Izzet Lessons,Bant Airbending,0.5,244,0.44,0.56
Izzet Lessons,Mono-Red Aggro,0.42,229,0.35,0.49
Izzet Lessons,Izzet Elementals,0.51,217,0.44,0.58
Izzet Lessons,Dimir Excruciator,0.6,187,0.53,0.67
Izzet Lessons,Azorius Flash,0.38,160,0.31,0.46
Izzet Lessons,Izzet Prowess,0.46,116,0.36,0.55
Izzet Lessons,Izzet Looting,0.44,144,0.36,0.53
Izzet Lessons,Boros Dragons,0.58,110,0.48,0.68
Izzet Lessons,Azorius Control,0.67,84,0.56,0.77
Izzet Lessons,Boros Burn,0.53,116,0.43,0.62
Izzet Lessons,Izzet Splash,0.5,70,0.38,0.62
Izzet Lessons,4 Color Control,0.69,58,0.55,0.8
Izzet Lessons,Temur Landfall,0.42,73,0.31,0.55
Izzet Lessons,Simic Ouroboroid,0.62,21,0.38,0.82
Izzet Lessons,Selesnya Landfall,0.45,95,0.35,0.56
Izzet Lessons,Golgari Ouroboroid,0.48,80,0.36,0.59
Izzet Lessons,Simic Omniscience,0.67,36,0.49,0.81
Izzet Lessons,Jeskai Artifacts,0.62,50,0.47,0.75
Izzet Lessons,Allies,0.48,52,0.34,0.62
Izzet Lessons,Esper Pixie,0.6,43,0.44,0.75
Izzet Lessons,Mono Black Midrange,0.65,20,0.41,0.85
Izzet Lessons,Dimir Bounce,0.54,35,0.37,0.71
Izzet Lessons,Temur Battlecrier,0.69,13,0.39,0.91
Simic Rhythm,Izzet Lessons,0.5,806,0.46,0.53
Simic Rhythm,Simic Rhythm,0.5,714,0.46,0.54
Simic Rhythm,Dimir Midrange,0.59,410,0.54,0.63
Simic Rhythm,Jeskai Control,0.41,379,0.36,0.46
Simic Rhythm,Mono Green Landfall,0.66,298,0.6,0.71
Simic Rhythm,Sultai Reanimator,0.61,300,0.56,0.67
Simic Rhythm,Bant Airbending,0.44,191,0.37,0.51
Simic Rhythm,Mono-Red Aggro,0.48,200,0.4,0.55
Simic Rhythm,Izzet Elementals,0.26,137,0.18,0.34
Simic Rhythm,Dimir Excruciator,0.45,104,0.35,0.55
Simic Rhythm,Azorius Flash,0.42,90,0.32,0.53
Simic Rhythm,Izzet Prowess,0.36,96,0.27,0.47
Simic Rhythm,Izzet Looting,0.61,123,0.52,0.7
Simic Rhythm,Boros Dragons,0.33,66,0.22,0.46
Simic Rhythm,Azorius Control,0.31,67,0.21,0.44
Simic Rhythm,Boros Burn,0.56,103,0.46,0.66
Simic Rhythm,Izzet Splash,0.54,69,0.41,0.66
Simic Rhythm,4 Color Control,0.48,60,0.35,0.62
Simic Rhythm,Temur Landfall,0.36,42,0.22,0.52
Simic Rhythm,Simic Ouroboroid,0.85,20,0.62,0.97
Simic Rhythm,Selesnya Landfall,0.6,77,0.48,0.71
Simic Rhythm,Golgari Ouroboroid,0.63,46,0.48,0.77
Simic Rhythm,Simic Omniscience,0.74,39,0.58,0.87
Simic Rhythm,Jeskai Artifacts,0.64,44,0.48,0.78
Simic Rhythm,Allies,0.68,63,0.55,0.79
Simic Rhythm,Esper Pixie,0.45,33,0.28,0.64
Simic Rhythm,Mono Black Midrange,0.77,26,0.56,0.91
Simic Rhythm,Dimir Bounce,0.59,17,0.33,0.82
Simic Rhythm,Temur Battlecrier,0.45,11,0.17,0.77
Dimir Midrange,Izzet Lessons,0.47,514,0.43,0.51
Dimir Midrange,Simic Rhythm,0.41,410,0.37,0.46
Dimir Midrange,Dimir Midrange,0.5,430,0.45,0.55
Dimir Midrange,Jeskai Control,0.6,255,0.54,0.66
Dimir Midrange,Mono Green Landfall,0.43,225,0.37,0.5
Dimir Midrange,Sultai Reanimator,0.55,208,0.48,0.62
Dimir Midrange,Bant Airbending,0.42,117,0.33,0.51
Dimir Midrange,Mono-Red Aggro,0.42,165,0.35,0.5
Dimir Midrange,Izzet Elementals,0.58,108,0.48,0.68
Dimir Midrange,Dimir Excruciator,0.6,123,0.51,0.69
Dimir Midrange,Azorius Flash,0.6,83,0.49,0.71
Dimir Midrange,Izzet Prowess,0.46,85,0.35,0.57
Dimir Midrange,Izzet Looting,0.49,94,0.38,0.59
Dimir Midrange,Boros Dragons,0.36,56,0.23,0.5
Dimir Midrange,Azorius Control,0.6,97,0.49,0.7
Dimir Midrange,Boros Burn,0.48,67,0.35,0.6
Dimir Midrange,Izzet Splash,0.48,56,0.35,0.62
Dimir Midrange,4 Color Control,0.61,79,0.49,0.72
Dimir Midrange,Temur Landfall,0.7,46,0.54,0.82
Dimir Midrange,Simic Ouroboroid,0.42,76,0.31,0.54
Dimir Midrange,Selesnya Landfall,0.62,53,0.48,0.75
Dimir Midrange,Golgari Ouroboroid,0.35,40,0.21,0.52
Dimir Midrange,Simic Omniscience,0.7,50,0.55,0.82
Dimir Midrange,Jeskai Artifacts,0.65,48,0.49,0.78
Dimir Midrange,Allies,0.52,29,0.33,0.71
Dimir Midrange,Esper Pixie,0.59,17,0.33,0.82
Dimir Midrange,Mono Black Midrange,0.56,32,0.38,0.74
Dimir Midrange,Dimir Bounce,0.57,21,0.34,0.78
Dimir Midrange,Temur Battlecrier,0.65,23,0.43,0.84
Jeskai Control,Izzet Lessons,0.43,400,0.38,0.48
Jeskai Control,Simic Rhythm,0.59,379,0.54,0.64
Jeskai Control,Dimir Midrange,0.4,255,0.34,0.46
Jeskai Control,Jeskai Control,0.5,252,0.44,0.56
Jeskai Control,Mono Green Landfall,0.24,155,0.17,0.31
Jeskai Control,Sultai Reanimator,0.53,171,0.45,0.6
Jeskai Control,Bant Airbending,0.54,120,0.45,0.63
Jeskai Control,Mono-Red Aggro,0.49,105,0.39,0.59
Jeskai Control,Izzet Elementals,0.43,61,0.3,0.56
Jeskai Control,Dimir Excruciator,0.27,44,0.15,0.43
Jeskai Control,Azorius Flash,0.36,58,0.24,0.5
Jeskai Control,Izzet Prowess,0.46,48,0.31,0.61
Jeskai Control,Izzet Looting,0.56,85,0.45,0.67
Jeskai Control,Boros Dragons,0.47,38,0.31,0.64
Jeskai Control,Azorius Control,0.51,49,0.36,0.66
Jeskai Control,Boros Burn,0.61,64,0.48,0.73
Jeskai Control,Izzet Splash,0.52,48,0.37,0.67
Jeskai Control,4 Color Control,0.42,36,0.26,0.59
Jeskai Control,Temur Landfall,0.25,16,0.07,0.52
Jeskai Control,Simic Ouroboroid,0.68,25,0.46,0.85
Jeskai Control,Selesnya Landfall,0.4,43,0.25,0.56
Jeskai Control,Golgari Ouroboroid,0.62,42,0.46,0.76
Jeskai Control,Simic Omniscience,0.29,28,0.13,0.49
Jeskai Control,Jeskai Artifacts,0.73,33,0.54,0.87
Jeskai Control,Allies,0.53,32,0.35,0.71
Jeskai Control,Esper Pixie,0.5,14,0.23,0.77
Jeskai Control,Mono Black Midrange,0.56,9,0.21,0.86
Jeskai Control,Dimir Bounce,0.5,14,0.23,0.77
Jeskai Control,Temur Battlecrier,0.17,6,0.0,0.64
Mono Green Landfall,Izzet Lessons,0.55,375,0.5,0.6
Mono Green Landfall,Simic Rhythm,0.34,298,0.29,0.4
Mono Green Landfall,Dimir Midrange,0.57,225,0.5,0.63
Mono Green Landfall,Jeskai Control,0.76,155,0.69,0.83
Mono Green Landfall,Mono Green Landfall,0.5,254,0.44,0.56
Mono Green Landfall,Sultai Reanimator,0.6,99,0.49,0.69
Mono Green Landfall,Bant Airbending,0.36,83,0.26,0.47
Mono Green Landfall,Mono-Red Aggro,0.68,120,0.59,0.77
Mono Green Landfall,Izzet Elementals,0.57,196,0.49,0.64
Mono Green Landfall,Dimir Excruciator,0.63,149,0.55,0.71
Mono Green Landfall,Azorius Flash,0.66,112,0.57,0.75
Mono Green Landfall,Izzet Prowess,0.49,118,0.4,0.59
Mono Green Landfall,Izzet Looting,0.59,29,0.39,0.76
Mono Green Landfall,Boros Dragons,0.55,77,0.43,0.66
Mono Green Landfall,Azorius Control,0.78,32,0.6,0.91
Mono Green Landfall,Boros Burn,0.38,37,0.22,0.55
Mono Green Landfall,Izzet Splash,0.66,35,0.48,0.81
Mono Green Landfall,4 Color Control,0.67,36,0.49,0.81
Mono Green Landfall,Temur Landfall,0.54,52,0.39,0.68
Mono Green Landfall,Simic Ouroboroid,0.33,6,0.04,0.78
Mono Green Landfall,Selesnya Landfall,0.66,29,0.46,0.82
Mono Green Landfall,Golgari Ouroboroid,0.41,22,0.21,0.64
Mono Green Landfall,Simic Omniscience,0.5,22,0.28,0.72
Mono Green Landfall,Jeskai Artifacts,0.73,15,0.45,0.92
Mono Green Landfall,Allies,0.69,16,0.41,0.89
Mono Green Landfall,Esper Pixie,0.62,13,0.32,0.86
Mono Green Landfall,Mono Black Midrange,0.6,10,0.26,0.88
Mono Green Landfall,Dimir Bounce,0.86,7,0.42,1.0
Mono Green Landfall,Temur Battlecrier,0.43,7,0.1,0.82
Sultai Reanimator,Izzet Lessons,0.53,301,0.47,0.59
Sultai Reanimator,Simic Rhythm,0.39,300,0.33,0.44
Sultai Reanimator,Dimir Midrange,0.45,208,0.38,0.52
Sultai Reanimator,Jeskai Control,0.47,171,0.4,0.55
Sultai Reanimator,Mono Green Landfall,0.4,99,0.31,0.51
Sultai Reanimator,Sultai Reanimator,0.5,196,0.43,0.57
Sultai Reanimator,Bant Airbending,0.36,148,0.28,0.44
Sultai Reanimator,Mono-Red Aggro,0.61,115,0.51,0.7
Sultai Reanimator,Izzet Elementals,0.45,55,0.32,0.59
Sultai Reanimator,Dimir Excruciator,0.22,36,0.1,0.39
Sultai Reanimator,Azorius Flash,0.55,44,0.39,0.7
Sultai Reanimator,Izzet Prowess,0.52,52,0.38,0.66
Sultai Reanimator,Izzet Looting,0.55,55,0.41,0.68
Sultai Reanimator,Boros Dragons,0.56,25,0.35,0.76
Sultai Reanimator,Azorius Control,0.58,53,0.44,0.72
Sultai Reanimator,Boros Burn,0.54,71,0.41,0.65
Sultai Reanimator,Izzet Splash,0.47,47,0.32,0.62
Sultai Reanimator,4 Color Control,0.49,35,0.31,0.66
Sultai Reanimator,Temur Landfall,0.31,16,0.11,0.59
Sultai Reanimator,Simic Ouroboroid,0.61,51,0.46,0.74
Sultai Reanimator,Selesnya Landfall,0.52,31,0.33,0.7
Sultai Reanimator,Golgari Ouroboroid,0.61,38,0.43,0.76
Sultai Reanimator,Simic Omniscience,0.45,29,0.26,0.64
Sultai Reanimator,Jeskai Artifacts,0.71,31,0.52,0.86
Sultai Reanimator,Allies,0.41,32,0.24,0.59
Sultai Reanimator,Esper Pixie,0.7,23,0.47,0.87
Sultai Reanimator,Mono Black Midrange,0.63,16,0.35,0.85
Sultai Reanimator,Dimir Bounce,0.44,9,0.14,0.79
Sultai Reanimator,Temur Battlecrier,0.56,16,0.3,0.8
Bant Airbending,Izzet Lessons,0.5,244,0.44,0.56
Bant Airbending,Simic Rhythm,0.56,191,0.49,0.63
Bant Airbending,Dimir Midrange,0.58,117,0.49,0.67
Bant Airbending,Jeskai Control,0.46,120,0.37,0.55
Bant Airbending,Mono Green Landfall,0.64,83,0.53,0.74
Bant Airbending,Sultai Reanimator,0.64,148,0.56,0.72
Bant Airbending,Bant Airbending,0.5,114,0.4,0.6
Bant Airbending,Mono-Red Aggro,0.54,67,0.41,0.66
Bant Airbending,Izzet Elementals,0.41,44,0.26,0.57
Bant Airbending,Dimir Excruciator,0.46,35,0.29,0.63
Bant Airbending,Azorius Flash,0.6,42,0.43,0.74
Bant Airbending,Izzet Prowess,0.36,28,0.19,0.56
Bant Airbending,Izzet Looting,0.64,28,0.44,0.81
Bant Airbending,Boros Dragons,0.38,24,0.19,0.59
Bant Airbending,Azorius Control,0.6,35,0.42,0.76
Bant Airbending,Boros Burn,0.5,30,0.31,0.69
Bant Airbending,Izzet Splash,0.5,34,0.32,0.68
Bant Airbending,4 Color Control,0.3,23,0.13,0.53
Bant Airbending,Temur Landfall,0.42,26,0.23,0.63
Bant Airbending,Simic Ouroboroid,0.56,36,0.38,0.72
Bant Airbending,Selesnya Landfall,0.5,20,0.27,0.73
Bant Airbending,Golgari Ouroboroid,0.59,27,0.39,0.78
Bant Airbending,Simic Omniscience,0.42,19,0.2,0.67
Bant Airbending,Jeskai Artifacts,0.78,9,0.4,0.97
Bant Airbending,Allies,0.79,19,0.54,0.94
Bant Airbending,Esper Pixie,0.5,14,0.23,0.77
Bant Airbending,Mono Black Midrange,0.73,11,0.39,0.94
Bant Airbending,Dimir Bounce,0.14,7,0.0,0.58
Bant Airbending,Temur Battlecrier,0.88,8,0.47,1.0
Mono-Red Aggro,Izzet Lessons,0.58,229,0.51,0.65
Mono-Red Aggro,Simic Rhythm,0.53,200,0.45,0.6
Mono-Red Aggro,Dimir Midrange,0.58,165,0.5,0.65
Mono-Red Aggro,Jeskai Control,0.51,105,0.41,0.61
Mono-Red Aggro,Mono Green Landfall,0.32,120,0.23,0.41
Mono-Red Aggro,Sultai Reanimator,0.39,115,0.3,0.49
Mono-Red Aggro,Bant Airbending,0.46,67,0.34,0.59
Mono-Red Aggro,Mono-Red Aggro,0.5,74,0.38,0.62
Mono-Red Aggro,Izzet Elementals,0.43,46,0.29,0.59
Mono-Red Aggro,Dimir Excruciator,0.5,36,0.33,0.67
Mono-Red Aggro,Azorius Flash,0.56,34,0.38,0.73
Mono-Red Aggro,Izzet Prowess,0.5,44,0.35,0.65
Mono-Red Aggro,Izzet Looting,0.41,32,0.24,0.59
Mono-Red Aggro,Boros Dragons,0.35,31,0.19,0.55
Mono-Red Aggro,Azorius Control,0.65,26,0.44,0.83
Mono-Red Aggro,Boros Burn,0.51,35,0.34,0.69
Mono-Red Aggro,Izzet Splash,0.33,21,0.15,0.57
Mono-Red Aggro,4 Color Control,0.57,14,0.29,0.82
Mono-Red Aggro,Temur Landfall,0.25,24,0.1,0.47
Mono-Red Aggro,Simic Ouroboroid,0.4,20,0.19,0.64
Mono-Red Aggro,Selesnya Landfall,0.14,21,0.03,0.36
Mono-Red Aggro,Golgari Ouroboroid,0.53,15,0.27,0.79
Mono-Red Aggro,Simic Omniscience,0.56,16,0.3,0.8
Mono-Red Aggro,Jeskai Artifacts,0.31,13,0.09,0.61
Mono-Red Aggro,Allies,0.45,22,0.24,0.68
Mono-Red Aggro,Esper Pixie,0.6,5,0.15,0.95
Mono-Red Aggro,Mono Black Midrange,0.17,6,0.0,0.64
Mono-Red Aggro,Dimir Bounce,0.64,11,0.31,0.89
Mono-Red Aggro,Temur Battlecrier,1.0,5,0.48,1.0
Izzet Elementals,Izzet Lessons,0.49,217,0.42,0.56
Izzet Elementals,Simic Rhythm,0.74,137,0.66,0.82
Izzet Elementals,Dimir Midrange,0.42,108,0.32,0.52
Izzet Elementals,Jeskai Control,0.57,61,0.44,0.7
Izzet Elementals,Mono Green Landfall,0.43,196,0.36,0.51
Izzet Elementals,Sultai Reanimator,0.55,55,0.41,0.68
Izzet Elementals,Bant Airbending,0.59,44,0.43,0.74
Izzet Elementals,Mono-Red Aggro,0.57,46,0.41,0.71
Izzet Elementals,Izzet Elementals,0.5,130,0.41,0.59
Izzet Elementals,Dimir Excruciator,0.43,114,0.34,0.53
Izzet Elementals,Azorius Flash,0.59,75,0.47,0.7
Izzet Elementals,Izzet Prowess,0.57,81,0.45,0.68
Izzet Elementals,Izzet Looting,0.33,3,0.01,0.91
Izzet Elementals,Boros Dragons,0.53,62,0.4,0.66
Izzet Elementals,Azorius Control,0.47,17,0.23,0.72
Izzet Elementals,Boros Burn,0.71,7,0.29,0.96
Izzet Elementals,Izzet Splash,0.48,21,0.26,0.7
Izzet Elementals,4 Color Control,0.63,19,0.38,0.84
Izzet Elementals,Temur Landfall,0.58,57,0.44,0.71
Izzet Elementals,Selesnya Landfall,0.55,11,0.23,0.83
Izzet Elementals,Golgari Ouroboroid,0.8,5,0.28,0.99
Izzet Elementals,Simic Omniscience,0.42,12,0.15,0.72
Izzet Elementals,Jeskai Artifacts,0.67,6,0.22,0.96
Izzet Elementals,Allies,0.5,2,0.01,0.99
Izzet Elementals,Esper Pixie,0.55,11,0.23,0.83
Izzet Elementals,Mono Black Midrange,0.64,11,0.31,0.89
Izzet Elementals,Dimir Bounce,0.56,9,0.21,0.86
Izzet Elementals,Temur Battlecrier,0.67,3,0.09,0.99
Dimir Excruciator,Izzet Lessons,0.4,187,0.33,0.47
Dimir Excruciator,Simic Rhythm,0.55,104,0.45,0.65
Dimir Excruciator,Dimir Midrange,0.4,123,0.31,0.49
Dimir Excruciator,Jeskai Control,0.73,44,0.57,0.85
Dimir Excruciator,Mono Green Landfall,0.37,149,0.29,0.45
Dimir Excruciator,Sultai Reanimator,0.78,36,0.61,0.9
Dimir Excruciator,Bant Airbending,0.54,35,0.37,0.71
Dimir Excruciator,Mono-Red Aggro,0.5,36,0.33,0.67
Dimir Excruciator,Izzet Elementals,0.57,114,0.47,0.66
Dimir Excruciator,Dimir Excruciator,0.5,140,0.41,0.59
Dimir Excruciator,Azorius Flash,0.48,90,0.37,0.59
Dimir Excruciator,Izzet Prowess,0.41,68,0.29,0.54
Dimir Excruciator,Izzet Looting,0.5,6,0.12,0.88
Dimir Excruciator,Boros Dragons,0.59,51,0.44,0.72
Dimir Excruciator,Azorius Control,0.55,20,0.32,0.77
Dimir Excruciator,Boros Burn,0.38,8,0.09,0.76
Dimir Excruciator,Izzet Splash,0.73,15,0.45,0.92
Dimir Excruciator,4 Color Control,0.26,19,0.09,0.51
Dimir Excruciator,Temur Landfall,0.31,49,0.18,0.45
Dimir Excruciator,Selesnya Landfall,0.5,8,0.16,0.84
Dimir Excruciator,Golgari Ouroboroid,0.57,7,0.18,0.9
Dimir Excruciator,Simic Omniscience,0.64,11,0.31,0.89
Dimir Excruciator,Jeskai Artifacts,0.4,5,0.05,0.85
Dimir Excruciator,Esper Pixie,0.75,4,0.19,0.99
Dimir Excruciator,Mono Black Midrange,0.0,4,0.0,0.6
Dimir Excruciator,Dimir Bounce,0.2,5,0.01,0.72
Dimir Excruciator,Temur Battlecrier,0.5,4,0.07,0.93
Azorius Flash,Izzet Lessons,0.62,160,0.54,0.69
Azorius Flash,Simic Rhythm,0.58,90,0.47,0.68
Azorius Flash,Dimir Midrange,0.4,83,0.29,0.51
Azorius Flash,Jeskai Control,0.64,58,0.5,0.76
Azorius Flash,Mono Green Landfall,0.34,112,0.25,0.43
Azorius Flash,Sultai Reanimator,0.45,44,0.3,0.61
Azorius Flash,Bant Airbending,0.4,42,0.26,0.57
Azorius Flash,Mono-Red Aggro,0.44,34,0.27,0.62
Azorius Flash,Izzet Elementals,0.41,75,0.3,0.53
Azorius Flash,Dimir Excruciator,0.52,90,0.41,0.63
Azorius Flash,Azorius Flash,0.5,64,0.37,0.63
Azorius Flash,Izzet Prowess,0.55,49,0.4,0.69
Azorius Flash,Izzet Looting,0.82,17,0.57,0.96
Azorius Flash,Boros Dragons,0.54,41,0.37,0.69
Azorius Flash,Azorius Control,0.5,18,0.26,0.74
Azorius Flash,Boros Burn,0.75,8,0.35,0.97
Azorius Flash,Izzet Splash,0.62,13,0.32,0.86
Azorius Flash,4 Color Control,0.27,11,0.06,0.61
Azorius Flash,Temur Landfall,0.78,36,0.61,0.9
Azorius Flash,Simic Ouroboroid,0.83,6,0.36,1.0
Azorius Flash,Selesnya Landfall,0.45,11,0.17,0.77
Azorius Flash,Golgari Ouroboroid,0.67,9,0.3,0.93
Azorius Flash,Simic Omniscience,0.6,5,0.15,0.95
Azorius Flash,Jeskai Artifacts,0.67,6,0.22,0.96
Azorius Flash,Allies,0.5,4,0.07,0.93
Azorius Flash,Esper Pixie,0.45,11,0.17,0.77
Azorius Flash,Mono Black Midrange,0.67,6,0.22,0.96
Azorius Flash,Dimir Bounce,0.71,7,0.29,0.96
Azorius Flash,Temur Battlecrier,0.67,3,0.09,0.99
Izzet Prowess,Izzet Lessons,0.54,116,0.45,0.64
Izzet Prowess,Simic Rhythm,0.64,96,0.53,0.73
Izzet Prowess,Dimir Midrange,0.54,85,0.43,0.65
Izzet Prowess,Jeskai Control,0.54,48,0.39,0.69
Izzet Prowess,Mono Green Landfall,0.51,118,0.41,0.6
Izzet Prowess,Sultai Reanimator,0.48,52,0.34,0.62
Izzet Prowess,Bant Airbending,0.64,28,0.44,0.81
Izzet Prowess,Mono-Red Aggro,0.5,44,0.35,0.65
Izzet Prowess,Izzet Elementals,0.43,81,0.32,0.55
Izzet Prowess,Dimir Excruciator,0.59,68,0.46,0.71
Izzet Prowess,Azorius Flash,0.45,49,0.31,0.6
Izzet Prowess,Izzet Prowess,0.5,82,0.39,0.61
Izzet Prowess,Izzet Looting,0.4,10,0.12,0.74
Izzet Prowess,Boros Dragons,0.52,27,0.32,0.71
Izzet Prowess,Azorius Control,0.67,9,0.3,0.93
Izzet Prowess,Boros Burn,0.4,5,0.05,0.85
Izzet Prowess,Izzet Splash,0.44,9,0.14,0.79
Izzet Prowess,4 Color Control,0.64,14,0.35,0.87
Izzet Prowess,Temur Landfall,0.5,26,0.3,0.7
Izzet Prowess,Simic Ouroboroid,0.0,1,0.0,0.98
Izzet Prowess,Selesnya Landfall,0.6,5,0.15,0.95
Izzet Prowess,Golgari Ouroboroid,0.57,7,0.18,0.9
Izzet Prowess,Simic Omniscience,0.5,4,0.07,0.93
Izzet Prowess,Jeskai Artifacts,0.67,3,0.09,0.99
Izzet Prowess,Allies,0.75,4,0.19,0.99
Izzet Prowess,Esper Pixie,0.57,7,0.18,0.9
Izzet Prowess,Mono Black Midrange,0.75,4,0.19,0.99
Izzet Prowess,Dimir Bounce,0.57,7,0.18,0.9
Izzet Prowess,Temur Battlecrier,1.0,1,0.02,1.0
Izzet Looting,Izzet Lessons,0.56,144,0.47,0.64
Izzet Looting,Simic Rhythm,0.39,123,0.3,0.48
Izzet Looting,Dimir Midrange,0.51,94,0.41,0.62
Izzet Looting,Jeskai Control,0.44,85,0.33,0.55
Izzet Looting,Mono Green Landfall,0.41,29,0.24,0.61
Izzet Looting,Sultai Reanimator,0.45,55,0.32,0.59
Izzet Looting,Bant Airbending,0.36,28,0.19,0.56
Izzet Looting,Mono-Red Aggro,0.59,32,0.41,0.76
Izzet Looting,Izzet Elementals,0.67,3,0.09,0.99
Izzet Looting,Dimir Excruciator,0.5,6,0.12,0.88
Izzet Looting,Azorius Flash,0.18,17,0.04,0.43
Izzet Looting,Izzet Prowess,0.6,10,0.26,0.88
Izzet Looting,Izzet Looting,0.5,48,0.35,0.65
Izzet Looting,Boros Dragons,0.6,5,0.15,0.95
Izzet Looting,Azorius Control,0.67,12,0.35,0.9
Izzet Looting,Boros Burn,0.69,29,0.49,0.85
Izzet Looting,Izzet Splash,0.47,17,0.23,0.72
Izzet Looting,4 Color Control,0.33,6,0.04,0.78
Izzet Looting,Simic Ouroboroid,0.5,14,0.23,0.77
Izzet Looting,Selesnya Landfall,0.21,14,0.05,0.51
Izzet Looting,Golgari Ouroboroid,0.38,16,0.15,0.65
Izzet Looting,Simic Omniscience,0.5,6,0.12,0.88
Izzet Looting,Jeskai Artifacts,0.5,12,0.21,0.79
Izzet Looting,Allies,0.56,16,0.3,0.8
Izzet Looting,Esper Pixie,0.5,4,0.07,0.93
Izzet Looting,Mono Black Midrange,0.57,7,0.18,0.9
Izzet Looting,Dimir Bounce,0.67,15,0.38,0.88
Izzet Looting,Temur Battlecrier,0.0,4,0.0,0.6
Boros Dragons,Izzet Lessons,0.42,110,0.32,0.52
Boros Dragons,Simic Rhythm,0.67,66,0.54,0.78
Boros Dragons,Dimir Midrange,0.64,56,0.5,0.77
Boros Dragons,Jeskai Control,0.53,38,0.36,0.69
Boros Dragons,Mono Green Landfall,0.45,77,0.34,0.57
Boros Dragons,Sultai Reanimator,0.44,25,0.24,0.65
Boros Dragons,Bant Airbending,0.63,24,0.41,0.81
Boros Dragons,Mono-Red Aggro,0.65,31,0.45,0.81
Boros Dragons,Izzet Elementals,0.47,62,0.34,0.6
Boros Dragons,Dimir Excruciator,0.41,51,0.28,0.56
Boros Dragons,Azorius Flash,0.46,41,0.31,0.63
Boros Dragons,Izzet Prowess,0.48,27,0.29,0.68
Boros Dragons,Izzet Looting,0.4,5,0.05,0.85
Boros Dragons,Boros Dragons,0.5,30,0.31,0.69
Boros Dragons,Azorius Control,0.5,4,0.07,0.93
Boros Dragons,Boros Burn,0.67,12,0.35,0.9
Boros Dragons,Izzet Splash,0.5,10,0.19,0.81
Boros Dragons,4 Color Control,0.29,7,0.04,0.71
Boros Dragons,Temur Landfall,0.44,25,0.24,0.65
Boros Dragons,Simic Ouroboroid,1.0,1,0.02,1.0
Boros Dragons,Selesnya Landfall,0.4,5,0.05,0.85
Boros Dragons,Golgari Ouroboroid,0.5,2,0.01,0.99
Boros Dragons,Simic Omniscience,0.4,5,0.05,0.85
Boros Dragons,Allies,0.33,3,0.01,0.91
Boros Dragons,Esper Pixie,0.6,5,0.15,0.95
Boros Dragons,Mono Black Midrange,0.25,4,0.01,0.81
Boros Dragons,Dimir Bounce,0.0,2,0.0,0.84
Boros Dragons,Temur Battlecrier,0.75,4,0.19,0.99
Azorius Control,Izzet Lessons,0.33,84,0.23,0.44
Azorius Control,Simic Rhythm,0.69,67,0.56,0.79
Azorius Control,Dimir Midrange,0.4,97,0.3,0.51
Azorius Control,Jeskai Control,0.49,49,0.34,0.64
Azorius Control,Mono Green Landfall,0.22,32,0.09,0.4
Azorius Control,Sultai Reanimator,0.42,53,0.28,0.56
Azorius Control,Bant Airbending,0.4,35,0.24,0.58
Azorius Control,Mono-Red Aggro,0.35,26,0.17,0.56
Azorius Control,Izzet Elementals,0.53,17,0.28,0.77
Azorius Control,Dimir Excruciator,0.45,20,0.23,0.68
Azorius Control,Azorius Flash,0.5,18,0.26,0.74
Azorius Control,Izzet Prowess,0.33,9,0.07,0.7
Azorius Control,Izzet Looting,0.33,12,0.1,0.65
Azorius Control,Boros Dragons,0.5,4,0.07,0.93
Azorius Control,Azorius Control,0.5,28,0.31,0.69
Azorius Control,Boros Burn,0.44,9,0.14,0.79
Azorius Control,Izzet Splash,0.22,9,0.03,0.6
Azorius Control,4 Color Control,0.39,18,0.17,0.64
Azorius Control,Temur Landfall,0.57,7,0.18,0.9
Azorius Control,Simic Ouroboroid,0.59,22,0.36,0.79
Azorius Control,Selesnya Landfall,0.29,7,0.04,0.71
Azorius Control,Golgari Ouroboroid,0.67,12,0.35,0.9
Azorius Control,Simic Omniscience,0.36,11,0.11,0.69
Azorius Control,Jeskai Artifacts,0.33,6,0.04,0.78
Azorius Control,Allies,0.67,6,0.22,0.96
Azorius Control,Esper Pixie,0.5,4,0.07,0.93
Azorius Control,Mono Black Midrange,0.17,6,0.0,0.64
Azorius Control,Dimir Bounce,1.0,3,0.29,1.0
Azorius Control,Temur Battlecrier,0.86,7,0.42,1.0
Boros Burn,Izzet Lessons,0.47,116,0.38,0.57
Boros Burn,Simic Rhythm,0.44,103,0.34,0.54
Boros Burn,Dimir Midrange,0.52,67,0.4,0.65
Boros Burn,Jeskai Control,0.39,64,0.27,0.52
Boros Burn,Mono Green Landfall,0.62,37,0.45,0.78
Boros Burn,Sultai Reanimator,0.46,71,0.35,0.59
Boros Burn,Bant Airbending,0.5,30,0.31,0.69
Boros Burn,Mono-Red Aggro,0.49,35,0.31,0.66
Boros Burn,Izzet Elementals,0.29,7,0.04,0.71
Boros Burn,Dimir Excruciator,0.63,8,0.24,0.91
Boros Burn,Azorius Flash,0.25,8,0.03,0.65
Boros Burn,Izzet Prowess,0.6,5,0.15,0.95
Boros Burn,Izzet Looting,0.31,29,0.15,0.51
Boros Burn,Boros Dragons,0.33,12,0.1,0.65
Boros Burn,Azorius Control,0.56,9,0.21,0.86
Boros Burn,Boros Burn,0.5,26,0.3,0.7
Boros Burn,Izzet Splash,0.67,6,0.22,0.96
Boros Burn,4 Color Control,0.5,2,0.01,0.99
Boros Burn,Temur Landfall,0.25,4,0.01,0.81
Boros Burn,Simic Ouroboroid,0.33,9,0.07,0.7
Boros Burn,Selesnya Landfall,0.4,10,0.12,0.74
Boros Burn,Golgari Ouroboroid,0.58,12,0.28,0.85
Boros Burn,Simic Omniscience,0.67,6,0.22,0.96
Boros Burn,Jeskai Artifacts,0.25,8,0.03,0.65
Boros Burn,Allies,0.33,6,0.04,0.78
Boros Burn,Esper Pixie,0.29,7,0.04,0.71
Boros Burn,Mono Black Midrange,0.3,10,0.07,0.65
Boros Burn,Dimir Bounce,0.5,2,0.01,0.99
Izzet Splash,Izzet Lessons,0.5,70,0.38,0.62
Izzet Splash,Simic Rhythm,0.46,69,0.34,0.59
Izzet Splash,Dimir Midrange,0.52,56,0.38,0.65
Izzet Splash,Jeskai Control,0.48,48,0.33,0.63
Izzet Splash,Mono Green Landfall,0.34,35,0.19,0.52
Izzet Splash,Sultai Reanimator,0.53,47,0.38,0.68
Izzet Splash,Bant Airbending,0.5,34,0.32,0.68
Izzet Splash,Mono-Red Aggro,0.67,21,0.43,0.85
Izzet Splash,Izzet Elementals,0.52,21,0.3,0.74
Izzet Splash,Dimir Excruciator,0.27,15,0.08,0.55
Izzet Splash,Azorius Flash,0.38,13,0.14,0.68
Izzet Splash,Izzet Prowess,0.56,9,0.21,0.86
Izzet Splash,Izzet Looting,0.53,17,0.28,0.77
Izzet Splash,Boros Dragons,0.5,10,0.19,0.81
Izzet Splash,Azorius Control,0.78,9,0.4,0.97
Izzet Splash,Boros Burn,0.33,6,0.04,0.78
Izzet Splash,Izzet Splash,0.5,14,0.23,0.77
Izzet Splash,4 Color Control,0.29,7,0.04,0.71
Izzet Splash,Temur Landfall,0.33,9,0.07,0.7
Izzet Splash,Simic Ouroboroid,0.54,13,0.25,0.81
Izzet Splash,Selesnya Landfall,0.2,5,0.01,0.72
Izzet Splash,Golgari Ouroboroid,0.13,8,0.0,0.53
Izzet Splash,Simic Omniscience,0.4,10,0.12,0.74
Izzet Splash,Jeskai Artifacts,0.8,5,0.28,0.99
Izzet Splash,Allies,0.43,7,0.1,0.82
Izzet Splash,Esper Pixie,0.6,5,0.15,0.95
Izzet Splash,Mono Black Midrange,0.67,3,0.09,0.99
Izzet Splash,Dimir Bounce,0.0,2,0.0,0.84
Izzet Splash,Temur Battlecrier,1.0,1,0.02,1.0
4 Color Control,Izzet Lessons,0.31,58,0.2,0.45
4 Color Control,Simic Rhythm,0.52,60,0.38,0.65
4 Color Control,Dimir Midrange,0.39,79,0.28,0.51
4 Color Control,Jeskai Control,0.58,36,0.41,0.74
4 Color Control,Mono Green Landfall,0.33,36,0.19,0.51
4 Color Control,Sultai Reanimator,0.51,35,0.34,0.69
4 Color Control,Bant Airbending,0.7,23,0.47,0.87
4 Color Control,Mono-Red Aggro,0.43,14,0.18,0.71
4 Color Control,Izzet Elementals,0.37,19,0.16,0.62
4 Color Control,Dimir Excruciator,0.74,19,0.49,0.91
4 Color Control,Azorius Flash,0.73,11,0.39,0.94
4 Color Control,Izzet Prowess,0.36,14,0.13,0.65
4 Color Control,Izzet Looting,0.67,6,0.22,0.96
4 Color Control,Boros Dragons,0.71,7,0.29,0.96
4 Color Control,Azorius Control,0.61,18,0.36,0.83
4 Color Control,Boros Burn,0.5,2,0.01,0.99
4 Color Control,Izzet Splash,0.71,7,0.29,0.96
4 Color Control,4 Color Control,0.5,8,0.16,0.84
4 Color Control,Temur Landfall,0.4,10,0.12,0.74
4 Color Control,Simic Ouroboroid,0.44,18,0.22,0.69
4 Color Control,Selesnya Landfall,0.0,7,0.0,0.41
4 Color Control,Golgari Ouroboroid,0.67,6,0.22,0.96
4 Color Control,Simic Omniscience,0.75,8,0.35,0.97
4 Color Control,Jeskai Artifacts,0.8,5,0.28,0.99
4 Color Control,Allies,1.0,1,0.02,1.0
4 Color Control,Esper Pixie,0.4,5,0.05,0.85
4 Color Control,Mono Black Midrange,0.75,4,0.19,0.99
4 Color Control,Dimir Bounce,0.33,3,0.01,0.91
4 Color Control,Temur Battlecrier,0.33,6,0.04,0.78
Temur Landfall,Izzet Lessons,0.58,73,0.45,0.69
Temur Landfall,Simic Rhythm,0.64,42,0.48,0.78
Temur Landfall,Dimir Midrange,0.3,46,0.18,0.46
Temur Landfall,Jeskai Control,0.75,16,0.48,0.93
Temur Landfall,Mono Green Landfall,0.46,52,0.32,0.61
Temur Landfall,Sultai Reanimator,0.69,16,0.41,0.89
Temur Landfall,Bant Airbending,0.58,26,0.37,0.77
Temur Landfall,Mono-Red Aggro,0.75,24,0.53,0.9
Temur Landfall,Izzet Elementals,0.42,57,0.29,0.56
Temur Landfall,Dimir Excruciator,0.69,49,0.55,0.82
Temur Landfall,Azorius Flash,0.22,36,0.1,0.39
Temur Landfall,Izzet Prowess,0.5,26,0.3,0.7
Temur Landfall,Boros Dragons,0.56,25,0.35,0.76
Temur Landfall,Azorius Control,0.43,7,0.1,0.82
Temur Landfall,Boros Burn,0.75,4,0.19,0.99
Temur Landfall,Izzet Splash,0.67,9,0.3,0.93
Temur Landfall,4 Color Control,0.6,10,0.26,0.88
Temur Landfall,Temur Landfall,0.5,22,0.28,0.72
Temur Landfall,Selesnya Landfall,0.75,4,0.19,0.99
Temur Landfall,Golgari Ouroboroid,0.33,3,0.01,0.91
Temur Landfall,Simic Omniscience,1.0,1,0.02,1.0
Temur Landfall,Jeskai Artifacts,0.0,1,0.0,0.98
Temur Landfall,Esper Pixie,1.0,2,0.16,1.0
Temur Landfall,Mono Black Midrange,0.0,2,0.0,0.84
Temur Landfall,Dimir Bounce,0.5,4,0.07,0.93
Temur Landfall,Temur Battlecrier,1.0,2,0.16,1.0
Simic Ouroboroid,Izzet Lessons,0.38,21,0.18,0.62
Simic Ouroboroid,Simic Rhythm,0.15,20,0.03,0.38
Simic Ouroboroid,Dimir Midrange,0.58,76,0.46,0.69
Simic Ouroboroid,Jeskai Control,0.32,25,0.15,0.54
Simic Ouroboroid,Mono Green Landfall,0.67,6,0.22,0.96
Simic Ouroboroid,Sultai Reanimator,0.39,51,0.26,0.54
Simic Ouroboroid,Bant Airbending,0.44,36,0.28,0.62
Simic Ouroboroid,Mono-Red Aggro,0.6,20,0.36,0.81
Simic Ouroboroid,Azorius Flash,0.17,6,0.0,0.64
Simic Ouroboroid,Izzet Prowess,1.0,1,0.02,1.0
Simic Ouroboroid,Izzet Looting,0.5,14,0.23,0.77
Simic Ouroboroid,Boros Dragons,0.0,1,0.0,0.98
Simic Ouroboroid,Azorius Control,0.41,22,0.21,0.64
Simic Ouroboroid,Boros Burn,0.67,9,0.3,0.93
Simic Ouroboroid,Izzet Splash,0.46,13,0.19,0.75
Simic Ouroboroid,4 Color Control,0.56,18,0.31,0.78
Simic Ouroboroid,Simic Ouroboroid,0.5,70,0.38,0.62
Simic Ouroboroid,Selesnya Landfall,0.0,1,0.0,0.98
Simic Ouroboroid,Golgari Ouroboroid,0.33,9,0.07,0.7
Simic Ouroboroid,Simic Omniscience,0.78,18,0.52,0.94
Simic Ouroboroid,Jeskai Artifacts,0.7,10,0.35,0.93
Simic Ouroboroid,Allies,0.0,2,0.0,0.84
Simic Ouroboroid,Esper Pixie,0.4,5,0.05,0.85
Simic Ouroboroid,Mono Black Midrange,0.73,11,0.39,0.94
Simic Ouroboroid,Dimir Bounce,0.6,5,0.15,0.95
Simic Ouroboroid,Temur Battlecrier,0.63,8,0.24,0.91
Selesnya Landfall,Izzet Lessons,0.55,95,0.44,0.65
Selesnya Landfall,Simic Rhythm,0.4,77,0.29,0.52
Selesnya Landfall,Dimir Midrange,0.38,53,0.25,0.52
Selesnya Landfall,Jeskai Control,0.6,43,0.44,0.75
Selesnya Landfall,Mono Green Landfall,0.34,29,0.18,0.54
Selesnya Landfall,Sultai Reanimator,0.48,31,0.3,0.67
Selesnya Landfall,Bant Airbending,0.5,20,0.27,0.73
Selesnya Landfall,Mono-Red Aggro,0.86,21,0.64,0.97
Selesnya Landfall,Izzet Elementals,0.45,11,0.17,0.77
Selesnya Landfall,Dimir Excruciator,0.5,8,0.16,0.84
Selesnya Landfall,Azorius Flash,0.55,11,0.23,0.83
Selesnya Landfall,Izzet Prowess,0.4,5,0.05,0.85
Selesnya Landfall,Izzet Looting,0.79,14,0.49,0.95
Selesnya Landfall,Boros Dragons,0.6,5,0.15,0.95
Selesnya Landfall,Azorius Control,0.71,7,0.29,0.96
Selesnya Landfall,Boros Burn,0.6,10,0.26,0.88
Selesnya Landfall,Izzet Splash,0.8,5,0.28,0.99
Selesnya Landfall,4 Color Control,1.0,7,0.59,1.0
Selesnya Landfall,Temur Landfall,0.25,4,0.01,0.81
Selesnya Landfall,Simic Ouroboroid,1.0,1,0.02,1.0
Selesnya Landfall,Selesnya Landfall,0.5,10,0.19,0.81
Selesnya Landfall,Golgari Ouroboroid,0.36,11,0.11,0.69
Selesnya Landfall,Simic Omniscience,0.0,2,0.0,0.84
Selesnya Landfall,Jeskai Artifacts,0.5,4,0.07,0.93
Selesnya Landfall,Allies,0.33,6,0.04,0.78
Selesnya Landfall,Esper Pixie,0.5,2,0.01,0.99
Selesnya Landfall,Mono Black Midrange,0.25,4,0.01,0.81
Selesnya Landfall,Dimir Bounce,1.0,2,0.16,1.0
Selesnya Landfall,Temur Battlecrier,1.0,1,0.02,1.0
4 Color Rhythm,Izzet Lessons,0.55,31,0.36,0.73
4 Color Rhythm,Simic Rhythm,0.61,70,0.49,0.73
4 Color Rhythm,Dimir Midrange,0.6,35,0.42,0.76
4 Color Rhythm,Jeskai Control,0.3,23,0.13,0.53
4 Color Rhythm,Mono Green Landfall,0.71,21,0.48,0.89
4 Color Rhythm,Sultai Reanimator,0.6,47,0.44,0.74
4 Color Rhythm,Bant Airbending,0.52,23,0.31,0.73
4 Color Rhythm,Mono-Red Aggro,0.44,9,0.14,0.79
4 Color Rhythm,Izzet Elementals,0.1,40,0.03,0.24
4 Color Rhythm,Dimir Excruciator,0.38,16,0.15,0.65
4 Color Rhythm,Azorius Flash,0.33,18,0.13,0.59
4 Color Rhythm,Izzet Prowess,0.38,16,0.15,0.65
4 Color Rhythm,Boros Dragons,0.25,16,0.07,0.52
4 Color Rhythm,Azorius Control,0.29,7,0.04,0.71
4 Color Rhythm,Boros Burn,0.5,2,0.01,0.99
4 Color Rhythm,Izzet Splash,0.0,3,0.0,0.71
4 Color Rhythm,4 Color Control,0.2,5,0.01,0.72
4 Color Rhythm,Temur Landfall,0.2,15,0.04,0.48
4 Color Rhythm,Simic Ouroboroid,1.0,1,0.02,1.0
4 Color Rhythm,Selesnya Landfall,0.0,3,0.0,0.71
4 Color Rhythm,Golgari Ouroboroid,0.56,9,0.21,0.86
4 Color Rhythm,Allies,1.0,1,0.02,1.0
4 Color Rhythm,Esper Pixie,0.4,10,0.12,0.74
Golgari Ouroboroid,Izzet Lessons,0.53,80,0.41,0.64
Golgari Ouroboroid,Simic Rhythm,0.37,46,0.23,0.52
Golgari Ouroboroid,Dimir Midrange,0.65,40,0.48,0.79
Golgari Ouroboroid,Jeskai Control,0.38,42,0.24,0.54
Golgari Ouroboroid,Mono Green Landfall,0.59,22,0.36,0.79
Golgari Ouroboroid,Sultai Reanimator,0.39,38,0.24,0.57
Golgari Ouroboroid,Bant Airbending,0.41,27,0.22,0.61
Golgari Ouroboroid,Mono-Red Aggro,0.47,15,0.21,0.73
Golgari Ouroboroid,Izzet Elementals,0.2,5,0.01,0.72
Golgari Ouroboroid,Dimir Excruciator,0.43,7,0.1,0.82
Golgari Ouroboroid,Azorius Flash,0.33,9,0.07,0.7
Golgari Ouroboroid,Izzet Prowess,0.43,7,0.1,0.82
Golgari Ouroboroid,Izzet Looting,0.63,16,0.35,0.85
Golgari Ouroboroid,Boros Dragons,0.5,2,0.01,0.99
Golgari Ouroboroid,Azorius Control,0.33,12,0.1,0.65
Golgari Ouroboroid,Boros Burn,0.42,12,0.15,0.72
Golgari Ouroboroid,Izzet Splash,0.88,8,0.47,1.0
Golgari Ouroboroid,4 Color Control,0.33,6,0.04,0.78
Golgari Ouroboroid,Temur Landfall,0.67,3,0.09,0.99
Golgari Ouroboroid,Simic Ouroboroid,0.67,9,0.3,0.93
Golgari Ouroboroid,Selesnya Landfall,0.64,11,0.31,0.89
Golgari Ouroboroid,Simic Omniscience,0.75,4,0.19,0.99
Golgari Ouroboroid,Jeskai Artifacts,0.22,9,0.03,0.6
Golgari Ouroboroid,Allies,0.67,3,0.09,0.99
Golgari Ouroboroid,Esper Pixie,0.5,4,0.07,0.93
Golgari Ouroboroid,Mono Black Midrange,0.0,1,0.0,0.98
Golgari Ouroboroid,Dimir Bounce,1.0,2,0.16,1.0
Simic Omniscience,Izzet Lessons,0.33,36,0.19,0.51
Simic Omniscience,Simic Rhythm,0.26,39,0.13,0.42
Simic Omniscience,Dimir Midrange,0.3,50,0.18,0.45
Simic Omniscience,Jeskai Control,0.71,28,0.51,0.87
Simic Omniscience,Mono Green Landfall,0.5,22,0.28,0.72
Simic Omniscience,Sultai Reanimator,0.55,29,0.36,0.74
Simic Omniscience,Bant Airbending,0.58,19,0.33,0.8
Simic Omniscience,Mono-Red Aggro,0.44,16,0.2,0.7
Simic Omniscience,Izzet Elementals,0.58,12,0.28,0.85
Simic Omniscience,Dimir Excruciator,0.36,11,0.11,0.69
Simic Omniscience,Azorius Flash,0.4,5,0.05,0.85
Simic Omniscience,Izzet Prowess,0.5,4,0.07,0.93
Simic Omniscience,Izzet Looting,0.5,6,0.12,0.88
Simic Omniscience,Boros Dragons,0.6,5,0.15,0.95
Simic Omniscience,Azorius Control,0.64,11,0.31,0.89
Simic Omniscience,Boros Burn,0.33,6,0.04,0.78
Simic Omniscience,Izzet Splash,0.6,10,0.26,0.88
Simic Omniscience,4 Color Control,0.25,8,0.03,0.65
Simic Omniscience,Temur Landfall,0.0,1,0.0,0.98
Simic Omniscience,Simic Ouroboroid,0.22,18,0.06,0.48
Simic Omniscience,Selesnya Landfall,1.0,2,0.16,1.0
Simic Omniscience,Golgari Ouroboroid,0.25,4,0.01,0.81
Simic Omniscience,Simic Omniscience,0.5,10,0.19,0.81
Simic Omniscience,Jeskai Artifacts,0.83,6,0.36,1.0
Simic Omniscience,Allies,0.67,3,0.09,0.99
Simic Omniscience,Esper Pixie,0.0,4,0.0,0.6
Simic Omniscience,Mono Black Midrange,0.4,5,0.05,0.85
Simic Omniscience,Dimir Bounce,0.0,1,0.0,0.98
Simic Omniscience,Temur Battlecrier,0.25,4,0.01,0.81
Jeskai Artifacts,Izzet Lessons,0.38,50,0.25,0.53
Jeskai Artifacts,Simic Rhythm,0.36,44,0.22,0.52
Jeskai Artifacts,Dimir Midrange,0.35,48,0.22,0.51
Jeskai Artifacts,Jeskai Control,0.27,33,0.13,0.46
Jeskai Artifacts,Mono Green Landfall,0.27,15,0.08,0.55
Jeskai Artifacts,Sultai Reanimator,0.29,31,0.14,0.48
Jeskai Artifacts,Bant Airbending,0.22,9,0.03,0.6
Jeskai Artifacts,Mono-Red Aggro,0.69,13,0.39,0.91
Jeskai Artifacts,Izzet Elementals,0.33,6,0.04,0.78
Jeskai Artifacts,Dimir Excruciator,0.6,5,0.15,0.95
Jeskai Artifacts,Azorius Flash,0.33,6,0.04,0.78
Jeskai Artifacts,Izzet Prowess,0.33,3,0.01,0.91
Jeskai Artifacts,Izzet Looting,0.5,12,0.21,0.79
Jeskai Artifacts,Azorius Control,0.67,6,0.22,0.96
Jeskai Artifacts,Boros Burn,0.75,8,0.35,0.97
Jeskai Artifacts,Izzet Splash,0.2,5,0.01,0.72
Jeskai Artifacts,4 Color Control,0.2,5,0.01,0.72
Jeskai Artifacts,Temur Landfall,1.0,1,0.02,1.0
Jeskai Artifacts,Simic Ouroboroid,0.3,10,0.07,0.65
Jeskai Artifacts,Selesnya Landfall,0.5,4,0.07,0.93
Jeskai Artifacts,Golgari Ouroboroid,0.78,9,0.4,0.97
Jeskai Artifacts,Simic Omniscience,0.17,6,0.0,0.64
Jeskai Artifacts,Jeskai Artifacts,0.5,4,0.07,0.93
Jeskai Artifacts,Allies,0.5,2,0.01,0.99
Jeskai Artifacts,Esper Pixie,1.0,3,0.29,1.0
Jeskai Artifacts,Mono Black Midrange,1.0,2,0.16,1.0
Jeskai Artifacts,Dimir Bounce,0.5,2,0.01,0.99
Jeskai Artifacts,Temur Battlecrier,0.0,4,0.0,0.6
Allies,Izzet Lessons,0.52,52,0.38,0.66
Allies,Simic Rhythm,0.32,63,0.21,0.45
Allies,Dimir Midrange,0.48,29,0.29,0.67
Allies,Jeskai Control,0.47,32,0.29,0.65
Allies,Mono Green Landfall,0.31,16,0.11,0.59
Allies,Sultai Reanimator,0.59,32,0.41,0.76
Allies,Bant Airbending,0.21,19,0.06,0.46
Allies,Mono-Red Aggro,0.55,22,0.32,0.76
Allies,Izzet Elementals,0.5,2,0.01,0.99
Allies,Azorius Flash,0.5,4,0.07,0.93
Allies,Izzet Prowess,0.25,4,0.01,0.81
Allies,Izzet Looting,0.44,16,0.2,0.7
Allies,Boros Dragons,0.67,3,0.09,0.99
Allies,Azorius Control,0.33,6,0.04,0.78
Allies,Boros Burn,0.67,6,0.22,0.96
Allies,Izzet Splash,0.57,7,0.18,0.9
Allies,4 Color Control,0.0,1,0.0,0.98
Allies,Simic Ouroboroid,1.0,2,0.16,1.0
Allies,Selesnya Landfall,0.67,6,0.22,0.96
Allies,Golgari Ouroboroid,0.33,3,0.01,0.91
Allies,Simic Omniscience,0.33,3,0.01,0.91
Allies,Jeskai Artifacts,0.5,2,0.01,0.99
Allies,Allies,0.5,8,0.16,0.84
Allies,Esper Pixie,1.0,2,0.16,1.0
Allies,Mono Black Midrange,0.0,2,0.0,0.84
Allies,Dimir Bounce,0.0,1,0.0,0.98
Allies,Temur Battlecrier,0.0,1,0.0,0.98
Grixis Elementals,Izzet Lessons,0.63,49,0.48,0.77
Grixis Elementals,Simic Rhythm,0.7,20,0.46,0.88
Grixis Elementals,Dimir Midrange,0.41,22,0.21,0.64
Grixis Elementals,Jeskai Control,0.46,13,0.19,0.75
Grixis Elementals,Mono Green Landfall,0.35,37,0.2,0.53
Grixis Elementals,Sultai Reanimator,0.64,11,0.31,0.89
Grixis Elementals,Bant Airbending,0.57,7,0.18,0.9
Grixis Elementals,Mono-Red Aggro,0.6,15,0.32,0.84
Grixis Elementals,Izzet Elementals,0.59,29,0.39,0.76
Grixis Elementals,Dimir Excruciator,0.33,30,0.17,0.53
Grixis Elementals,Azorius Flash,0.29,7,0.04,0.71
Grixis Elementals,Izzet Prowess,0.4,15,0.16,0.68
Grixis Elementals,Boros Dragons,0.41,17,0.18,0.67
Grixis Elementals,Azorius Control,0.5,6,0.12,0.88
Grixis Elementals,Boros Burn,0.0,3,0.0,0.71
Grixis Elementals,Izzet Splash,0.67,9,0.3,0.93
Grixis Elementals,4 Color Control,0.2,5,0.01,0.72
Grixis Elementals,Temur Landfall,0.6,15,0.32,0.84
Grixis Elementals,Selesnya Landfall,0.0,2,0.0,0.84
Grixis Elementals,Golgari Ouroboroid,0.0,1,0.0,0.98
Grixis Elementals,Simic Omniscience,0.0,1,0.0,0.98
Grixis Elementals,Allies,1.0,1,0.02,1.0
Grixis Elementals,Esper Pixie,0.33,3,0.01,0.91
Grixis Elementals,Mono Black Midrange,1.0,2,0.16,1.0
Grixis Elementals,Dimir Bounce,0.0,1,0.0,0.98
Rakdos Monument,Izzet Lessons,0.38,47,0.25,0.54
Rakdos Monument,Simic Rhythm,0.22,27,0.09,0.42
Rakdos Monument,Dimir Midrange,0.46,24,0.26,0.67
Rakdos Monument,Jeskai Control,0.71,21,0.48,0.89
Rakdos Monument,Mono Green Landfall,0.4,30,0.23,0.59
Rakdos Monument,Sultai Reanimator,0.4,10,0.12,0.74
Rakdos Monument,Bant Airbending,0.53,17,0.28,0.77
Rakdos Monument,Mono-Red Aggro,0.35,20,0.15,0.59
Rakdos Monument,Izzet Elementals,0.42,26,0.23,0.63
Rakdos Monument,Dimir Excruciator,0.44,27,0.25,0.65
Rakdos Monument,Azorius Flash,0.43,14,0.18,0.71
Rakdos Monument,Izzet Prowess,0.4,10,0.12,0.74
Rakdos Monument,Boros Dragons,0.45,11,0.17,0.77
Rakdos Monument,Azorius Control,0.75,4,0.19,0.99
Rakdos Monument,Boros Burn,1.0,5,0.48,1.0
Rakdos Monument,Izzet Splash,0.5,2,0.01,0.99
Rakdos Monument,4 Color Control,1.0,5,0.48,1.0
Rakdos Monument,Temur Landfall,0.7,10,0.35,0.93
Rakdos Monument,Selesnya Landfall,1.0,1,0.02,1.0
Rakdos Monument,Golgari Ouroboroid,0.0,2,0.0,0.84
Rakdos Monument,Simic Omniscience,1.0,2,0.16,1.0
Rakdos Monument,Mono Black Midrange,0.25,4,0.01,0.81
Rakdos Monument,Dimir Bounce,0.5,2,0.01,0.99
Rakdos Monument,Temur Battlecrier,0.0,1,0.0,0.98
Temur Otters,Izzet Lessons,0.27,44,0.15,0.43
Temur Otters,Simic Rhythm,0.43,23,0.23,0.66
Temur Otters,Dimir Midrange,0.62,26,0.41,0.8
Temur Otters,Jeskai Control,0.42,26,0.23,0.63
Temur Otters,Mono Green Landfall,0.33,3,0.01,0.91
Temur Otters,Sultai Reanimator,0.54,26,0.33,0.73
Temur Otters,Bant Airbending,0.57,28,0.37,0.76
Temur Otters,Mono-Red Aggro,0.4,15,0.16,0.68
Temur Otters,Dimir Excruciator,0.0,1,0.0,0.98
Temur Otters,Azorius Flash,1.0,1,0.02,1.0
Temur Otters,Izzet Prowess,0.67,3,0.09,0.99
Temur Otters,Izzet Looting,0.33,21,0.15,0.57
Temur Otters,Azorius Control,0.75,4,0.19,0.99
Temur Otters,Boros Burn,0.33,3,0.01,0.91
Temur Otters,Izzet Splash,0.43,14,0.18,0.71
Temur Otters,4 Color Control,0.0,1,0.0,0.98
Temur Otters,Simic Ouroboroid,0.86,7,0.42,1.0
Temur Otters,Selesnya Landfall,0.0,1,0.0,0.98
Temur Otters,Golgari Ouroboroid,0.6,5,0.15,0.95
Temur Otters,Simic Omniscience,0.4,5,0.05,0.85
Temur Otters,Jeskai Artifacts,0.8,5,0.28,0.99
Temur Otters,Allies,0.38,8,0.09,0.76
Temur Otters,Esper Pixie,1.0,1,0.02,1.0
Temur Otters,Mono Black Midrange,0.33,3,0.01,0.91
Temur Otters,Dimir Bounce,0.83,6,0.36,1.0
Temur Otters,Temur Battlecrier,1.0,1,0.02,1.0
Esper Pixie,Izzet Lessons,0.4,43,0.25,0.56
Esper Pixie,Simic Rhythm,0.55,33,0.36,0.72
Esper Pixie,Dimir Midrange,0.41,17,0.18,0.67
Esper Pixie,Jeskai Control,0.5,14,0.23,0.77
Esper Pixie,Mono Green Landfall,0.38,13,0.14,0.68
Esper Pixie,Sultai Reanimator,0.3,23,0.13,0.53
Esper Pixie,Bant Airbending,0.5,14,0.23,0.77
Esper Pixie,Mono-Red Aggro,0.4,5,0.05,0.85
Esper Pixie,Izzet Elementals,0.45,11,0.17,0.77
Esper Pixie,Dimir Excruciator,0.25,4,0.01,0.81
Esper Pixie,Azorius Flash,0.55,11,0.23,0.83
Esper Pixie,Izzet Prowess,0.43,7,0.1,0.82
Esper Pixie,Izzet Looting,0.5,4,0.07,0.93
Esper Pixie,Boros Dragons,0.4,5,0.05,0.85
Esper Pixie,Azorius Control,0.5,4,0.07,0.93
Esper Pixie,Boros Burn,0.71,7,0.29,0.96
Esper Pixie,Izzet Splash,0.4,5,0.05,0.85
Esper Pixie,4 Color Control,0.6,5,0.15,0.95
Esper Pixie,Temur Landfall,0.0,2,0.0,0.84
Esper Pixie,Simic Ouroboroid,0.6,5,0.15,0.95
Esper Pixie,Selesnya Landfall,0.5,2,0.01,0.99
Esper Pixie,Golgari Ouroboroid,0.5,4,0.07,0.93
Esper Pixie,Simic Omniscience,1.0,4,0.4,1.0
Esper Pixie,Jeskai Artifacts,0.0,3,0.0,0.71
Esper Pixie,Allies,0.0,2,0.0,0.84
Esper Pixie,Mono Black Midrange,1.0,1,0.02,1.0
Esper Pixie,Dimir Bounce,1.0,1,0.02,1.0
Esper Pixie,Temur Battlecrier,0.67,3,0.09,0.99
Temur Ouroboroid,Izzet Lessons,0.32,38,0.18,0.49
Temur Ouroboroid,Simic Rhythm,0.56,36,0.38,0.72
Temur Ouroboroid,Dimir Midrange,0.74,23,0.52,0.9
Temur Ouroboroid,Jeskai Control,0.44,16,0.2,0.7
Temur Ouroboroid,Mono Green Landfall,0.57,14,0.29,0.82
Temur Ouroboroid,Sultai Reanimator,0.6,10,0.26,0.88
Temur Ouroboroid,Bant Airbending,0.5,12,0.21,0.79
Temur Ouroboroid,Mono-Red Aggro,0.38,13,0.14,0.68
Temur Ouroboroid,Izzet Elementals,0.31,16,0.11,0.59
Temur Ouroboroid,Dimir Excruciator,0.43,7,0.1,0.82
Temur Ouroboroid,Azorius Flash,0.6,10,0.26,0.88
Temur Ouroboroid,Izzet Prowess,0.5,10,0.19,0.81
Temur Ouroboroid,Izzet Looting,0.25,4,0.01,0.81
Temur Ouroboroid,Azorius Control,0.0,2,0.0,0.84
Temur Ouroboroid,Boros Burn,0.75,4,0.19,0.99
Temur Ouroboroid,Izzet Splash,0.5,4,0.07,0.93
Temur Ouroboroid,4 Color Control,0.5,2,0.01,0.99
Temur Ouroboroid,Temur Landfall,0.6,5,0.15,0.95
Temur Ouroboroid,Simic Ouroboroid,1.0,2,0.16,1.0
Temur Ouroboroid,Selesnya Landfall,0.4,5,0.05,0.85
Temur Ouroboroid,Golgari Ouroboroid,1.0,1,0.02,1.0
Temur Ouroboroid,Simic Omniscience,1.0,1,0.02,1.0
Temur Ouroboroid,Allies,1.0,1,0.02,1.0
Temur Ouroboroid,Mono Black Midrange,0.5,2,0.01,0.99
Dimir Control,Izzet Lessons,0.24,37,0.12,0.41
Dimir Control,Simic Rhythm,0.56,18,0.31,0.78
Dimir Control,Dimir Midrange,0.43,30,0.25,0.63
Dimir Control,Jeskai Control,0.56,16,0.3,0.8
Dimir Control,Mono Green Landfall,0.29,17,0.1,0.56
Dimir Control,Sultai Reanimator,0.54,13,0.25,0.81
Dimir Control,Bant Airbending,0.73,11,0.39,0.94
Dimir Control,Mono-Red Aggro,0.42,12,0.15,0.72
Dimir Control,Izzet Elementals,0.63,16,0.35,0.85
Dimir Control,Dimir Excruciator,0.67,21,0.43,0.85
Dimir Control,Azorius Flash,0.25,16,0.07,0.52
Dimir Control,Izzet Prowess,0.31,13,0.09,0.61
Dimir Control,Boros Dragons,0.83,6,0.36,1.0
Dimir Control,Azorius Control,0.67,3,0.09,0.99
Dimir Control,Boros Burn,0.0,1,0.0,0.98
Dimir Control,Izzet Splash,0.4,5,0.05,0.85
Dimir Control,4 Color Control,0.67,3,0.09,0.99
Dimir Control,Temur Landfall,0.4,5,0.05,0.85
Dimir Control,Simic Ouroboroid,1.0,1,0.02,1.0
Dimir Control,Selesnya Landfall,0.67,3,0.09,0.99
Dimir Control,Golgari Ouroboroid,0.0,1,0.0,0.98
Dimir Control,Simic Omniscience,0.25,4,0.01,0.81
Dimir Control,Jeskai Artifacts,1.0,1,0.02,1.0
Dimir Control,Esper Pixie,0.0,2,0.0,0.84
Dimir Control,Mono Black Midrange,0.0,2,0.0,0.84
Dimir Control,Dimir Bounce,1.0,1,0.02,1.0
Dimir Control,Temur Battlecrier,0.5,2,0.01,0.99
Mono Black Midrange,Izzet Lessons,0.35,20,0.15,0.59
Mono Black Midrange,Simic Rhythm,0.23,26,0.09,0.44
Mono Black Midrange,Dimir Midrange,0.44,32,0.26,0.62
Mono Black Midrange,Jeskai Control,0.44,9,0.14,0.79
Mono Black Midrange,Mono Green Landfall,0.4,10,0.12,0.74
Mono Black Midrange,Sultai Reanimator,0.38,16,0.15,0.65
Mono Black Midrange,Bant Airbending,0.27,11,0.06,0.61
Mono Black Midrange,Mono-Red Aggro,0.83,6,0.36,1.0
Mono Black Midrange,Izzet Elementals,0.36,11,0.11,0.69
Mono Black Midrange,Dimir Excruciator,1.0,4,0.4,1.0
Mono Black Midrange,Azorius Flash,0.33,6,0.04,0.78
Mono Black Midrange,Izzet Prowess,0.25,4,0.01,0.81
Mono Black Midrange,Izzet Looting,0.43,7,0.1,0.82
Mono Black Midrange,Boros Dragons,0.75,4,0.19,0.99
Mono Black Midrange,Azorius Control,0.83,6,0.36,1.0
Mono Black Midrange,Boros Burn,0.7,10,0.35,0.93
Mono Black Midrange,Izzet Splash,0.33,3,0.01,0.91
Mono Black Midrange,4 Color Control,0.25,4,0.01,0.81
Mono Black Midrange,Temur Landfall,1.0,2,0.16,1.0
Mono Black Midrange,Simic Ouroboroid,0.27,11,0.06,0.61
Mono Black Midrange,Selesnya Landfall,0.75,4,0.19,0.99
Mono Black Midrange,Golgari Ouroboroid,1.0,1,0.02,1.0
Mono Black Midrange,Simic Omniscience,0.6,5,0.15,0.95
Mono Black Midrange,Jeskai Artifacts,0.0,2,0.0,0.84
Mono Black Midrange,Allies,1.0,2,0.16,1.0
Mono Black Midrange,Esper Pixie,0.0,1,0.0,0.98
Mono Black Midrange,Mono Black Midrange,0.5,4,0.07,0.93
Mono Black Midrange,Dimir Bounce,0.0,3,0.0,0.71
Mono Black Midrange,Temur Battlecrier,0.2,5,0.01,0.72
Gruul Landfall,Izzet Lessons,0.45,38,0.29,0.62
Gruul Landfall,Simic Rhythm,0.18,11,0.02,0.52
Gruul Landfall,Dimir Midrange,0.61,18,0.36,0.83
Gruul Landfall,Jeskai Control,0.86,14,0.57,0.98
Gruul Landfall,Mono Green Landfall,0.42,26,0.23,0.63
Gruul Landfall,Sultai Reanimator,0.71,14,0.42,0.92
Gruul Landfall,Bant Airbending,0.57,7,0.18,0.9
Gruul Landfall,Mono-Red Aggro,0.6,10,0.26,0.88
Gruul Landfall,Izzet Elementals,0.52,23,0.31,0.73
Gruul Landfall,Dimir Excruciator,0.52,27,0.32,0.71
Gruul Landfall,Azorius Flash,0.47,19,0.24,0.71
Gruul Landfall,Izzet Prowess,0.27,11,0.06,0.61
Gruul Landfall,Izzet Looting,1.0,2,0.16,1.0
Gruul Landfall,Boros Dragons,0.64,11,0.31,0.89
Gruul Landfall,Azorius Control,1.0,3,0.29,1.0
Gruul Landfall,Boros Burn,0.5,6,0.12,0.88
Gruul Landfall,Izzet Splash,0.8,5,0.28,0.99
Gruul Landfall,4 Color Control,0.67,3,0.09,0.99
Gruul Landfall,Temur Landfall,0.29,7,0.04,0.71
Gruul Landfall,Selesnya Landfall,0.0,1,0.0,0.98
Gruul Landfall,Golgari Ouroboroid,0.0,2,0.0,0.84
Gruul Landfall,Simic Omniscience,0.5,2,0.01,0.99
Gruul Landfall,Jeskai Artifacts,0.5,2,0.01,0.99
Gruul Landfall,Allies,0.5,2,0.01,0.99
Gruul Landfall,Esper Pixie,0.5,2,0.01,0.99
Gruul Landfall,Mono Black Midrange,1.0,1,0.02,1.0
Gruul Landfall,Temur Battlecrier,1.0,2,0.16,1.0
Dimir Bounce,Izzet Lessons,0.46,35,0.29,0.63
Dimir Bounce,Simic Rhythm,0.41,17,0.18,0.67
Dimir Bounce,Dimir Midrange,0.43,21,0.22,0.66
Dimir Bounce,Jeskai Control,0.5,14,0.23,0.77
Dimir Bounce,Mono Green Landfall,0.14,7,0.0,0.58
Dimir Bounce,Sultai Reanimator,0.56,9,0.21,0.86
Dimir Bounce,Bant Airbending,0.86,7,0.42,1.0
Dimir Bounce,Mono-Red Aggro,0.36,11,0.11,0.69
Dimir Bounce,Izzet Elementals,0.44,9,0.14,0.79
Dimir Bounce,Dimir Excruciator,0.8,5,0.28,0.99
Dimir Bounce,Azorius Flash,0.29,7,0.04,0.71
Dimir Bounce,Izzet Prowess,0.43,7,0.1,0.82
Dimir Bounce,Izzet Looting,0.33,15,0.12,0.62
Dimir Bounce,Boros Dragons,1.0,2,0.16,1.0
Dimir Bounce,Azorius Control,0.0,3,0.0,0.71
Dimir Bounce,Boros Burn,0.5,2,0.01,0.99
Dimir Bounce,Izzet Splash,1.0,2,0.16,1.0
Dimir Bounce,4 Color Control,0.67,3,0.09,0.99
Dimir Bounce,Temur Landfall,0.5,4,0.07,0.93
Dimir Bounce,Simic Ouroboroid,0.4,5,0.05,0.85
Dimir Bounce,Selesnya Landfall,0.0,2,0.0,0.84
Dimir Bounce,Golgari Ouroboroid,0.0,2,0.0,0.84
Dimir Bounce,Simic Omniscience,1.0,1,0.02,1.0
Dimir Bounce,Jeskai Artifacts,0.5,2,0.01,0.99
Dimir Bounce,Allies,1.0,1,0.02,1.0
Dimir Bounce,Esper Pixie,0.0,1,0.0,0.98
Dimir Bounce,Mono Black Midrange,1.0,3,0.29,1.0
Dimir Bounce,Dimir Bounce,0.5,2,0.01,0.99
Temur Lessons,Izzet Lessons,0.61,31,0.42,0.78
Temur Lessons,Simic Rhythm,0.51,37,0.34,0.68
Temur Lessons,Dimir Midrange,0.82,22,0.6,0.95
Temur Lessons,Jeskai Control,0.55,22,0.32,0.76
Temur Lessons,Mono Green Landfall,0.58,12,0.28,0.85
Temur Lessons,Sultai Reanimator,0.44,18,0.22,0.69
Temur Lessons,Bant Airbending,0.83,6,0.36,1.0
Temur Lessons,Mono-Red Aggro,0.43,14,0.18,0.71
Temur Lessons,Izzet Elementals,1.0,1,0.02,1.0
Temur Lessons,Dimir Excruciator,0.0,1,0.0,0.98
Temur Lessons,Azorius Flash,0.33,3,0.01,0.91
Temur Lessons,Izzet Prowess,0.0,2,0.0,0.84
Temur Lessons,Izzet Looting,0.88,8,0.47,1.0
Temur Lessons,Boros Dragons,0.33,3,0.01,0.91
Temur Lessons,Azorius Control,1.0,2,0.16,1.0
Temur Lessons,Boros Burn,0.5,2,0.01,0.99
Temur Lessons,Izzet Splash,0.25,4,0.01,0.81
Temur Lessons,4 Color Control,0.6,5,0.15,0.95
Temur Lessons,Selesnya Landfall,0.0,4,0.0,0.6
Temur Lessons,Golgari Ouroboroid,1.0,3,0.29,1.0
Temur Lessons,Simic Omniscience,0.0,3,0.0,0.71
Temur Lessons,Jeskai Artifacts,0.0,1,0.0,0.98
Temur Lessons,Esper Pixie,0.33,3,0.01,0.91
Temur Lessons,Dimir Bounce,0.75,4,0.19,0.99
Bant Omniscience,Izzet Lessons,0.48,29,0.29,0.67
Bant Omniscience,Simic Rhythm,0.6,25,0.39,0.79
Bant Omniscience,Dimir Midrange,0.61,18,0.36,0.83
Bant Omniscience,Jeskai Control,0.75,8,0.35,0.97
Bant Omniscience,Mono Green Landfall,0.45,11,0.17,0.77
Bant Omniscience,Sultai Reanimator,0.43,14,0.18,0.71
Bant Omniscience,Bant Airbending,0.64,11,0.31,0.89
Bant Omniscience,Mono-Red Aggro,0.75,12,0.43,0.95
Bant Omniscience,Izzet Elementals,0.6,5,0.15,0.95
Bant Omniscience,Dimir Excruciator,0.25,4,0.01,0.81
Bant Omniscience,Azorius Flash,0.6,5,0.15,0.95
Bant Omniscience,Izzet Prowess,0.2,5,0.01,0.72
Bant Omniscience,Izzet Looting,0.67,3,0.09,0.99
Bant Omniscience,Boros Dragons,0.0,4,0.0,0.6
Bant Omniscience,Azorius Control,1.0,5,0.48,1.0
Bant Omniscience,Boros Burn,0.0,1,0.0,0.98
Bant Omniscience,Izzet Splash,0.0,2,0.0,0.84
Bant Omniscience,4 Color Control,0.33,3,0.01,0.91
Bant Omniscience,Temur Landfall,0.2,5,0.01,0.72
Bant Omniscience,Selesnya Landfall,0.4,5,0.05,0.85
Bant Omniscience,Golgari Ouroboroid,0.33,3,0.01,0.91
Bant Omniscience,Simic Omniscience,0.0,1,0.0,0.98
Bant Omniscience,Jeskai Artifacts,1.0,3,0.29,1.0
Bant Omniscience,Allies,0.0,2,0.0,0.84
Bant Omniscience,Temur Battlecrier,1.0,2,0.16,1.0
Mono Red Leyline,Izzet Lessons,0.48,25,0.28,0.69
Mono Red Leyline,Simic Rhythm,0.28,18,0.1,0.53
Mono Red Leyline,Dimir Midrange,0.19,16,0.04,0.46
Mono Red Leyline,Jeskai Control,0.33,15,0.12,0.62
Mono Red Leyline,Mono Green Landfall,0.5,10,0.19,0.81
Mono Red Leyline,Sultai Reanimator,0.56,18,0.31,0.78
Mono Red Leyline,Bant Airbending,0.36,11,0.11,0.69
Mono Red Leyline,Mono-Red Aggro,0.36,11,0.11,0.69
Mono Red Leyline,Izzet Elementals,0.25,4,0.01,0.81
Mono Red Leyline,Dimir Excruciator,1.0,1,0.02,1.0
Mono Red Leyline,Azorius Flash,0.25,4,0.01,0.81
Mono Red Leyline,Izzet Prowess,0.5,2,0.01,0.99
Mono Red Leyline,Izzet Looting,0.4,5,0.05,0.85
Mono Red Leyline,Boros Dragons,1.0,2,0.16,1.0
Mono Red Leyline,Azorius Control,0.0,3,0.0,0.71
Mono Red Leyline,Boros Burn,0.33,3,0.01,0.91
Mono Red Leyline,4 Color Control,0.6,5,0.15,0.95
Mono Red Leyline,Temur Landfall,0.75,4,0.19,0.99
Mono Red Leyline,Simic Ouroboroid,1.0,1,0.02,1.0
Mono Red Leyline,Selesnya Landfall,0.0,1,0.0,0.98
Mono Red Leyline,Golgari Ouroboroid,1.0,1,0.02,1.0
Mono Red Leyline,Simic Omniscience,0.0,1,0.0,0.98
Mono Red Leyline,Jeskai Artifacts,1.0,6,0.54,1.0
Mono Red Leyline,Allies,0.33,6,0.04,0.78
Mono Red Leyline,Esper Pixie,0.0,3,0.0,0.71
Mono Red Leyline,Dimir Bounce,0.0,1,0.0,0.98
Mono Red Leyline,Temur Battlecrier,0.0,1,0.0,0.98
Temur Battlecrier,Izzet Lessons,0.31,13,0.09,0.61
Temur Battlecrier,Simic Rhythm,0.55,11,0.23,0.83
Temur Battlecrier,Dimir Midrange,0.35,23,0.16,0.57
Temur Battlecrier,Jeskai Control,0.83,6,0.36,1.0
Temur Battlecrier,Mono Green Landfall,0.57,7,0.18,0.9
Temur Battlecrier,Sultai Reanimator,0.44,16,0.2,0.7
Temur Battlecrier,Bant Airbending,0.13,8,0.0,0.53
Temur Battlecrier,Mono-Red Aggro,0.0,5,0.0,0.52
Temur Battlecrier,Izzet Elementals,0.33,3,0.01,0.91
Temur Battlecrier,Dimir Excruciator,0.5,4,0.07,0.93
Temur Battlecrier,Azorius Flash,0.33,3,0.01,0.91
Temur Battlecrier,Izzet Prowess,0.0,1,0.0,0.98
Temur Battlecrier,Izzet Looting,1.0,4,0.4,1.0
Temur Battlecrier,Boros Dragons,0.25,4,0.01,0.81
Temur Battlecrier,Azorius Control,0.14,7,0.0,0.58
Temur Battlecrier,Izzet Splash,0.0,1,0.0,0.98
Temur Battlecrier,4 Color Control,0.67,6,0.22,0.96
Temur Battlecrier,Temur Landfall,0.0,2,0.0,0.84
Temur Battlecrier,Simic Ouroboroid,0.38,8,0.09,0.76
Temur Battlecrier,Selesnya Landfall,0.0,1,0.0,0.98
Temur Battlecrier,Simic Omniscience,0.75,4,0.19,0.99
Temur Battlecrier,Jeskai Artifacts,1.0,4,0.4,1.0
Temur Battlecrier,Allies,1.0,1,0.02,1.0
Temur Battlecrier,Esper Pixie,0.33,3,0.01,0.91
Temur Battlecrier,Mono Black Midrange,0.8,5,0.28,0.99
Temur Battlecrier,Temur Battlecrier,0.5,2,0.01,0.99
Gruul Delirium,Izzet Lessons,0.59,22,0.36,0.79
Gruul Delirium,Simic Rhythm,0.5,14,0.23,0.77
Gruul Delirium,Dimir Midrange,0.5,18,0.26,0.74
Gruul Delirium,Jeskai Control,0.62,13,0.32,0.86
Gruul Delirium,Mono Green Landfall,0.14,7,0.0,0.58
Gruul Delirium,Sultai Reanimator,0.46,13,0.19,0.75
Gruul Delirium,Bant Airbending,0.6,5,0.15,0.95
Gruul Delirium,Mono-Red Aggro,0.5,8,0.16,0.84
Gruul Delirium,Izzet Elementals,0.5,2,0.01,0.99
Gruul Delirium,Dimir Excruciator,0.5,2,0.01,0.99
Gruul Delirium,Azorius Flash,1.0,2,0.16,1.0
Gruul Delirium,Izzet Prowess,1.0,1,0.02,1.0
Gruul Delirium,Izzet Looting,0.6,5,0.15,0.95
Gruul Delirium,Boros Dragons,1.0,1,0.02,1.0
Gruul Delirium,Azorius Control,0.25,4,0.01,0.81
Gruul Delirium,Boros Burn,0.5,2,0.01,0.99
Gruul Delirium,Izzet Splash,0.29,7,0.04,0.71
Gruul Delirium,4 Color Control,1.0,3,0.29,1.0
Gruul Delirium,Temur Landfall,1.0,1,0.02,1.0
Gruul Delirium,Simic Ouroboroid,0.4,5,0.05,0.85
Gruul Delirium,Golgari Ouroboroid,1.0,1,0.02,1.0
Gruul Delirium,Simic Omniscience,0.0,2,0.0,0.84
Gruul Delirium,Jeskai Artifacts,0.0,1,0.0,0.98
Gruul Delirium,Allies,0.0,3,0.0,0.71
Gruul Delirium,Esper Pixie,0.0,1,0.0,0.98
Gruul Delirium,Mono Black Midrange,1.0,3,0.29,1.0
Gruul Delirium,Dimir Bounce,0.33,3,0.01,0.91
Gruul Delirium,Temur Battlecrier,1.0,1,0.02,1.0
Sultai Elementals,Izzet Lessons,0.29,17,0.1,0.56
Sultai Elementals,Simic Rhythm,0.7,23,0.47,0.87
Sultai Elementals,Dimir Midrange,0.27,11,0.06,0.61
Sultai Elementals,Jeskai Control,0.64,11,0.31,0.89
Sultai Elementals,Mono Green Landfall,0.4,5,0.05,0.85
Sultai Elementals,Sultai Reanimator,0.47,15,0.21,0.73
Sultai Elementals,Bant Airbending,0.44,9,0.14,0.79
Sultai Elementals,Mono-Red Aggro,0.0,3,0.0,0.71
Sultai Elementals,Izzet Elementals,0.0,6,0.0,0.46
Sultai Elementals,Dimir Excruciator,0.13,8,0.0,0.53
Sultai Elementals,Azorius Flash,0.2,5,0.01,0.72
Sultai Elementals,Izzet Prowess,0.8,5,0.28,0.99
Sultai Elementals,Izzet Looting,0.67,3,0.09,0.99
Sultai Elementals,Boros Dragons,0.0,1,0.0,0.98
Sultai Elementals,Azorius Control,0.5,2,0.01,0.99
Sultai Elementals,Boros Burn,0.6,5,0.15,0.95
Sultai Elementals,Izzet Splash,0.67,3,0.09,0.99
Sultai Elementals,4 Color Control,1.0,2,0.16,1.0
Sultai Elementals,Temur Landfall,1.0,3,0.29,1.0
Sultai Elementals,Selesnya Landfall,0.5,4,0.07,0.93
Sultai Elementals,Golgari Ouroboroid,0.5,4,0.07,0.93
Sultai Elementals,Simic Omniscience,0.33,3,0.01,0.91
Sultai Elementals,Jeskai Artifacts,1.0,1,0.02,1.0
Sultai Elementals,Allies,1.0,1,0.02,1.0
Sultai Elementals,Esper Pixie,1.0,1,0.02,1.0
Mono White Tokens,Izzet Lessons,0.43,21,0.22,0.66
Mono White Tokens,Simic Rhythm,0.22,9,0.03,0.6
Mono White Tokens,Dimir Midrange,0.55,20,0.32,0.77
Mono White Tokens,Jeskai Control,0.47,15,0.21,0.73
Mono White Tokens,Mono Green Landfall,0.25,4,0.01,0.81
Mono White Tokens,Sultai Reanimator,0.26,19,0.09,0.51
Mono White Tokens,Bant Airbending,0.44,9,0.14,0.79
Mono White Tokens,Mono-Red Aggro,0.75,8,0.35,0.97
Mono White Tokens,Izzet Elementals,0.0,1,0.0,0.98
Mono White Tokens,Dimir Excruciator,0.5,2,0.01,0.99
Mono White Tokens,Azorius Flash,1.0,1,0.02,1.0
Mono White Tokens,Izzet Prowess,1.0,4,0.4,1.0
Mono White Tokens,Izzet Looting,0.5,4,0.07,0.93
Mono White Tokens,Azorius Control,0.71,7,0.29,0.96
Mono White Tokens,Boros Burn,0.67,3,0.09,0.99
Mono White Tokens,Izzet Splash,1.0,1,0.02,1.0
Mono White Tokens,4 Color Control,0.29,7,0.04,0.71
Mono White Tokens,Simic Ouroboroid,0.5,4,0.07,0.93
Mono White Tokens,Selesnya Landfall,0.0,1,0.0,0.98
Mono White Tokens,Golgari Ouroboroid,1.0,3,0.29,1.0
Mono White Tokens,Jeskai Artifacts,0.33,3,0.01,0.91
Mono White Tokens,Allies,0.0,2,0.0,0.84
Mono White Tokens,Mono Black Midrange,0.5,2,0.01,0.99
Mono White Tokens,Dimir Bounce,1.0,1,0.02,1.0
Mono White Tokens,Temur Battlecrier,1.0,1,0.02,1.0
4 Color Songcrafter,Izzet Lessons,0.2,15,0.04,0.48
4 Color Songcrafter,Simic Rhythm,0.38,13,0.14,0.68
4 Color Songcrafter,Dimir Midrange,0.45,11,0.17,0.77
4 Color Songcrafter,Jeskai Control,0.8,10,0.44,0.97
4 Color Songcrafter,Mono Green Landfall,0.14,7,0.0,0.58
4 Color Songcrafter,Sultai Reanimator,0.8,5,0.28,0.99
4 Color Songcrafter,Bant Airbending,0.4,5,0.05,0.85
4 Color Songcrafter,Mono-Red Aggro,0.29,7,0.04,0.71
4 Color Songcrafter,Izzet Elementals,0.67,3,0.09,0.99
4 Color Songcrafter,Dimir Excruciator,0.0,1,0.0,0.98
4 Color Songcrafter,Azorius Flash,0.67,6,0.22,0.96
4 Color Songcrafter,Izzet Looting,1.0,2,0.16,1.0
4 Color Songcrafter,Azorius Control,0.5,2,0.01,0.99
4 Color Songcrafter,Boros Burn,1.0,6,0.54,1.0
4 Color Songcrafter,Izzet Splash,1.0,1,0.02,1.0
4 Color Songcrafter,Simic Ouroboroid,0.0,3,0.0,0.71
4 Color Songcrafter,Golgari Ouroboroid,0.0,2,0.0,0.84
4 Color Songcrafter,Simic Omniscience,1.0,1,0.02,1.0
4 Color Songcrafter,Jeskai Artifacts,0.0,1,0.0,0.98
4 Color Songcrafter,Allies,0.5,2,0.01,0.99
4 Color Songcrafter,Esper Pixie,0.0,1,0.0,0.98
4 Color Songcrafter,Dimir Bounce,1.0,1,0.02,1.0
4 Color Songcrafter,Temur Battlecrier,0.0,1,0.0,0.98
Golgari Roots,Izzet Lessons,0.53,15,0.27,0.79
Golgari Roots,Simic Rhythm,0.33,12,0.1,0.65
Golgari Roots,Dimir Midrange,0.67,9,0.3,0.93
Golgari Roots,Jeskai Control,0.3,10,0.07,0.65
Golgari Roots,Mono Green Landfall,0.43,7,0.1,0.82
Golgari Roots,Sultai Reanimator,0.8,5,0.28,0.99
Golgari Roots,Bant Airbending,0.38,8,0.09,0.76
Golgari Roots,Mono-Red Aggro,0.67,6,0.22,0.96
Golgari Roots,Izzet Elementals,0.0,1,0.0,0.98
Golgari Roots,Dimir Excruciator,1.0,2,0.16,1.0
Golgari Roots,Izzet Prowess,0.0,4,0.0,0.6
Golgari Roots,Izzet Looting,0.33,3,0.01,0.91
Golgari Roots,Boros Dragons,0.5,2,0.01,0.99
Golgari Roots,Azorius Control,0.0,2,0.0,0.84
Golgari Roots,Boros Burn,0.67,3,0.09,0.99
Golgari Roots,Izzet Splash,1.0,1,0.02,1.0
Golgari Roots,4 Color Control,0.5,2,0.01,0.99
Golgari Roots,Temur Landfall,0.5,2,0.01,0.99
Golgari Roots,Simic Ouroboroid,1.0,2,0.16,1.0
Golgari Roots,Selesnya Landfall,0.0,2,0.0,0.84
Golgari Roots,Golgari Ouroboroid,1.0,1,0.02,1.0
Golgari Roots,Simic Omniscience,1.0,1,0.02,1.0
Golgari Roots,Jeskai Artifacts,0.67,3,0.09,0.99
Golgari Roots,Allies,0.0,1,0.0,0.98
Golgari Roots,Mono Black Midrange,0.0,1,0.0,0.98
Orzhov Pixie,Izzet Lessons,0.0,5,0.0,0.52
Orzhov Pixie,Simic Rhythm,0.0,1,0.0,0.98
Orzhov Pixie,Dimir Midrange,0.5,16,0.25,0.75
Orzhov Pixie,Jeskai Control,0.0,5,0.0,0.52
Orzhov Pixie,Mono Green Landfall,0.0,1,0.0,0.98
Orzhov Pixie,Sultai Reanimator,0.27,11,0.06,0.61
Orzhov Pixie,Bant Airbending,0.67,3,0.09,0.99
Orzhov Pixie,Mono-Red Aggro,0.8,5,0.28,0.99
Orzhov Pixie,Azorius Flash,0.0,1,0.0,0.98
Orzhov Pixie,Izzet Prowess,1.0,1,0.02,1.0
Orzhov Pixie,Izzet Looting,0.2,5,0.01,0.72
Orzhov Pixie,Azorius Control,0.4,5,0.05,0.85
Orzhov Pixie,Boros Burn,0.0,2,0.0,0.84
Orzhov Pixie,Izzet Splash,0.0,3,0.0,0.71
Orzhov Pixie,4 Color Control,0.25,4,0.01,0.81
Orzhov Pixie,Simic Ouroboroid,0.71,7,0.29,0.96
Orzhov Pixie,Jeskai Artifacts,0.0,4,0.0,0.6
Orzhov Pixie,Allies,0.0,1,0.0,0.98
Orzhov Pixie,Esper Pixie,1.0,1,0.02,1.0
Orzhov Pixie,Mono Black Midrange,0.67,3,0.09,0.99
Orzhov Pixie,Dimir Bounce,0.67,3,0.09,0.99
Orzhov Pixie,Temur Battlecrier,0.0,1,0.0,0.98
Orzhov Sacrifice,Izzet Lessons,0.36,11,0.11,0.69
Orzhov Sacrifice,Simic Rhythm,0.38,8,0.09,0.76
Orzhov Sacrifice,Dimir Midrange,0.4,15,0.16,0.68
Orzhov Sacrifice,Jeskai Control,0.17,6,0.0,0.64
Orzhov Sacrifice,Mono Green Landfall,0.0,3,0.0,0.71
Orzhov Sacrifice,Sultai Reanimator,0.67,3,0.09,0.99
Orzhov Sacrifice,Bant Airbending,0.22,9,0.03,0.6
Orzhov Sacrifice,Mono-Red Aggro,0.17,6,0.0,0.64
Orzhov Sacrifice,Izzet Elementals,0.0,2,0.0,0.84
Orzhov Sacrifice,Dimir Excruciator,0.0,1,0.0,0.98
Orzhov Sacrifice,Azorius Flash,0.0,2,0.0,0.84
Orzhov Sacrifice,Izzet Prowess,0.5,2,0.01,0.99
Orzhov Sacrifice,Izzet Looting,1.0,1,0.02,1.0
Orzhov Sacrifice,Azorius Control,0.4,5,0.05,0.85
Orzhov Sacrifice,Boros Burn,1.0,1,0.02,1.0
Orzhov Sacrifice,Izzet Splash,1.0,1,0.02,1.0
Orzhov Sacrifice,4 Color Control,0.2,5,0.01,0.72
Orzhov Sacrifice,Temur Landfall,1.0,1,0.02,1.0
Orzhov Sacrifice,Simic Ouroboroid,0.5,2,0.01,0.99
Orzhov Sacrifice,Selesnya Landfall,1.0,1,0.02,1.0
Orzhov Sacrifice,Simic Omniscience,0.25,4,0.01,0.81
Orzhov Sacrifice,Jeskai Artifacts,1.0,1,0.02,1.0
Orzhov Sacrifice,Allies,1.0,1,0.02,1.0
Orzhov Sacrifice,Esper Pixie,0.0,1,0.0,0.98
Orzhov Sacrifice,Mono Black Midrange,0.67,3,0.09,0.99
Orzhov Sacrifice,Dimir Bounce,1.0,1,0.02,1.0
Mono Green Ouroboroid,Izzet Lessons,0.5,10,0.19,0.81
Mono Green Ouroboroid,Simic Rhythm,0.1,10,0.0,0.45
Mono Green Ouroboroid,Dimir Midrange,0.62,13,0.32,0.86
Mono Green Ouroboroid,Jeskai Control,0.57,7,0.18,0.9
Mono Green Ouroboroid,Mono Green Landfall,0.4,5,0.05,0.85
Mono Green Ouroboroid,Sultai Reanimator,0.3,10,0.07,0.65
Mono Green Ouroboroid,Bant Airbending,0.33,3,0.01,0.91
Mono Green Ouroboroid,Mono-Red Aggro,0.8,5,0.28,0.99
Mono Green Ouroboroid,Azorius Flash,1.0,2,0.16,1.0
Mono Green Ouroboroid,Izzet Prowess,0.0,1,0.0,0.98
Mono Green Ouroboroid,Izzet Looting,0.5,4,0.07,0.93
Mono Green Ouroboroid,Azorius Control,0.0,1,0.0,0.98
Mono Green Ouroboroid,Boros Burn,1.0,2,0.16,1.0
Mono Green Ouroboroid,Izzet Splash,0.6,5,0.15,0.95
Mono Green Ouroboroid,4 Color Control,1.0,1,0.02,1.0
Mono Green Ouroboroid,Simic Ouroboroid,0.0,1,0.0,0.98
Mono Green Ouroboroid,Golgari Ouroboroid,0.0,1,0.0,0.98
Mono Green Ouroboroid,Jeskai Artifacts,0.5,4,0.07,0.93
Mono Green Ouroboroid,Mono Black Midrange,1.0,1,0.02,1.0
Mono Green Ouroboroid,Temur Battlecrier,1.0,2,0.16,1.0
Boros Aggro,Izzet Lessons,0.3,10,0.07,0.65
Boros Aggro,Simic Rhythm,0.42,12,0.15,0.72
Boros Aggro,Dimir Midrange,0.33,12,0.1,0.65
Boros Aggro,Jeskai Control,0.43,7,0.1,0.82
Boros Aggro,Mono Green Landfall,0.0,4,0.0,0.6
Boros Aggro,Sultai Reanimator,0.67,6,0.22,0.96
Boros Aggro,Bant Airbending,0.5,2,0.01,0.99
Boros Aggro,Mono-Red Aggro,0.38,8,0.09,0.76
Boros Aggro,Izzet Elementals,0.33,3,0.01,0.91
Boros Aggro,Dimir Excruciator,1.0,1,0.02,1.0
Boros Aggro,Azorius Flash,0.33,3,0.01,0.91
Boros Aggro,Izzet Prowess,0.5,2,0.01,0.99
Boros Aggro,Izzet Looting,0.14,7,0.0,0.58
Boros Aggro,Boros Dragons,0.0,1,0.0,0.98
Boros Aggro,Izzet Splash,0.5,2,0.01,0.99
Boros Aggro,4 Color Control,0.0,1,0.0,0.98
Boros Aggro,Simic Ouroboroid,1.0,1,0.02,1.0
Boros Aggro,Simic Omniscience,1.0,2,0.16,1.0
Boros Aggro,Jeskai Artifacts,0.0,1,0.0,0.98
Boros Aggro,Allies,0.0,2,0.0,0.84
Boros Aggro,Esper Pixie,0.5,2,0.01,0.99
Boros Aggro,Mono Black Midrange,0.5,2,0.01,0.99
Boros Aggro,Dimir Bounce,0.0,1,0.0,0.98
Gruul Leyline,Izzet Lessons,0.0,5,0.0,0.52
Gruul Leyline,Simic Rhythm,0.55,11,0.23,0.83
Gruul Leyline,Dimir Midrange,0.0,7,0.0,0.41
Gruul Leyline,Jeskai Control,0.4,5,0.05,0.85
Gruul Leyline,Mono Green Landfall,0.0,2,0.0,0.84
Gruul Leyline,Sultai Reanimator,0.38,8,0.09,0.76
Gruul Leyline,Bant Airbending,0.14,7,0.0,0.58
Gruul Leyline,Mono-Red Aggro,0.2,5,0.01,0.72
Gruul Leyline,Izzet Elementals,0.0,1,0.0,0.98
Gruul Leyline,Dimir Excruciator,0.33,3,0.01,0.91
Gruul Leyline,Azorius Flash,0.5,2,0.01,0.99
Gruul Leyline,Izzet Prowess,1.0,1,0.02,1.0
Gruul Leyline,Izzet Looting,0.33,3,0.01,0.91
Gruul Leyline,Boros Burn,0.33,3,0.01,0.91
Gruul Leyline,Izzet Splash,0.0,2,0.0,0.84
Gruul Leyline,4 Color Control,0.0,1,0.0,0.98
Gruul Leyline,Simic Ouroboroid,0.0,6,0.0,0.46
Gruul Leyline,Selesnya Landfall,0.75,4,0.19,0.99
Gruul Leyline,Simic Omniscience,0.0,1,0.0,0.98
Gruul Leyline,Jeskai Artifacts,0.0,1,0.0,0.98
Gruul Leyline,Allies,0.5,2,0.01,0.99
Gruul Leyline,Mono Black Midrange,0.0,2,0.0,0.84
Gruul Leyline,Dimir Bounce,0.0,1,0.0,0.98
Selesnya Gearhulk,Izzet Lessons,0.67,12,0.35,0.9
Selesnya Gearhulk,Simic Rhythm,0.8,10,0.44,0.97
Selesnya Gearhulk,Dimir Midrange,0.77,13,0.46,0.95
Selesnya Gearhulk,Jeskai Control,0.5,6,0.12,0.88
Selesnya Gearhulk,Mono Green Landfall,0.67,3,0.09,0.99
Selesnya Gearhulk,Sultai Reanimator,0.0,7,0.0,0.41
Selesnya Gearhulk,Bant Airbending,0.33,3,0.01,0.91
Selesnya Gearhulk,Azorius Flash,0.0,1,0.0,0.98
Selesnya Gearhulk,Izzet Prowess,1.0,1,0.02,1.0
Selesnya Gearhulk,Izzet Looting,1.0,2,0.16,1.0
Selesnya Gearhulk,Boros Dragons,1.0,1,0.02,1.0
Selesnya Gearhulk,Azorius Control,0.0,1,0.0,0.98
Selesnya Gearhulk,Izzet Splash,0.0,1,0.0,0.98
Selesnya Gearhulk,4 Color Control,0.6,5,0.15,0.95
Selesnya Gearhulk,Simic Ouroboroid,0.0,1,0.0,0.98
Selesnya Gearhulk,Selesnya Landfall,0.33,3,0.01,0.91
Selesnya Gearhulk,Golgari Ouroboroid,0.5,2,0.01,0.99
Selesnya Gearhulk,Jeskai Artifacts,0.0,1,0.0,0.98
Selesnya Gearhulk,Esper Pixie,0.0,1,0.0,0.98
Selesnya Gearhulk,Temur Battlecrier,0.0,2,0.0,0.84
Jeskai Pixie,Izzet Lessons,0.46,13,0.19,0.75
Jeskai Pixie,Simic Rhythm,0.82,17,0.57,0.96
Jeskai Pixie,Dimir Midrange,1.0,4,0.4,1.0
Jeskai Pixie,Jeskai Control,0.4,5,0.05,0.85
Jeskai Pixie,Mono Green Landfall,0.0,2,0.0,0.84
Jeskai Pixie,Sultai Reanimator,0.43,14,0.18,0.71
Jeskai Pixie,Bant Airbending,0.33,6,0.04,0.78
Jeskai Pixie,Mono-Red Aggro,0.0,3,0.0,0.71
Jeskai Pixie,Izzet Looting,0.5,2,0.01,0.99
Jeskai Pixie,Boros Dragons,0.0,1,0.0,0.98
Jeskai Pixie,Azorius Control,1.0,1,0.02,1.0
Jeskai Pixie,Boros Burn,1.0,2,0.16,1.0
Jeskai Pixie,Selesnya Landfall,1.0,1,0.02,1.0
Jeskai Pixie,Golgari Ouroboroid,0.5,2,0.01,0.99
Jeskai Pixie,Allies,0.0,1,0.0,0.98
Jeskai Pixie,Esper Pixie,0.33,3,0.01,0.91
Jeskai Pixie,Temur Battlecrier,1.0,1,0.02,1.0
Sultai Dragons,Izzet Lessons,0.17,6,0.0,0.64
Sultai Dragons,Simic Rhythm,0.4,5,0.05,0.85
Sultai Dragons,Dimir Midrange,0.23,13,0.05,0.54
Sultai Dragons,Jeskai Control,0.5,4,0.07,0.93
Sultai Dragons,Mono Green Landfall,0.5,2,0.01,0.99
Sultai Dragons,Sultai Reanimator,0.8,5,0.28,0.99
Sultai Dragons,Bant Airbending,0.5,2,0.01,0.99
Sultai Dragons,Mono-Red Aggro,0.0,4,0.0,0.6
Sultai Dragons,Izzet Elementals,1.0,1,0.02,1.0
Sultai Dragons,Dimir Excruciator,0.33,3,0.01,0.91
Sultai Dragons,Azorius Flash,0.0,1,0.0,0.98
Sultai Dragons,Izzet Prowess,1.0,1,0.02,1.0
Sultai Dragons,Izzet Looting,1.0,2,0.16,1.0
Sultai Dragons,Boros Dragons,0.5,2,0.01,0.99
Sultai Dragons,Azorius Control,1.0,2,0.16,1.0
Sultai Dragons,Boros Burn,0.33,3,0.01,0.91
Sultai Dragons,Izzet Splash,1.0,1,0.02,1.0
Sultai Dragons,4 Color Control,0.25,4,0.01,0.81
Sultai Dragons,Temur Landfall,1.0,2,0.16,1.0
Sultai Dragons,Simic Ouroboroid,1.0,2,0.16,1.0
Sultai Dragons,Selesnya Landfall,0.0,1,0.0,0.98
Sultai Dragons,Mono Black Midrange,0.0,2,0.0,0.84
Sultai Dragons,Dimir Bounce,0.0,1,0.0,0.98
Orzhov Lifegain,Izzet Lessons,0.47,15,0.21,0.73
Orzhov Lifegain,Simic Rhythm,0.33,9,0.07,0.7
Orzhov Lifegain,Dimir Midrange,0.4,10,0.12,0.74
Orzhov Lifegain,Jeskai Control,0.0,6,0.0,0.46
Orzhov Lifegain,Mono Green Landfall,1.0,1,0.02,1.0
Orzhov Lifegain,Sultai Reanimator,0.6,5,0.15,0.95
Orzhov Lifegain,Bant Airbending,0.0,1,0.0,0.98
Orzhov Lifegain,Mono-Red Aggro,0.5,4,0.07,0.93
Orzhov Lifegain,Azorius Flash,0.0,1,0.0,0.98
Orzhov Lifegain,Izzet Looting,0.0,2,0.0,0.84
Orzhov Lifegain,Boros Dragons,0.5,2,0.01,0.99
Orzhov Lifegain,Azorius Control,0.0,2,0.0,0.84
Orzhov Lifegain,Izzet Splash,1.0,1,0.02,1.0
Orzhov Lifegain,4 Color Control,0.33,3,0.01,0.91
Orzhov Lifegain,Simic Ouroboroid,0.29,7,0.04,0.71
Orzhov Lifegain,Selesnya Landfall,0.5,2,0.01,0.99
Orzhov Lifegain,Golgari Ouroboroid,0.0,1,0.0,0.98
Orzhov Lifegain,Simic Omniscience,0.67,3,0.09,0.99
Orzhov Lifegain,Jeskai Artifacts,1.0,1,0.02,1.0
Orzhov Lifegain,Mono Black Midrange,0.0,2,0.0,0.84
Orzhov Lifegain,Temur Battlecrier,1.0,1,0.02,1.0
Orzhov Midrange,Izzet Lessons,0.5,10,0.19,0.81
Orzhov Midrange,Simic Rhythm,0.5,14,0.23,0.77
Orzhov Midrange,Dimir Midrange,0.0,2,0.0,0.84
Orzhov Midrange,Jeskai Control,0.71,7,0.29,0.96
Orzhov Midrange,Mono Green Landfall,0.0,1,0.0,0.98
Orzhov Midrange,Sultai Reanimator,0.67,3,0.09,0.99
Orzhov Midrange,Bant Airbending,0.25,4,0.01,0.81
Orzhov Midrange,Mono-Red Aggro,0.83,6,0.36,1.0
Orzhov Midrange,Izzet Elementals,0.5,2,0.01,0.99
Orzhov Midrange,Dimir Excruciator,0.0,1,0.0,0.98
Orzhov Midrange,Azorius Flash,0.0,4,0.0,0.6
Orzhov Midrange,Izzet Looting,0.33,3,0.01,0.91
Orzhov Midrange,Azorius Control,0.0,1,0.0,0.98
Orzhov Midrange,Boros Burn,0.0,4,0.0,0.6
Orzhov Midrange,Izzet Splash,0.0,1,0.0,0.98
Orzhov Midrange,4 Color Control,0.0,1,0.0,0.98
Orzhov Midrange,Simic Ouroboroid,0.33,3,0.01,0.91
Orzhov Midrange,Simic Omniscience,1.0,1,0.02,1.0
Orzhov Midrange,Jeskai Artifacts,0.0,1,0.0,0.98
Orzhov Midrange,Dimir Bounce,1.0,1,0.02,1.0
Selesnya Cage,Izzet Lessons,0.4,5,0.05,0.85
Selesnya Cage,Simic Rhythm,0.25,8,0.03,0.65
Selesnya Cage,Dimir Midrange,0.53,15,0.27,0.79
Selesnya Cage,Jeskai Control,1.0,3,0.29,1.0
Selesnya Cage,Mono Green Landfall,0.6,5,0.15,0.95
Selesnya Cage,Sultai Reanimator,0.5,2,0.01,0.99
Selesnya Cage,Bant Airbending,1.0,1,0.02,1.0
Selesnya Cage,Mono-Red Aggro,0.5,2,0.01,0.99
Selesnya Cage,Izzet Elementals,0.0,2,0.0,0.84
Selesnya Cage,Dimir Excruciator,0.33,3,0.01,0.91
Selesnya Cage,Azorius Flash,0.5,2,0.01,0.99
Selesnya Cage,Izzet Prowess,0.0,1,0.0,0.98
Selesnya Cage,Izzet Looting,0.67,3,0.09,0.99
Selesnya Cage,Azorius Control,0.0,2,0.0,0.84
Selesnya Cage,Simic Ouroboroid,0.2,5,0.01,0.72
Selesnya Cage,Selesnya Landfall,1.0,1,0.02,1.0
Selesnya Cage,Allies,1.0,1,0.02,1.0
Selesnya Cage,Esper Pixie,0.0,2,0.0,0.84
Selesnya Cage,Mono Black Midrange,0.0,1,0.0,0.98
Selesnya Cage,Dimir Bounce,0.0,1,0.0,0.98
Selesnya Cage,Temur Battlecrier,0.0,1,0.0,0.98
Boros Mice,Izzet Lessons,0.5,12,0.21,0.79
Boros Mice,Simic Rhythm,0.55,11,0.23,0.83
Boros Mice,Dimir Midrange,0.67,9,0.3,0.93
Boros Mice,Jeskai Control,0.6,5,0.15,0.95
Boros Mice,Mono Green Landfall,0.0,7,0.0,0.41
Boros Mice,Sultai Reanimator,0.67,3,0.09,0.99
Boros Mice,Bant Airbending,0.5,2,0.01,0.99
Boros Mice,Mono-Red Aggro,0.6,5,0.15,0.95
Boros Mice,Izzet Elementals,0.5,2,0.01,0.99
Boros Mice,Izzet Looting,0.0,3,0.0,0.71
Boros Mice,Boros Burn,1.0,1,0.02,1.0
Boros Mice,4 Color Control,0.0,1,0.0,0.98
Boros Mice,Simic Ouroboroid,0.67,3,0.09,0.99
Boros Mice,Jeskai Artifacts,0.0,1,0.0,0.98
Boros Mice,Allies,0.0,2,0.0,0.84
Boros Mice,Esper Pixie,1.0,1,0.02,1.0
Boros Mice,Mono Black Midrange,1.0,1,0.02,1.0
Esper Oculus,Izzet Lessons,0.25,8,0.03,0.65
Esper Oculus,Simic Rhythm,0.22,9,0.03,0.6
Esper Oculus,Dimir Midrange,0.25,4,0.01,0.81
Esper Oculus,Jeskai Control,0.27,11,0.06,0.61
Esper Oculus,Mono Green Landfall,0.0,3,0.0,0.71
Esper Oculus,Sultai Reanimator,0.5,2,0.01,0.99
Esper Oculus,Bant Airbending,0.33,3,0.01,0.91
Esper Oculus,Mono-Red Aggro,0.67,3,0.09,0.99
Esper Oculus,Izzet Elementals,0.4,5,0.05,0.85
Esper Oculus,Dimir Excruciator,0.0,4,0.0,0.6
Esper Oculus,Azorius Flash,0.0,2,0.0,0.84
Esper Oculus,Izzet Prowess,0.2,5,0.01,0.72
Esper Oculus,Boros Dragons,0.33,3,0.01,0.91
Esper Oculus,Boros Burn,0.0,1,0.0,0.98
Esper Oculus,4 Color Control,1.0,1,0.02,1.0
Esper Oculus,Temur Landfall,0.0,1,0.0,0.98
Esper Oculus,Selesnya Landfall,0.5,2,0.01,0.99
Esper Oculus,Golgari Ouroboroid,0.0,1,0.0,0.98
Esper Oculus,Mono Black Midrange,0.0,1,0.0,0.98
Golgari Midrange,Izzet Lessons,0.5,10,0.19,0.81
Golgari Midrange,Simic Rhythm,0.44,9,0.14,0.79
Golgari Midrange,Dimir Midrange,0.33,9,0.07,0.7
Golgari Midrange,Jeskai Control,0.33,6,0.04,0.78
Golgari Midrange,Mono Green Landfall,0.25,4,0.01,0.81
Golgari Midrange,Sultai Reanimator,0.25,4,0.01,0.81
Golgari Midrange,Bant Airbending,1.0,3,0.29,1.0
Golgari Midrange,Izzet Elementals,1.0,1,0.02,1.0
Golgari Midrange,Dimir Excruciator,0.5,2,0.01,0.99
Golgari Midrange,Azorius Flash,1.0,1,0.02,1.0
Golgari Midrange,Izzet Prowess,1.0,3,0.29,1.0
Golgari Midrange,Boros Dragons,1.0,1,0.02,1.0
Golgari Midrange,Azorius Control,0.0,1,0.0,0.98
Golgari Midrange,Izzet Splash,1.0,1,0.02,1.0
Golgari Midrange,4 Color Control,0.0,1,0.0,0.98
Golgari Midrange,Simic Ouroboroid,0.25,4,0.01,0.81
Golgari Midrange,Selesnya Landfall,0.0,1,0.0,0.98
Golgari Midrange,Jeskai Artifacts,0.5,2,0.01,0.99
Golgari Midrange,Allies,1.0,1,0.02,1.0
Naya Yuna,Izzet Lessons,0.67,6,0.22,0.96
Naya Yuna,Simic Rhythm,0.33,6,0.04,0.78
Naya Yuna,Dimir Midrange,0.4,5,0.05,0.85
Naya Yuna,Jeskai Control,0.0,3,0.0,0.71
Naya Yuna,Mono Green Landfall,0.0,3,0.0,0.71
Naya Yuna,Sultai Reanimator,0.0,2,0.0,0.84
Naya Yuna,Bant Airbending,0.4,5,0.05,0.85
Naya Yuna,Mono-Red Aggro,0.5,2,0.01,0.99
Naya Yuna,Izzet Elementals,0.0,2,0.0,0.84
Naya Yuna,Dimir Excruciator,0.25,4,0.01,0.81
Naya Yuna,Azorius Flash,0.33,3,0.01,0.91
Naya Yuna,Izzet Prowess,0.0,1,0.0,0.98
Naya Yuna,Izzet Looting,0.0,1,0.0,0.98
Naya Yuna,Boros Dragons,1.0,1,0.02,1.0
Naya Yuna,Azorius Control,0.0,3,0.0,0.71
Naya Yuna,Boros Burn,1.0,1,0.02,1.0
Naya Yuna,Izzet Splash,0.5,2,0.01,0.99
Naya Yuna,4 Color Control,0.0,1,0.0,0.98
Naya Yuna,Temur Landfall,0.0,1,0.0,0.98
Naya Yuna,Golgari Ouroboroid,1.0,1,0.02,1.0
Naya Yuna,Simic Omniscience,0.0,1,0.0,0.98
Naya Yuna,Esper Pixie,0.0,1,0.0,0.98
Naya Yuna,Mono Black Midrange,0.0,1,0.0,0.98
Naya Yuna,Temur Battlecrier,0.0,1,0.0,0.98
Azorius Aggro,Dimir Midrange,0.56,9,0.21,0.86
Azorius Aggro,Jeskai Control,0.5,4,0.07,0.93
Azorius Aggro,Mono Green Landfall,0.0,1,0.0,0.98
Azorius Aggro,Sultai Reanimator,0.13,8,0.0,0.53
Azorius Aggro,Bant Airbending,1.0,1,0.02,1.0
Azorius Aggro,Izzet Looting,0.5,2,0.01,0.99
Azorius Aggro,Azorius Control,0.4,5,0.05,0.85
Azorius Aggro,Izzet Splash,0.0,1,0.0,0.98
Azorius Aggro,4 Color Control,0.25,8,0.03,0.65
Azorius Aggro,Simic Ouroboroid,0.5,8,0.16,0.84
Azorius Aggro,Simic Omniscience,0.0,3,0.0,0.71
Azorius Aggro,Jeskai Artifacts,0.0,2,0.0,0.84
Azorius Aggro,Mono Black Midrange,0.75,4,0.19,0.99
Azorius Aggro,Temur Battlecrier,0.5,2,0.01,0.99
Dimir Reanimator,Izzet Lessons,0.29,7,0.04,0.71
Dimir Reanimator,Simic Rhythm,0.5,2,0.01,0.99
Dimir Reanimator,Dimir Midrange,0.78,9,0.4,0.97
Dimir Reanimator,Jeskai Control,0.0,1,0.0,0.98
Dimir Reanimator,Mono Green Landfall,0.11,9,0.0,0.48
Dimir Reanimator,Sultai Reanimator,0.5,2,0.01,0.99
Dimir Reanimator,Bant Airbending,0.5,4,0.07,0.93
Dimir Reanimator,Mono-Red Aggro,1.0,4,0.4,1.0
Dimir Reanimator,Izzet Elementals,0.5,6,0.12,0.88
Dimir Reanimator,Dimir Excruciator,0.5,6,0.12,0.88
Dimir Reanimator,Azorius Flash,1.0,1,0.02,1.0
Dimir Reanimator,Izzet Prowess,0.25,4,0.01,0.81
Dimir Reanimator,Boros Dragons,1.0,2,0.16,1.0
Dimir Reanimator,Izzet Splash,1.0,1,0.02,1.0
Dimir Reanimator,Temur Landfall,0.67,3,0.09,0.99
Dimir Reanimator,Simic Ouroboroid,1.0,1,0.02,1.0
Dimir Reanimator,Mono Black Midrange,0.0,1,0.0,0.98
Dimir Reanimator,Temur Battlecrier,0.5,2,0.01,0.99
Boros Arabella,Izzet Lessons,0.5,2,0.01,0.99
Boros Arabella,Simic Rhythm,0.5,2,0.01,0.99
Boros Arabella,Dimir Midrange,1.0,1,0.02,1.0
Boros Arabella,Jeskai Control,0.0,2,0.0,0.84
Boros Arabella,Mono Green Landfall,0.4,5,0.05,0.85
Boros Arabella,Sultai Reanimator,0.0,3,0.0,0.71
Boros Arabella,Bant Airbending,0.33,3,0.01,0.91
Boros Arabella,Mono-Red Aggro,0.5,6,0.12,0.88
Boros Arabella,Azorius Flash,0.67,3,0.09,0.99
Boros Arabella,Izzet Looting,0.2,5,0.01,0.72
Boros Arabella,Boros Dragons,0.0,1,0.0,0.98
Boros Arabella,Azorius Control,0.5,2,0.01,0.99
Boros Arabella,Boros Burn,1.0,2,0.16,1.0
Boros Arabella,Izzet Splash,0.0,3,0.0,0.71
Boros Arabella,Simic Ouroboroid,0.5,4,0.07,0.93
Boros Arabella,Simic Omniscience,1.0,1,0.02,1.0
Boros Arabella,Jeskai Artifacts,0.0,2,0.0,0.84
Boros Arabella,Allies,0.0,2,0.0,0.84
Boros Arabella,Mono Black Midrange,1.0,2,0.16,1.0
Boros Arabella,Dimir Bounce,0.0,1,0.0,0.98
Boros Arabella,Temur Battlecrier,0.25,4,0.01,0.81
Bant Rhythm,Izzet Lessons,0.0,2,0.0,0.84
Bant Rhythm,Simic Rhythm,0.64,11,0.31,0.89
Bant Rhythm,Dimir Midrange,0.33,3,0.01,0.91
Bant Rhythm,Jeskai Control,0.67,3,0.09,0.99
Bant Rhythm,Mono Green Landfall,0.25,4,0.01,0.81
Bant Rhythm,Sultai Reanimator,0.56,9,0.21,0.86
Bant Rhythm,Bant Airbending,1.0,2,0.16,1.0
Bant Rhythm,Mono-Red Aggro,0.0,1,0.0,0.98
Bant Rhythm,Izzet Elementals,0.14,7,0.0,0.58
Bant Rhythm,Azorius Flash,0.5,2,0.01,0.99
Bant Rhythm,Izzet Prowess,0.33,3,0.01,0.91
Bant Rhythm,Izzet Looting,0.5,2,0.01,0.99
Bant Rhythm,Azorius Control,0.0,1,0.0,0.98
Bant Rhythm,Izzet Splash,0.0,2,0.0,0.84
Bant Rhythm,Temur Landfall,0.5,2,0.01,0.99
Bant Rhythm,Selesnya Landfall,1.0,1,0.02,1.0
Bant Rhythm,Esper Pixie,1.0,1,0.02,1.0
Gruul Aggro,Izzet Lessons,1.0,1,0.02,1.0
Gruul Aggro,Simic Rhythm,0.33,3,0.01,0.91
Gruul Aggro,Dimir Midrange,0.38,8,0.09,0.76
Gruul Aggro,Jeskai Control,0.56,9,0.21,0.86
Gruul Aggro,Mono Green Landfall,0.5,2,0.01,0.99
Gruul Aggro,Sultai Reanimator,0.75,4,0.19,0.99
Gruul Aggro,Bant Airbending,0.0,2,0.0,0.84
Gruul Aggro,Mono-Red Aggro,0.5,4,0.07,0.93
Gruul Aggro,Dimir Excruciator,0.0,2,0.0,0.84
Gruul Aggro,Azorius Flash,0.0,1,0.0,0.98
Gruul Aggro,Izzet Looting,1.0,1,0.02,1.0
Gruul Aggro,Boros Dragons,0.0,1,0.0,0.98
Gruul Aggro,Azorius Control,0.5,4,0.07,0.93
Gruul Aggro,Boros Burn,1.0,2,0.16,1.0
Gruul Aggro,Izzet Splash,1.0,2,0.16,1.0
Gruul Aggro,4 Color Control,0.33,3,0.01,0.91
Gruul Aggro,Temur Landfall,1.0,1,0.02,1.0
Gruul Aggro,Simic Ouroboroid,0.0,1,0.0,0.98
Gruul Aggro,Selesnya Landfall,1.0,1,0.02,1.0
Gruul Aggro,Golgari Ouroboroid,1.0,2,0.16,1.0
Gruul Aggro,Jeskai Artifacts,0.5,2,0.01,0.99
Gruul Aggro,Mono Black Midrange,1.0,1,0.02,1.0
Azorius Flyers,Izzet Lessons,0.27,11,0.06,0.61
Azorius Flyers,Simic Rhythm,0.67,9,0.3,0.93
Azorius Flyers,Dimir Midrange,0.6,5,0.15,0.95
Azorius Flyers,Jeskai Control,0.0,3,0.0,0.71
Azorius Flyers,Mono Green Landfall,1.0,2,0.16,1.0
Azorius Flyers,Sultai Reanimator,0.5,2,0.01,0.99
Azorius Flyers,Bant Airbending,0.38,8,0.09,0.76
Azorius Flyers,Mono-Red Aggro,0.0,1,0.0,0.98
Azorius Flyers,Izzet Elementals,0.0,1,0.0,0.98
Azorius Flyers,Dimir Excruciator,0.0,1,0.0,0.98
Azorius Flyers,Azorius Flash,0.67,3,0.09,0.99
Azorius Flyers,Izzet Prowess,0.67,3,0.09,0.99
Azorius Flyers,Izzet Looting,1.0,3,0.29,1.0
Azorius Flyers,Boros Dragons,0.0,2,0.0,0.84
Azorius Flyers,Azorius Control,0.0,1,0.0,0.98
Azorius Flyers,Boros Burn,0.0,1,0.0,0.98
Azorius Flyers,Selesnya Landfall,0.67,3,0.09,0.99
Azorius Flyers,Simic Omniscience,0.0,1,0.0,0.98
Azorius Flyers,Allies,0.0,1,0.0,0.98
Azorius Flyers,Esper Pixie,0.67,3,0.09,0.99
Esper Control,Izzet Lessons,0.14,7,0.0,0.58
Esper Control,Simic Rhythm,0.0,5,0.0,0.52
Esper Control,Dimir Midrange,0.13,8,0.0,0.53
Esper Control,Jeskai Control,0.5,2,0.01,0.99
Esper Control,Mono Green Landfall,0.33,3,0.01,0.91
Esper Control,Sultai Reanimator,0.6,5,0.15,0.95
Esper Control,Bant Airbending,0.5,2,0.01,0.99
Esper Control,Mono-Red Aggro,0.0,2,0.0,0.84
Esper Control,Izzet Elementals,0.0,2,0.0,0.84
Esper Control,Dimir Excruciator,0.0,3,0.0,0.71
Esper Control,Azorius Flash,1.0,1,0.02,1.0
Esper Control,Izzet Looting,0.0,1,0.0,0.98
Esper Control,Boros Dragons,1.0,1,0.02,1.0
Esper Control,Azorius Control,0.5,2,0.01,0.99
Esper Control,Boros Burn,1.0,1,0.02,1.0
Esper Control,Izzet Splash,0.0,1,0.0,0.98
Esper Control,4 Color Control,1.0,1,0.02,1.0
Esper Control,Temur Landfall,0.0,1,0.0,0.98
Esper Control,Simic Ouroboroid,0.0,3,0.0,0.71
Esper Control,Selesnya Landfall,1.0,1,0.02,1.0
Esper Control,Golgari Ouroboroid,0.5,2,0.01,0.99
Esper Control,Allies,0.0,1,0.0,0.98
Esper Control,Esper Pixie,1.0,1,0.02,1.0
Azorius Otters,Izzet Lessons,0.89,9,0.52,1.0
Azorius Otters,Simic Rhythm,0.67,3,0.09,0.99
Azorius Otters,Dimir Midrange,0.57,7,0.18,0.9
Azorius Otters,Mono Green Landfall,0.63,8,0.24,0.91
Azorius Otters,Sultai Reanimator,0.0,1,0.0,0.98
Azorius Otters,Bant Airbending,0.75,4,0.19,0.99
Azorius Otters,Mono-Red Aggro,0.0,3,0.0,0.71
Azorius Otters,Izzet Elementals,1.0,5,0.48,1.0
Azorius Otters,Dimir Excruciator,0.67,9,0.3,0.93
Azorius Otters,Azorius Flash,0.25,4,0.01,0.81
Azorius Otters,Izzet Prowess,0.0,2,0.0,0.84
Azorius Otters,Boros Dragons,0.0,4,0.0,0.6
Azorius Otters,Boros Burn,1.0,2,0.16,1.0
Azorius Otters,Izzet Splash,1.0,2,0.16,1.0
Azorius Otters,4 Color Control,1.0,1,0.02,1.0
Azorius Otters,Temur Landfall,0.0,1,0.0,0.98
Azorius Otters,Simic Omniscience,1.0,1,0.02,1.0
Goblins,Izzet Lessons,0.63,8,0.24,0.91
Goblins,Simic Rhythm,0.38,8,0.09,0.76
Goblins,Dimir Midrange,0.4,5,0.05,0.85
Goblins,Jeskai Control,0.33,6,0.04,0.78
Goblins,Mono Green Landfall,0.0,2,0.0,0.84
Goblins,Sultai Reanimator,0.25,4,0.01,0.81
Goblins,Bant Airbending,0.5,2,0.01,0.99
Goblins,Mono-Red Aggro,0.2,5,0.01,0.72
Goblins,Izzet Elementals,0.0,2,0.0,0.84
Goblins,Dimir Excruciator,0.0,2,0.0,0.84
Goblins,Azorius Flash,0.5,2,0.01,0.99
Goblins,Izzet Prowess,0.0,1,0.0,0.98
Goblins,Boros Dragons,1.0,3,0.29,1.0
Goblins,Azorius Control,0.0,1,0.0,0.98
Goblins,Boros Burn,0.0,1,0.0,0.98
Goblins,Izzet Splash,0.0,1,0.0,0.98
Goblins,Temur Landfall,0.0,1,0.0,0.98
Goblins,Simic Ouroboroid,1.0,1,0.02,1.0
Goblins,Selesnya Landfall,0.33,3,0.01,0.91
Goblins,Golgari Ouroboroid,0.0,1,0.0,0.98
Goblins,Jeskai Artifacts,0.0,1,0.0,0.98
Goblins,Esper Pixie,0.0,1,0.0,0.98
Boros Tokens,Izzet Lessons,0.71,7,0.29,0.96
Boros Tokens,Simic Rhythm,0.33,9,0.07,0.7
Boros Tokens,Dimir Midrange,0.57,7,0.18,0.9
Boros Tokens,Jeskai Control,0.67,3,0.09,0.99
Boros Tokens,Mono Green Landfall,0.0,1,0.0,0.98
Boros Tokens,Sultai Reanimator,0.75,4,0.19,0.99
Boros Tokens,Bant Airbending,0.0,2,0.0,0.84
Boros Tokens,Mono-Red Aggro,0.33,6,0.04,0.78
Boros Tokens,Azorius Flash,0.67,3,0.09,0.99
Boros Tokens,Izzet Looting,1.0,1,0.02,1.0
Boros Tokens,Boros Dragons,0.0,2,0.0,0.84
Boros Tokens,Boros Burn,0.0,1,0.0,0.98
Boros Tokens,Izzet Splash,1.0,1,0.02,1.0
Boros Tokens,Simic Ouroboroid,0.5,2,0.01,0.99
Boros Tokens,Selesnya Landfall,0.0,1,0.0,0.98
Boros Tokens,Golgari Ouroboroid,0.5,2,0.01,0.99
Boros Tokens,Simic Omniscience,0.0,1,0.0,0.98
Boros Tokens,Jeskai Artifacts,0.67,3,0.09,0.99
Boros Tokens,Allies,0.0,1,0.0,0.98
Boros Tokens,Dimir Bounce,0.0,1,0.0,0.98
Boros Weapons,Izzet Lessons,0.38,13,0.14,0.68
Boros Weapons,Simic Rhythm,0.83,6,0.36,1.0
Boros Weapons,Jeskai Control,0.29,7,0.04,0.71
Boros Weapons,Mono Green Landfall,0.0,3,0.0,0.71
Boros Weapons,Sultai Reanimator,0.33,6,0.04,0.78
Boros Weapons,Bant Airbending,0.5,2,0.01,0.99
Boros Weapons,Mono-Red Aggro,0.5,2,0.01,0.99
Boros Weapons,Izzet Elementals,0.0,1,0.0,0.98
Boros Weapons,Azorius Flash,0.0,1,0.0,0.98
Boros Weapons,Izzet Looting,0.0,1,0.0,0.98
Boros Weapons,Boros Dragons,0.0,1,0.0,0.98
Boros Weapons,Azorius Control,1.0,1,0.02,1.0
Boros Weapons,Boros Burn,0.5,2,0.01,0.99
Boros Weapons,Izzet Splash,1.0,1,0.02,1.0
Boros Weapons,4 Color Control,0.0,1,0.0,0.98
Boros Weapons,Temur Landfall,0.0,1,0.0,0.98
Boros Weapons,Simic Ouroboroid,0.0,1,0.0,0.98
Boros Weapons,Selesnya Landfall,0.0,1,0.0,0.98
Boros Weapons,Simic Omniscience,0.0,1,0.0,0.98
Boros Weapons,Allies,0.0,1,0.0,0.98
Boros Weapons,Mono Black Midrange,1.0,1,0.02,1.0
Sultai Control,Izzet Lessons,0.5,4,0.07,0.93
Sultai Control,Simic Rhythm,0.0,4,0.0,0.6
Sultai Control,Dimir Midrange,0.5,6,0.12,0.88
Sultai Control,Jeskai Control,0.75,4,0.19,0.99
Sultai Control,Mono Green Landfall,0.25,8,0.03,0.65
Sultai Control,Sultai Reanimator,0.25,4,0.01,0.81
Sultai Control,Bant Airbending,1.0,1,0.02,1.0
Sultai Control,Mono-Red Aggro,0.83,6,0.36,1.0
Sultai Control,Izzet Elementals,1.0,2,0.16,1.0
Sultai Control,Azorius Flash,0.83,6,0.36,1.0
Sultai Control,Izzet Looting,1.0,1,0.02,1.0
Sultai Control,Azorius Control,0.0,1,0.0,0.98
Sultai Control,Boros Burn,1.0,2,0.16,1.0
Sultai Control,Izzet Splash,1.0,1,0.02,1.0
Sultai Control,4 Color Control,0.0,1,0.0,0.98
Sultai Control,Temur Landfall,0.0,1,0.0,0.98
Sultai Control,Simic Ouroboroid,0.25,4,0.01,0.81
Sultai Control,Simic Omniscience,1.0,1,0.02,1.0
Sultai Rhythm,Izzet Lessons,0.67,6,0.22,0.96
Sultai Rhythm,Simic Rhythm,0.57,7,0.18,0.9
Sultai Rhythm,Dimir Midrange,0.86,7,0.42,1.0
Sultai Rhythm,Jeskai Control,0.33,3,0.01,0.91
Sultai Rhythm,Mono Green Landfall,0.33,3,0.01,0.91
Sultai Rhythm,Sultai Reanimator,0.5,4,0.07,0.93
Sultai Rhythm,Bant Airbending,0.4,5,0.05,0.85
Sultai Rhythm,Mono-Red Aggro,0.67,3,0.09,0.99
Sultai Rhythm,Izzet Elementals,0.5,4,0.07,0.93
Sultai Rhythm,Azorius Flash,0.33,3,0.01,0.91
Sultai Rhythm,Izzet Prowess,0.0,1,0.0,0.98
Sultai Rhythm,Boros Dragons,0.0,1,0.0,0.98
Sultai Rhythm,Azorius Control,0.0,1,0.0,0.98
Sultai Rhythm,Boros Burn,1.0,1,0.02,1.0
Sultai Rhythm,Temur Landfall,0.0,1,0.0,0.98
Sultai Rhythm,Simic Omniscience,1.0,1,0.02,1.0
Sultai Rhythm,Esper Pixie,0.0,1,0.0,0.98
Sultai Rhythm,Mono Black Midrange,1.0,1,0.02,1.0
Grixis Reanimator,Izzet Lessons,0.33,3,0.01,0.91
Grixis Reanimator,Simic Rhythm,0.33,3,0.01,0.91
Grixis Reanimator,Dimir Midrange,0.25,8,0.03,0.65
Grixis Reanimator,Jeskai Control,0.2,5,0.01,0.72
Grixis Reanimator,Mono Green Landfall,1.0,1,0.02,1.0
Grixis Reanimator,Sultai Reanimator,0.5,4,0.07,0.93
Grixis Reanimator,Bant Airbending,0.0,3,0.0,0.71
Grixis Reanimator,Mono-Red Aggro,0.0,1,0.0,0.98
Grixis Reanimator,Izzet Elementals,1.0,1,0.02,1.0
Grixis Reanimator,Dimir Excruciator,0.0,3,0.0,0.71
Grixis Reanimator,Azorius Flash,1.0,1,0.02,1.0
Grixis Reanimator,Izzet Looting,0.0,1,0.0,0.98
Grixis Reanimator,Boros Dragons,1.0,1,0.02,1.0
Grixis Reanimator,Azorius Control,0.75,4,0.19,0.99
Grixis Reanimator,Boros Burn,0.5,2,0.01,0.99
Grixis Reanimator,Izzet Splash,0.33,3,0.01,0.91
Grixis Reanimator,Temur Landfall,0.0,1,0.0,0.98
Grixis Reanimator,Simic Omniscience,1.0,1,0.02,1.0
Grixis Reanimator,Jeskai Artifacts,1.0,1,0.02,1.0
Grixis Reanimator,Temur Battlecrier,0.0,2,0.0,0.84
4 Color Elementals,Izzet Lessons,0.75,8,0.35,0.97
4 Color Elementals,Simic Rhythm,0.67,9,0.3,0.93
4 Color Elementals,Dimir Midrange,0.33,3,0.01,0.91
4 Color Elementals,Jeskai Control,0.0,1,0.0,0.98
4 Color Elementals,Mono Green Landfall,0.0,1,0.0,0.98
4 Color Elementals,Sultai Reanimator,0.33,3,0.01,0.91
4 Color Elementals,Bant Airbending,0.2,5,0.01,0.72
4 Color Elementals,Azorius Flash,1.0,2,0.16,1.0
4 Color Elementals,Izzet Looting,1.0,1,0.02,1.0
4 Color Elementals,Azorius Control,1.0,1,0.02,1.0
4 Color Elementals,Selesnya Landfall,0.5,2,0.01,0.99
4 Color Elementals,Golgari Ouroboroid,1.0,2,0.16,1.0
4 Color Elementals,Simic Omniscience,1.0,1,0.02,1.0
4 Color Elementals,Allies,0.0,1,0.0,0.98
4 Color Elementals,Mono Black Midrange,1.0,1,0.02,1.0
Izzet Omniscience,Izzet Lessons,0.25,8,0.03,0.65
Izzet Omniscience,Simic Rhythm,0.36,11,0.11,0.69
Izzet Omniscience,Dimir Midrange,0.5,4,0.07,0.93
Izzet Omniscience,Jeskai Control,0.67,3,0.09,0.99
Izzet Omniscience,Sultai Reanimator,0.4,5,0.05,0.85
Izzet Omniscience,Bant Airbending,0.75,4,0.19,0.99
Izzet Omniscience,Mono-Red Aggro,0.0,2,0.0,0.84
Izzet Omniscience,Azorius Flash,0.0,1,0.0,0.98
Izzet Omniscience,Izzet Looting,0.0,1,0.0,0.98
Izzet Omniscience,Boros Burn,1.0,1,0.02,1.0
Izzet Omniscience,Izzet Splash,0.0,1,0.0,0.98
Izzet Omniscience,4 Color Control,1.0,1,0.02,1.0
Izzet Omniscience,Golgari Ouroboroid,0.5,2,0.01,0.99
Grixis Monument,Izzet Lessons,0.57,7,0.18,0.9
Grixis Monument,Simic Rhythm,0.43,7,0.1,0.82
Grixis Monument,Dimir Midrange,0.75,4,0.19,0.99
Grixis Monument,Jeskai Control,0.0,1,0.0,0.98
Grixis Monument,Mono Green Landfall,0.33,6,0.04,0.78
Grixis Monument,Sultai Reanimator,1.0,1,0.02,1.0
Grixis Monument,Mono-Red Aggro,0.2,5,0.01,0.72
Grixis Monument,Izzet Elementals,0.0,3,0.0,0.71
Grixis Monument,Dimir Excruciator,0.67,3,0.09,0.99
Grixis Monument,Azorius Flash,0.5,2,0.01,0.99
Grixis Monument,Izzet Prowess,0.2,5,0.01,0.72
Grixis Monument,Boros Dragons,0.5,2,0.01,0.99
Grixis Monument,Izzet Splash,0.5,2,0.01,0.99
Grixis Monument,4 Color Control,1.0,1,0.02,1.0
Grixis Monument,Temur Landfall,1.0,1,0.02,1.0
Gruul Ouroboroid,Izzet Lessons,0.8,10,0.44,0.97
Gruul Ouroboroid,Simic Rhythm,0.4,5,0.05,0.85
Gruul Ouroboroid,Dimir Midrange,0.5,2,0.01,0.99
Gruul Ouroboroid,Jeskai Control,0.33,6,0.04,0.78
Gruul Ouroboroid,Mono Green Landfall,1.0,1,0.02,1.0
Gruul Ouroboroid,Sultai Reanimator,0.8,5,0.28,0.99
Gruul Ouroboroid,Bant Airbending,0.17,6,0.0,0.64
Gruul Ouroboroid,Izzet Looting,1.0,1,0.02,1.0
Gruul Ouroboroid,Boros Burn,1.0,2,0.16,1.0
Gruul Ouroboroid,Izzet Splash,0.0,1,0.0,0.98
Gruul Ouroboroid,Golgari Ouroboroid,0.0,1,0.0,0.98
Gruul Ouroboroid,Simic Omniscience,1.0,2,0.16,1.0
Orzhov Ketramose,Izzet Lessons,0.0,3,0.0,0.71
Orzhov Ketramose,Simic Rhythm,1.0,1,0.02,1.0
Orzhov Ketramose,Dimir Midrange,0.56,9,0.21,0.86
Orzhov Ketramose,Jeskai Control,0.25,4,0.01,0.81
Orzhov Ketramose,Sultai Reanimator,0.0,3,0.0,0.71
Orzhov Ketramose,Bant Airbending,0.0,1,0.0,0.98
Orzhov Ketramose,Izzet Elementals,0.0,2,0.0,0.84
Orzhov Ketramose,Dimir Excruciator,1.0,1,0.02,1.0
Orzhov Ketramose,Azorius Flash,1.0,1,0.02,1.0
Orzhov Ketramose,Izzet Prowess,0.0,1,0.0,0.98
Orzhov Ketramose,Izzet Looting,0.0,2,0.0,0.84
Orzhov Ketramose,Simic Ouroboroid,0.2,5,0.01,0.72
Orzhov Ketramose,Selesnya Landfall,0.0,1,0.0,0.98
Orzhov Ketramose,Simic Omniscience,0.0,3,0.0,0.71
Orzhov Ketramose,Jeskai Artifacts,0.0,1,0.0,0.98
Orzhov Ketramose,Dimir Bounce,1.0,1,0.02,1.0
Orzhov Ketramose,Temur Battlecrier,0.0,1,0.0,0.98
Azorius Auras,Izzet Lessons,0.5,4,0.07,0.93
Azorius Auras,Simic Rhythm,0.5,2,0.01,0.99
Azorius Auras,Dimir Midrange,0.33,3,0.01,0.91
Azorius Auras,Jeskai Control,0.2,5,0.01,0.72
Azorius Auras,Mono Green Landfall,0.0,1,0.0,0.98
Azorius Auras,Sultai Reanimator,0.2,5,0.01,0.72
Azorius Auras,Bant Airbending,0.5,8,0.16,0.84
Azorius Auras,Mono-Red Aggro,0.0,1,0.0,0.98
Azorius Auras,Azorius Control,0.0,2,0.0,0.84
Azorius Auras,Izzet Splash,0.0,1,0.0,0.98
Azorius Auras,4 Color Control,0.0,1,0.0,0.98
Azorius Auras,Simic Ouroboroid,0.33,3,0.01,0.91
Azorius Auras,Golgari Ouroboroid,0.0,2,0.0,0.84
Azorius Auras,Allies,0.0,1,0.0,0.98
Azorius Auras,Dimir Bounce,0.0,1,0.0,0.98
Azorius Auras,Temur Battlecrier,0.0,1,0.0,0.98
Golgari Graveyard,Izzet Lessons,0.67,6,0.22,0.96
Golgari Graveyard,Simic Rhythm,0.33,9,0.07,0.7
Golgari Graveyard,Dimir Midrange,0.5,6,0.12,0.88
Golgari Graveyard,Jeskai Control,0.33,3,0.01,0.91
Golgari Graveyard,Mono Green Landfall,0.5,4,0.07,0.93
Golgari Graveyard,Sultai Reanimator,1.0,2,0.16,1.0
Golgari Graveyard,Bant Airbending,0.0,1,0.0,0.98
Golgari Graveyard,Azorius Flash,0.0,1,0.0,0.98
Golgari Graveyard,Izzet Looting,0.0,3,0.0,0.71
Golgari Graveyard,Boros Burn,1.0,2,0.16,1.0
Golgari Graveyard,Izzet Splash,1.0,1,0.02,1.0
Golgari Graveyard,Simic Omniscience,1.0,1,0.02,1.0
Golgari Graveyard,Jeskai Artifacts,1.0,1,0.02,1.0
Golgari Graveyard,Allies,0.0,1,0.0,0.98
Golgari Graveyard,Dimir Bounce,1.0,1,0.02,1.0
Selesnya Kona,Izzet Lessons,0.0,3,0.0,0.71
Selesnya Kona,Simic Rhythm,0.0,1,0.0,0.98
Selesnya Kona,Dimir Midrange,0.33,12,0.1,0.65
Selesnya Kona,Jeskai Control,1.0,2,0.16,1.0
Selesnya Kona,Sultai Reanimator,0.5,2,0.01,0.99
Selesnya Kona,Mono-Red Aggro,0.0,1,0.0,0.98
Selesnya Kona,Azorius Flash,1.0,1,0.02,1.0
Selesnya Kona,Izzet Looting,1.0,1,0.02,1.0
Selesnya Kona,Azorius Control,0.5,2,0.01,0.99
Selesnya Kona,4 Color Control,1.0,1,0.02,1.0
Selesnya Kona,Simic Ouroboroid,0.2,5,0.01,0.72
Selesnya Kona,Golgari Ouroboroid,0.0,1,0.0,0.98
Selesnya Kona,Jeskai Artifacts,0.0,1,0.0,0.98
Selesnya Kona,Mono Black Midrange,0.0,1,0.0,0.98
Selesnya Kona,Temur Battlecrier,0.0,2,0.0,0.84
4 Color Reanimator,Izzet Lessons,1.0,1,0.02,1.0
4 Color Reanimator,Dimir Midrange,0.5,4,0.07,0.93
4 Color Reanimator,Jeskai Control,0.0,1,0.0,0.98
4 Color Reanimator,Mono Green Landfall,1.0,1,0.02,1.0
4 Color Reanimator,Sultai Reanimator,0.4,5,0.05,0.85
4 Color Reanimator,Bant Airbending,0.0,1,0.0,0.98
4 Color Reanimator,Izzet Elementals,0.5,2,0.01,0.99
4 Color Reanimator,Dimir Excruciator,0.25,4,0.01,0.81
4 Color Reanimator,Azorius Flash,0.5,2,0.01,0.99
4 Color Reanimator,Izzet Prowess,0.5,2,0.01,0.99
4 Color Reanimator,Azorius Control,0.67,3,0.09,0.99
4 Color Reanimator,Boros Burn,0.0,1,0.0,0.98
4 Color Reanimator,Izzet Splash,1.0,1,0.02,1.0
4 Color Reanimator,4 Color Control,1.0,1,0.02,1.0
4 Color Reanimator,Temur Landfall,0.5,2,0.01,0.99
4 Color Reanimator,Simic Ouroboroid,1.0,1,0.02,1.0
4 Color Reanimator,Selesnya Landfall,0.0,1,0.0,0.98
4 Color Reanimator,Golgari Ouroboroid,1.0,1,0.02,1.0
4 Color Reanimator,Esper Pixie,0.0,1,0.0,0.98
4 Color Reanimator,Temur Battlecrier,0.33,3,0.01,0.91
Rakdos Aggro,Izzet Lessons,0.38,8,0.09,0.76
Rakdos Aggro,Mono Green Landfall,0.75,4,0.19,0.99
Rakdos Aggro,Bant Airbending,0.0,1,0.0,0.98
Rakdos Aggro,Mono-Red Aggro,0.33,3,0.01,0.91
Rakdos Aggro,Dimir Excruciator,1.0,1,0.02,1.0
Rakdos Aggro,Azorius Flash,0.4,5,0.05,0.85
Rakdos Aggro,Izzet Prowess,1.0,1,0.02,1.0
Rakdos Aggro,Izzet Looting,0.5,2,0.01,0.99
Rakdos Aggro,Boros Dragons,0.5,2,0.01,0.99
Rakdos Aggro,Izzet Splash,0.0,1,0.0,0.98
Rakdos Aggro,4 Color Control,1.0,1,0.02,1.0
Rakdos Aggro,Allies,0.0,1,0.0,0.98
Rakdos Aggro,Dimir Bounce,0.0,1,0.0,0.98
Rakdos Aggro,Temur Battlecrier,0.0,1,0.0,0.98
Temur Elementals,Izzet Lessons,0.67,6,0.22,0.96
Temur Elementals,Simic Rhythm,0.67,6,0.22,0.96
Temur Elementals,Dimir Midrange,1.0,2,0.16,1.0
Temur Elementals,Jeskai Control,1.0,4,0.4,1.0
Temur Elementals,Mono Green Landfall,0.0,2,0.0,0.84
Temur Elementals,Sultai Reanimator,1.0,2,0.16,1.0
Temur Elementals,Bant Airbending,0.33,6,0.04,0.78
Temur Elementals,Mono-Red Aggro,1.0,1,0.02,1.0
Temur Elementals,Izzet Elementals,0.0,1,0.0,0.98
Temur Elementals,Izzet Looting,1.0,2,0.16,1.0
Temur Elementals,Boros Dragons,0.0,1,0.0,0.98
Temur Elementals,Boros Burn,1.0,2,0.16,1.0
Temur Elementals,Simic Omniscience,0.0,1,0.0,0.98
Temur Elementals,Temur Battlecrier,0.0,1,0.0,0.98
Azorius Pixie,Izzet Lessons,0.67,3,0.09,0.99
Azorius Pixie,Simic Rhythm,0.75,4,0.19,0.99
Azorius Pixie,Dimir Midrange,0.5,6,0.12,0.88
Azorius Pixie,Jeskai Control,0.0,4,0.0,0.6
Azorius Pixie,Mono Green Landfall,0.0,1,0.0,0.98
Azorius Pixie,Bant Airbending,0.0,2,0.0,0.84
Azorius Pixie,Mono-Red Aggro,0.0,1,0.0,0.98
Azorius Pixie,Azorius Flash,0.0,1,0.0,0.98
Azorius Pixie,Izzet Prowess,0.0,1,0.0,0.98
Azorius Pixie,Azorius Control,0.5,2,0.01,0.99
Azorius Pixie,Boros Burn,0.0,1,0.0,0.98
Azorius Pixie,Simic Ouroboroid,0.0,1,0.0,0.98
Azorius Pixie,Allies,0.0,1,0.0,0.98
Azorius Pixie,Dimir Bounce,0.0,1,0.0,0.98
Esper Midrange,Izzet Lessons,1.0,1,0.02,1.0
Esper Midrange,Simic Rhythm,0.6,5,0.15,0.95
Esper Midrange,Dimir Midrange,0.38,8,0.09,0.76
Esper Midrange,Jeskai Control,0.0,1,0.0,0.98
Esper Midrange,Mono Green Landfall,0.0,2,0.0,0.84
Esper Midrange,Sultai Reanimator,1.0,1,0.02,1.0
Esper Midrange,Mono-Red Aggro,0.5,2,0.01,0.99
Esper Midrange,Izzet Elementals,1.0,1,0.02,1.0
Esper Midrange,Azorius Flash,1.0,1,0.02,1.0
Esper Midrange,Boros Dragons,1.0,1,0.02,1.0
Esper Midrange,Azorius Control,0.0,2,0.0,0.84
Esper Midrange,Boros Burn,1.0,1,0.02,1.0
Esper Midrange,4 Color Control,0.33,3,0.01,0.91
Esper Midrange,Selesnya Landfall,1.0,1,0.02,1.0
Golgari Ramp,Izzet Lessons,0.33,3,0.01,0.91
Golgari Ramp,Simic Rhythm,0.83,6,0.36,1.0
Golgari Ramp,Dimir Midrange,0.6,5,0.15,0.95
Golgari Ramp,Jeskai Control,0.5,4,0.07,0.93
Golgari Ramp,Mono Green Landfall,0.5,2,0.01,0.99
Golgari Ramp,Sultai Reanimator,0.2,5,0.01,0.72
Golgari Ramp,Bant Airbending,0.0,3,0.0,0.71
Golgari Ramp,Mono-Red Aggro,1.0,1,0.02,1.0
Golgari Ramp,Azorius Flash,0.0,1,0.0,0.98
Golgari Ramp,Izzet Prowess,1.0,2,0.16,1.0
Golgari Ramp,Izzet Looting,0.0,1,0.0,0.98
Golgari Ramp,Boros Dragons,0.0,1,0.0,0.98
Golgari Ramp,Izzet Splash,1.0,1,0.02,1.0
Golgari Ramp,Simic Ouroboroid,0.0,1,0.0,0.98
Mardu Iroh,Izzet Lessons,0.57,7,0.18,0.9
Mardu Iroh,Simic Rhythm,0.56,9,0.21,0.86
Mardu Iroh,Dimir Midrange,1.0,1,0.02,1.0
Mardu Iroh,Jeskai Control,0.43,7,0.1,0.82
Mardu Iroh,Mono Green Landfall,1.0,1,0.02,1.0
Mardu Iroh,Sultai Reanimator,0.4,5,0.05,0.85
Mardu Iroh,Bant Airbending,1.0,1,0.02,1.0
Mardu Iroh,Mono-Red Aggro,0.5,2,0.01,0.99
Mardu Iroh,Izzet Prowess,1.0,1,0.02,1.0
Mardu Iroh,Boros Burn,1.0,1,0.02,1.0
Mardu Iroh,Simic Ouroboroid,1.0,1,0.02,1.0
Golgari Dragons,Izzet Lessons,0.43,7,0.1,0.82
Golgari Dragons,Simic Rhythm,0.0,2,0.0,0.84
Golgari Dragons,Dimir Midrange,0.25,4,0.01,0.81
Golgari Dragons,Jeskai Control,0.5,4,0.07,0.93
Golgari Dragons,Mono Green Landfall,0.0,3,0.0,0.71
Golgari Dragons,Sultai Reanimator,0.0,2,0.0,0.84
Golgari Dragons,Bant Airbending,0.0,1,0.0,0.98
Golgari Dragons,Boros Burn,0.0,2,0.0,0.84
Golgari Dragons,4 Color Control,0.0,1,0.0,0.98
Golgari Dragons,Simic Ouroboroid,1.0,1,0.02,1.0
Golgari Dragons,Golgari Ouroboroid,0.0,1,0.0,0.98
Golgari Dragons,Jeskai Artifacts,0.0,4,0.0,0.6
Golgari Dragons,Dimir Bounce,1.0,1,0.02,1.0
Mono White Auras,Izzet Lessons,0.33,3,0.01,0.91
Mono White Auras,Simic Rhythm,0.33,3,0.01,0.91
Mono White Auras,Dimir Midrange,0.25,4,0.01,0.81
Mono White Auras,Jeskai Control,0.5,4,0.07,0.93
Mono White Auras,Mono Green Landfall,0.0,1,0.0,0.98
Mono White Auras,Sultai Reanimator,0.5,2,0.01,0.99
Mono White Auras,Bant Airbending,0.0,1,0.0,0.98
Mono White Auras,Dimir Excruciator,0.0,1,0.0,0.98
Mono White Auras,Izzet Prowess,1.0,2,0.16,1.0
Mono White Auras,Boros Dragons,1.0,1,0.02,1.0
Mono White Auras,Izzet Splash,1.0,1,0.02,1.0
Mono White Auras,Simic Ouroboroid,1.0,1,0.02,1.0
Mono White Auras,Dimir Bounce,0.0,1,0.0,0.98
Mono White Auras,Temur Battlecrier,1.0,1,0.02,1.0
Rakdos Sacrifice,Izzet Lessons,0.0,3,0.0,0.71
Rakdos Sacrifice,Simic Rhythm,0.0,1,0.0,0.98
Rakdos Sacrifice,Dimir Midrange,1.0,1,0.02,1.0
Rakdos Sacrifice,Jeskai Control,0.5,2,0.01,0.99
Rakdos Sacrifice,Sultai Reanimator,0.6,5,0.15,0.95
Rakdos Sacrifice,Izzet Prowess,1.0,1,0.02,1.0
Rakdos Sacrifice,Boros Dragons,0.0,1,0.0,0.98
Rakdos Sacrifice,Azorius Control,1.0,1,0.02,1.0
Rakdos Sacrifice,Boros Burn,1.0,1,0.02,1.0
Rakdos Sacrifice,Simic Ouroboroid,0.0,1,0.0,0.98
Rakdos Sacrifice,Golgari Ouroboroid,1.0,1,0.02,1.0
Rakdos Sacrifice,Jeskai Artifacts,0.0,4,0.0,0.6
Rakdos Sacrifice,Allies,0.0,1,0.0,0.98
Mono White Aggro,Izzet Lessons,0.5,4,0.07,0.93
Mono White Aggro,Simic Rhythm,0.5,4,0.07,0.93
Mono White Aggro,Dimir Midrange,0.67,3,0.09,0.99
Mono White Aggro,Jeskai Control,0.5,6,0.12,0.88
Mono White Aggro,Sultai Reanimator,0.0,1,0.0,0.98
Mono White Aggro,Bant Airbending,0.0,1,0.0,0.98
Mono White Aggro,Mono-Red Aggro,1.0,1,0.02,1.0
Mono White Aggro,Izzet Prowess,0.0,1,0.0,0.98
Mono White Aggro,Izzet Looting,0.0,1,0.0,0.98
Mono White Aggro,Izzet Splash,0.0,1,0.0,0.98
Mono White Aggro,Simic Ouroboroid,0.0,1,0.0,0.98
Mono White Aggro,Selesnya Landfall,0.0,1,0.0,0.98
Mono White Aggro,Jeskai Artifacts,0.0,1,0.0,0.98
Mono White Aggro,Allies,1.0,1,0.02,1.0
Mono White Aggro,Mono Black Midrange,1.0,1,0.02,1.0
Mono White Aggro,Temur Battlecrier,0.0,1,0.0,0.98
Boros Midrange,Izzet Lessons,0.33,3,0.01,0.91
Boros Midrange,Simic Rhythm,0.43,7,0.1,0.82
Boros Midrange,Dimir Midrange,0.0,3,0.0,0.71
Boros Midrange,Jeskai Control,1.0,1,0.02,1.0
Boros Midrange,Sultai Reanimator,0.5,4,0.07,0.93
Boros Midrange,Bant Airbending,0.33,3,0.01,0.91
Boros Midrange,Mono-Red Aggro,0.0,1,0.0,0.98
Boros Midrange,4 Color Control,0.0,1,0.0,0.98
Boros Midrange,Simic Ouroboroid,1.0,1,0.02,1.0
Boros Midrange,Golgari Ouroboroid,1.0,1,0.02,1.0
Boros Midrange,Mono Black Midrange,0.0,2,0.0,0.84
Orzhov Superfriends,Izzet Lessons,1.0,3,0.29,1.0
Orzhov Superfriends,Simic Rhythm,0.25,4,0.01,0.81
Orzhov Superfriends,Dimir Midrange,0.33,3,0.01,0.91
Orzhov Superfriends,Jeskai Control,1.0,3,0.29,1.0
Orzhov Superfriends,Mono-Red Aggro,1.0,1,0.02,1.0
Orzhov Superfriends,Izzet Elementals,1.0,1,0.02,1.0
Orzhov Superfriends,Dimir Excruciator,0.0,2,0.0,0.84
Orzhov Superfriends,Azorius Flash,0.5,2,0.01,0.99
Orzhov Superfriends,Izzet Prowess,0.0,2,0.0,0.84
Orzhov Superfriends,Boros Dragons,0.5,2,0.01,0.99
Orzhov Superfriends,Temur Landfall,0.0,1,0.0,0.98
Orzhov Superfriends,Simic Omniscience,1.0,1,0.02,1.0
Golgari Control,Izzet Lessons,0.0,6,0.0,0.46
Golgari Control,Simic Rhythm,0.67,3,0.09,0.99
Golgari Control,Dimir Midrange,0.5,2,0.01,0.99
Golgari Control,Jeskai Control,0.33,3,0.01,0.91
Golgari Control,Mono Green Landfall,0.0,1,0.0,0.98
Golgari Control,Sultai Reanimator,0.5,2,0.01,0.99
Golgari Control,Mono-Red Aggro,0.0,1,0.0,0.98
Golgari Control,Izzet Elementals,0.33,3,0.01,0.91
Golgari Control,Izzet Looting,1.0,1,0.02,1.0
Golgari Control,Boros Dragons,1.0,1,0.02,1.0
Golgari Control,Boros Burn,0.0,1,0.0,0.98
Golgari Control,Temur Landfall,0.0,1,0.0,0.98
Golgari Control,Golgari Ouroboroid,0.0,1,0.0,0.98
Golgari Control,Allies,0.5,2,0.01,0.99
Simic Otters,Izzet Lessons,0.25,4,0.01,0.81
Simic Otters,Simic Rhythm,0.33,3,0.01,0.91
Simic Otters,Jeskai Control,0.4,5,0.05,0.85
Simic Otters,Mono Green Landfall,0.5,2,0.01,0.99
Simic Otters,Sultai Reanimator,1.0,1,0.02,1.0
Simic Otters,Mono-Red Aggro,0.5,2,0.01,0.99
Simic Otters,Azorius Flash,1.0,1,0.02,1.0
Simic Otters,Izzet Looting,1.0,1,0.02,1.0
Simic Otters,Izzet Splash,1.0,1,0.02,1.0
Simic Otters,Golgari Ouroboroid,1.0,1,0.02,1.0
Simic Otters,Allies,1.0,1,0.02,1.0
Temur Songcrafter,Izzet Lessons,0.67,3,0.09,0.99
Temur Songcrafter,Simic Rhythm,0.0,1,0.0,0.98
Temur Songcrafter,Dimir Midrange,0.25,4,0.01,0.81
Temur Songcrafter,Jeskai Control,0.0,3,0.0,0.71
Temur Songcrafter,Sultai Reanimator,0.4,5,0.05,0.85
Temur Songcrafter,Bant Airbending,0.0,1,0.0,0.98
Temur Songcrafter,Izzet Looting,0.0,1,0.0,0.98
Temur Songcrafter,Azorius Control,0.0,1,0.0,0.98
Temur Songcrafter,4 Color Control,0.0,1,0.0,0.98
Temur Songcrafter,Golgari Ouroboroid,1.0,1,0.02,1.0
Temur Songcrafter,Simic Omniscience,1.0,1,0.02,1.0
Temur Songcrafter,Dimir Bounce,1.0,1,0.02,1.0
Golgari Earthbend,Izzet Lessons,0.67,3,0.09,0.99
Golgari Earthbend,Simic Rhythm,0.5,2,0.01,0.99
Golgari Earthbend,Dimir Midrange,0.67,3,0.09,0.99
Golgari Earthbend,Jeskai Control,0.0,1,0.0,0.98
Golgari Earthbend,Mono Green Landfall,0.0,1,0.0,0.98
Golgari Earthbend,Sultai Reanimator,1.0,4,0.4,1.0
Golgari Earthbend,Bant Airbending,0.5,2,0.01,0.99
Golgari Earthbend,Mono-Red Aggro,1.0,1,0.02,1.0
Golgari Earthbend,Azorius Flash,0.0,1,0.0,0.98
Golgari Earthbend,Izzet Splash,0.5,2,0.01,0.99
Golgari Earthbend,Mono Black Midrange,1.0,1,0.02,1.0
Golgari Earthbend,Temur Battlecrier,1.0,1,0.02,1.0
Selesnya Counters,Izzet Lessons,0.57,7,0.18,0.9
Selesnya Counters,Simic Rhythm,0.5,2,0.01,0.99
Selesnya Counters,Dimir Midrange,0.0,3,0.0,0.71
Selesnya Counters,Mono Green Landfall,0.0,1,0.0,0.98
Selesnya Counters,Bant Airbending,0.0,3,0.0,0.71
Selesnya Counters,Mono-Red Aggro,1.0,2,0.16,1.0
Selesnya Counters,Izzet Looting,1.0,1,0.02,1.0
Selesnya Counters,4 Color Control,0.0,1,0.0,0.98
Selesnya Counters,Jeskai Artifacts,0.0,1,0.0,0.98
Selesnya Counters,Temur Battlecrier,1.0,1,0.02,1.0
Abzan Yuna,Izzet Lessons,0.0,2,0.0,0.84
Abzan Yuna,Simic Rhythm,0.5,2,0.01,0.99
Abzan Yuna,Jeskai Control,0.5,4,0.07,0.93
Abzan Yuna,Bant Airbending,0.0,1,0.0,0.98
Abzan Yuna,Dimir Excruciator,0.0,1,0.0,0.98
Abzan Yuna,Azorius Flash,0.0,2,0.0,0.84
Abzan Yuna,Azorius Control,0.0,1,0.0,0.98
Abzan Yuna,Selesnya Landfall,0.0,1,0.0,0.98
Abzan Yuna,Dimir Bounce,1.0,1,0.02,1.0
Selesnya Aggro,Izzet Lessons,1.0,1,0.02,1.0
Selesnya Aggro,Simic Rhythm,0.0,2,0.0,0.84
Selesnya Aggro,Dimir Midrange,0.0,2,0.0,0.84
Selesnya Aggro,Jeskai Control,1.0,2,0.16,1.0
Selesnya Aggro,Mono Green Landfall,0.33,3,0.01,0.91
Selesnya Aggro,Izzet Elementals,0.0,1,0.0,0.98
Selesnya Aggro,Dimir Excruciator,1.0,1,0.02,1.0
Selesnya Aggro,Azorius Flash,0.0,1,0.0,0.98
Selesnya Aggro,Izzet Prowess,0.5,2,0.01,0.99
Selesnya Aggro,Izzet Looting,0.0,3,0.0,0.71
Selesnya Aggro,Boros Dragons,1.0,1,0.02,1.0
Selesnya Aggro,Golgari Ouroboroid,1.0,1,0.02,1.0
Selesnya Aggro,Temur Battlecrier,1.0,1,0.02,1.0
Mono Blue Tempo,Izzet Lessons,0.0,1,0.0,0.98
Mono Blue Tempo,Simic Rhythm,1.0,1,0.02,1.0
Mono Blue Tempo,Dimir Midrange,0.25,4,0.01,0.81
Mono Blue Tempo,Jeskai Control,1.0,2,0.16,1.0
Mono Blue Tempo,Sultai Reanimator,0.0,2,0.0,0.84
Mono Blue Tempo,Bant Airbending,0.67,3,0.09,0.99
Mono Blue Tempo,Izzet Elementals,0.5,2,0.01,0.99
Mono Blue Tempo,Temur Landfall,0.33,3,0.01,0.91
Mono Blue Tempo,Allies,0.0,1,0.0,0.98
Esper Artifacts,Izzet Lessons,0.2,5,0.01,0.72
Esper Artifacts,Simic Rhythm,0.6,5,0.15,0.95
Esper Artifacts,Dimir Midrange,0.0,2,0.0,0.84
Esper Artifacts,Jeskai Control,0.0,2,0.0,0.84
Esper Artifacts,Sultai Reanimator,1.0,2,0.16,1.0
Esper Artifacts,Mono-Red Aggro,1.0,2,0.16,1.0
Esper Artifacts,Izzet Looting,0.0,1,0.0,0.98
Esper Artifacts,Azorius Control,0.0,1,0.0,0.98
Esper Artifacts,Jeskai Artifacts,0.0,1,0.0,0.98
Esper Artifacts,Esper Pixie,1.0,1,0.02,1.0
Mono Green Stompy,Simic Rhythm,0.0,1,0.0,0.98
Mono Green Stompy,Dimir Midrange,0.33,3,0.01,0.91
Mono Green Stompy,Mono Green Landfall,0.0,1,0.0,0.98
Mono Green Stompy,Mono-Red Aggro,0.0,1,0.0,0.98
Mono Green Stompy,Izzet Elementals,1.0,1,0.02,1.0
Mono Green Stompy,Simic Ouroboroid,0.0,1,0.0,0.98
Mono Green Stompy,Simic Omniscience,1.0,1,0.02,1.0
Mono Green Stompy,Jeskai Artifacts,0.0,1,0.0,0.98
Mono White Shepherd,Izzet Lessons,0.5,2,0.01,0.99
Mono White Shepherd,Jeskai Control,1.0,1,0.02,1.0
Mono White Shepherd,Mono Green Landfall,0.67,3,0.09,0.99
Mono White Shepherd,Bant Airbending,0.0,1,0.0,0.98
Mono White Shepherd,Mono-Red Aggro,1.0,1,0.02,1.0
Mono White Shepherd,Izzet Elementals,0.0,1,0.0,0.98
Mono White Shepherd,Dimir Excruciator,0.0,1,0.0,0.98
Mono White Shepherd,Azorius Flash,0.5,2,0.01,0.99
Mono White Shepherd,Boros Dragons,0.67,3,0.09,0.99
Mono White Shepherd,Azorius Control,0.0,1,0.0,0.98
Mono White Shepherd,4 Color Control,0.0,1,0.0,0.98
Mono White Shepherd,Temur Landfall,1.0,1,0.02,1.0
Mono White Shepherd,Jeskai Artifacts,1.0,1,0.02,1.0
Temur Stormsplitter,Izzet Lessons,0.0,4,0.0,0.6
Temur Stormsplitter,Simic Rhythm,0.0,3,0.0,0.71
Temur Stormsplitter,Dimir Midrange,1.0,1,0.02,1.0
Temur Stormsplitter,Mono-Red Aggro,0.0,1,0.0,0.98
Temur Stormsplitter,Azorius Flash,0.0,1,0.0,0.98
Temur Stormsplitter,Izzet Looting,0.5,2,0.01,0.99
Temur Stormsplitter,Boros Dragons,1.0,1,0.02,1.0
Temur Stormsplitter,4 Color Control,0.0,1,0.0,0.98
Temur Stormsplitter,Simic Ouroboroid,0.0,1,0.0,0.98
Temur Stormsplitter,Temur Battlecrier,1.0,1,0.02,1.0
Mono Black Skeletons,Izzet Lessons,0.33,6,0.04,0.78
Mono Black Skeletons,Simic Rhythm,0.25,4,0.01,0.81
Mono Black Skeletons,Dimir Midrange,1.0,1,0.02,1.0
Mono Black Skeletons,Jeskai Control,0.5,2,0.01,0.99
Mono Black Skeletons,Mono Green Landfall,0.0,1,0.0,0.98
Mono Black Skeletons,Sultai Reanimator,1.0,1,0.02,1.0
Mono Black Skeletons,Mono-Red Aggro,1.0,1,0.02,1.0
Mono Black Skeletons,Azorius Flash,0.0,1,0.0,0.98
Mono Black Skeletons,Azorius Control,1.0,1,0.02,1.0
Mono Black Skeletons,Jeskai Artifacts,1.0,1,0.02,1.0
Bant Chocobo,Izzet Lessons,0.0,1,0.0,0.98
Bant Chocobo,Simic Rhythm,0.5,2,0.01,0.99
Bant Chocobo,Dimir Midrange,0.0,1,0.0,0.98
Bant Chocobo,Jeskai Control,0.0,1,0.0,0.98
Bant Chocobo,Mono Green Landfall,1.0,2,0.16,1.0
Bant Chocobo,Sultai Reanimator,0.0,2,0.0,0.84
Bant Chocobo,Bant Airbending,1.0,2,0.16,1.0
Bant Chocobo,Izzet Looting,0.0,1,0.0,0.98
Bant Chocobo,4 Color Control,0.0,1,0.0,0.98
Bant Chocobo,Simic Ouroboroid,1.0,1,0.02,1.0
Bant Chocobo,Jeskai Artifacts,1.0,1,0.02,1.0
Bant Chocobo,Esper Pixie,0.0,1,0.0,0.98
Bant Chocobo,Dimir Bounce,1.0,1,0.02,1.0
4 Color Yuna,Izzet Lessons,0.75,4,0.19,0.99
4 Color Yuna,Simic Rhythm,0.33,3,0.01,0.91
4 Color Yuna,Dimir Midrange,0.0,1,0.0,0.98
4 Color Yuna,Jeskai Control,1.0,1,0.02,1.0
4 Color Yuna,Mono Green Landfall,0.5,2,0.01,0.99
4 Color Yuna,Sultai Reanimator,1.0,1,0.02,1.0
4 Color Yuna,Mono-Red Aggro,1.0,1,0.02,1.0
4 Color Yuna,Izzet Looting,0.0,1,0.0,0.98
4 Color Yuna,Selesnya Landfall,0.0,1,0.0,0.98
4 Color Yuna,Esper Pixie,1.0,1,0.02,1.0
4 Color Yuna,Temur Battlecrier,1.0,1,0.02,1.0
Azorius Merfolks,Izzet Lessons,0.5,2,0.01,0.99
Azorius Merfolks,Simic Rhythm,0.0,1,0.0,0.98
Azorius Merfolks,Jeskai Control,1.0,1,0.02,1.0
Azorius Merfolks,Mono Green Landfall,0.0,1,0.0,0.98
Azorius Merfolks,Izzet Elementals,0.0,2,0.0,0.84
Azorius Merfolks,Dimir Excruciator,0.0,2,0.0,0.84
Azorius Merfolks,Azorius Flash,0.67,3,0.09,0.99
Azorius Merfolks,Izzet Prowess,0.0,3,0.0,0.71
Azorius Merfolks,Azorius Control,0.0,1,0.0,0.98
Azorius Merfolks,Boros Burn,1.0,1,0.02,1.0
Azorius Merfolks,Golgari Ouroboroid,0.0,1,0.0,0.98
Izzet Aggro,Izzet Lessons,1.0,1,0.02,1.0
Izzet Aggro,Dimir Midrange,0.0,1,0.0,0.98
Izzet Aggro,Jeskai Control,0.33,3,0.01,0.91
Izzet Aggro,Mono Green Landfall,1.0,1,0.02,1.0
Izzet Aggro,Mono-Red Aggro,0.0,1,0.0,0.98
Izzet Aggro,Izzet Looting,0.5,2,0.01,0.99
Izzet Aggro,4 Color Control,1.0,1,0.02,1.0
Izzet Aggro,Simic Ouroboroid,1.0,2,0.16,1.0
Izzet Aggro,Allies,0.0,1,0.0,0.98
Izzet Aggro,Mono Black Midrange,1.0,1,0.02,1.0
Mardu Sacrifice,Izzet Lessons,0.5,4,0.07,0.93
Mardu Sacrifice,Simic Rhythm,0.0,1,0.0,0.98
Mardu Sacrifice,Dimir Midrange,0.5,2,0.01,0.99
Mardu Sacrifice,Jeskai Control,0.0,1,0.0,0.98
Mardu Sacrifice,Sultai Reanimator,0.0,1,0.0,0.98
Mardu Sacrifice,Mono-Red Aggro,0.0,1,0.0,0.98
Mardu Sacrifice,Azorius Control,0.5,2,0.01,0.99
Mardu Sacrifice,Simic Ouroboroid,0.0,1,0.0,0.98
Mardu Sacrifice,Golgari Ouroboroid,0.0,1,0.0,0.98
Mardu Sacrifice,Jeskai Artifacts,1.0,1,0.02,1.0
Mardu Dragons,Izzet Lessons,0.5,2,0.01,0.99
Mardu Dragons,Simic Rhythm,0.67,3,0.09,0.99
Mardu Dragons,Jeskai Control,0.33,3,0.01,0.91
Mardu Dragons,Mono Green Landfall,0.5,2,0.01,0.99
Mardu Dragons,Boros Burn,0.0,1,0.0,0.98
Mardu Dragons,Simic Omniscience,1.0,1,0.02,1.0
Mardu Dragons,Allies,1.0,2,0.16,1.0
Mono Black Aggro,Dimir Midrange,0.5,2,0.01,0.99
Mono Black Aggro,Mono Green Landfall,0.0,2,0.0,0.84
Mono Black Aggro,Azorius Flash,1.0,1,0.02,1.0
Mono Black Aggro,Izzet Looting,0.0,1,0.0,0.98
Mono Black Aggro,Boros Burn,1.0,1,0.02,1.0
Mono Black Aggro,4 Color Control,0.0,1,0.0,0.98
Mono Black Aggro,Simic Ouroboroid,0.5,2,0.01,0.99
Mono Black Aggro,Simic Omniscience,0.0,1,0.0,0.98
Mono Black Aggro,Dimir Bounce,0.5,2,0.01,0.99
Mono Black Aggro,Temur Battlecrier,1.0,1,0.02,1.0
Mono Blue Flash,Izzet Lessons,0.25,4,0.01,0.81
Mono Blue Flash,Simic Rhythm,0.5,2,0.01,0.99
Mono Blue Flash,Dimir Midrange,0.5,4,0.07,0.93
Mono Blue Flash,Sultai Reanimator,1.0,1,0.02,1.0
Mono Blue Flash,Bant Airbending,0.0,1,0.0,0.98
Mono Blue Flash,Azorius Flash,0.0,1,0.0,0.98
Mono Blue Flash,Azorius Control,0.0,1,0.0,0.98
Mono Blue Flash,Izzet Splash,1.0,1,0.02,1.0
Mono Blue Flash,Temur Landfall,0.0,1,0.0,0.98
Mono Blue Flash,Simic Omniscience,1.0,1,0.02,1.0
Mono Blue Flash,Allies,0.0,1,0.0,0.98
Temur Surprise,Izzet Lessons,0.0,1,0.0,0.98
Temur Surprise,Simic Rhythm,0.0,1,0.0,0.98
Temur Surprise,Dimir Midrange,0.5,4,0.07,0.93
Temur Surprise,Sultai Reanimator,1.0,1,0.02,1.0
Temur Surprise,Dimir Excruciator,0.0,1,0.0,0.98
Temur Surprise,4 Color Control,1.0,1,0.02,1.0
Temur Surprise,Simic Ouroboroid,0.0,1,0.0,0.98
Temur Surprise,Esper Pixie,1.0,1,0.02,1.0
Temur Surprise,Mono Black Midrange,1.0,2,0.16,1.0
Mono White Pixie,Izzet Lessons,1.0,1,0.02,1.0
Mono White Pixie,Simic Rhythm,0.0,1,0.0,0.98
Mono White Pixie,Dimir Midrange,0.0,3,0.0,0.71
Mono White Pixie,Sultai Reanimator,0.5,2,0.01,0.99
Mono White Pixie,Bant Airbending,1.0,1,0.02,1.0
Mono White Pixie,Mono-Red Aggro,1.0,2,0.16,1.0
Mono White Pixie,Azorius Control,0.0,1,0.0,0.98
Mono White Pixie,Boros Burn,1.0,1,0.02,1.0
Mono White Pixie,Simic Ouroboroid,0.5,2,0.01,0.99
Mono White Pixie,Jeskai Artifacts,0.0,1,0.0,0.98
Mono White Pixie,Esper Pixie,0.0,1,0.0,0.98
Mono White Pixie,Temur Battlecrier,0.0,1,0.0,0.98
Rakdos Lizards,Dimir Midrange,1.0,2,0.16,1.0
Rakdos Lizards,Mono Green Landfall,0.0,1,0.0,0.98
Rakdos Lizards,Sultai Reanimator,1.0,2,0.16,1.0
Rakdos Lizards,Bant Airbending,1.0,1,0.02,1.0
Rakdos Lizards,Izzet Looting,0.0,1,0.0,0.98
Rakdos Lizards,Izzet Splash,1.0,1,0.02,1.0
Rakdos Lizards,Golgari Ouroboroid,0.0,2,0.0,0.84
Rakdos Lizards,Jeskai Artifacts,1.0,1,0.02,1.0
Rakdos Lizards,Allies,1.0,1,0.02,1.0
Rakdos Lizards,Mono Black Midrange,1.0,1,0.02,1.0
Rakdos Lizards,Temur Battlecrier,1.0,1,0.02,1.0
Mono White Angels,Izzet Lessons,0.0,3,0.0,0.71
Mono White Angels,Simic Rhythm,0.5,2,0.01,0.99
Mono White Angels,Dimir Midrange,0.0,2,0.0,0.84
Mono White Angels,Jeskai Control,0.0,2,0.0,0.84
Mono White Angels,Mono Green Landfall,1.0,1,0.02,1.0
Mono White Angels,Sultai Reanimator,0.0,1,0.0,0.98
Mono White Angels,Allies,0.0,1,0.0,0.98
Mono White Angels,Dimir Bounce,1.0,1,0.02,1.0
4 Color Weapons,Dimir Midrange,0.25,4,0.01,0.81
4 Color Weapons,Sultai Reanimator,0.0,2,0.0,0.84
4 Color Weapons,Bant Airbending,0.0,1,0.0,0.98
4 Color Weapons,Azorius Control,0.0,1,0.0,0.98
4 Color Weapons,Simic Ouroboroid,0.0,2,0.0,0.84
4 Color Weapons,Selesnya Landfall,1.0,1,0.02,1.0
4 Color Weapons,Golgari Ouroboroid,0.0,1,0.0,0.98
4 Color Weapons,Mono Black Midrange,0.0,1,0.0,0.98
Jeskai Duplication,Izzet Lessons,0.0,2,0.0,0.84
Jeskai Duplication,Simic Rhythm,1.0,1,0.02,1.0
Jeskai Duplication,Dimir Midrange,0.0,1,0.0,0.98
Jeskai Duplication,Jeskai Control,0.0,1,0.0,0.98
Jeskai Duplication,Mono Green Landfall,0.0,1,0.0,0.98
Jeskai Duplication,Sultai Reanimator,0.0,1,0.0,0.98
Jeskai Duplication,Bant Airbending,0.5,2,0.01,0.99
Jeskai Duplication,Mono-Red Aggro,0.0,1,0.0,0.98
Jeskai Duplication,Izzet Looting,1.0,1,0.02,1.0
Jeskai Duplication,Azorius Control,0.0,1,0.0,0.98
Jeskai Duplication,Selesnya Landfall,0.0,1,0.0,0.98
Jeskai Duplication,Mono Black Midrange,0.0,1,0.0,0.98
Jeskai Dragons,Izzet Lessons,0.0,4,0.0,0.6
Jeskai Dragons,Dimir Midrange,0.4,5,0.05,0.85
Jeskai Dragons,Sultai Reanimator,1.0,2,0.16,1.0
Jeskai Dragons,Bant Airbending,0.5,2,0.01,0.99
Jeskai Dragons,Mono-Red Aggro,0.0,1,0.0,0.98
Jeskai Dragons,Simic Omniscience,0.0,1,0.0,0.98
Jeskai Dragons,Jeskai Artifacts,1.0,1,0.02,1.0
Jeskai Dragons,Mono Black Midrange,1.0,1,0.02,1.0
Mono Black Sacrifice,Izzet Lessons,0.33,3,0.01,0.91
Mono Black Sacrifice,Simic Rhythm,0.0,1,0.0,0.98
Mono Black Sacrifice,Jeskai Control,0.5,2,0.01,0.99
Mono Black Sacrifice,Boros Dragons,1.0,1,0.02,1.0
Mono Black Sacrifice,Azorius Control,0.67,3,0.09,0.99
Mono Black Sacrifice,Simic Omniscience,1.0,1,0.02,1.0
Jeskai Aggro,Izzet Lessons,0.5,2,0.01,0.99
Jeskai Aggro,Simic Rhythm,0.5,2,0.01,0.99
Jeskai Aggro,Sultai Reanimator,0.0,2,0.0,0.84
Jeskai Aggro,Bant Airbending,0.5,2,0.01,0.99
Jeskai Aggro,Mono-Red Aggro,0.0,1,0.0,0.98
Jeskai Aggro,Izzet Elementals,1.0,1,0.02,1.0
Jeskai Aggro,Dimir Excruciator,1.0,1,0.02,1.0
Jeskai Aggro,Azorius Flash,0.0,1,0.0,0.98
Jeskai Aggro,Izzet Looting,1.0,1,0.02,1.0
Jeskai Aggro,Azorius Control,0.5,2,0.01,0.99
Abzan Control,Izzet Lessons,0.5,2,0.01,0.99
Abzan Control,Simic Rhythm,0.0,1,0.0,0.98
Abzan Control,Dimir Midrange,1.0,3,0.29,1.0
Abzan Control,Jeskai Control,0.0,1,0.0,0.98
Abzan Control,Bant Airbending,0.0,1,0.0,0.98
Abzan Control,Boros Burn,1.0,1,0.02,1.0
Abzan Control,Simic Ouroboroid,1.0,1,0.02,1.0
Abzan Control,Selesnya Landfall,0.0,1,0.0,0.98
Abzan Control,Golgari Ouroboroid,1.0,1,0.02,1.0
Abzan Control,Allies,1.0,1,0.02,1.0
Abzan Control,Esper Pixie,1.0,1,0.02,1.0
Temur Midrange,Izzet Lessons,0.33,3,0.01,0.91
Temur Midrange,Simic Rhythm,1.0,1,0.02,1.0
Temur Midrange,Dimir Midrange,0.0,1,0.0,0.98
Temur Midrange,Mono-Red Aggro,0.0,1,0.0,0.98
Temur Midrange,Dimir Excruciator,0.0,1,0.0,0.98
Temur Midrange,Temur Landfall,1.0,1,0.02,1.0
4 Color Roots,Simic Rhythm,0.0,3,0.0,0.71
4 Color Roots,Dimir Midrange,0.0,1,0.0,0.98
4 Color Roots,Mono Green Landfall,0.0,1,0.0,0.98
4 Color Roots,Mono-Red Aggro,1.0,1,0.02,1.0
4 Color Roots,Izzet Elementals,0.0,1,0.0,0.98
4 Color Roots,Dimir Excruciator,1.0,1,0.02,1.0
4 Color Roots,Izzet Prowess,1.0,2,0.16,1.0
4 Color Roots,Boros Dragons,0.5,2,0.01,0.99
4 Color Roots,Esper Pixie,0.0,1,0.0,0.98
Dimir Aggro,Dimir Midrange,1.0,2,0.16,1.0
Dimir Aggro,Jeskai Control,0.5,2,0.01,0.99
Dimir Aggro,Azorius Control,0.33,3,0.01,0.91
Dimir Aggro,4 Color Control,0.0,1,0.0,0.98
Dimir Aggro,Simic Ouroboroid,1.0,1,0.02,1.0
Cats Aggro,Simic Rhythm,0.0,1,0.0,0.98
Cats Aggro,Jeskai Control,0.0,1,0.0,0.98
Cats Aggro,Mono Green Landfall,1.0,2,0.16,1.0
Cats Aggro,Sultai Reanimator,0.0,1,0.0,0.98
Cats Aggro,Bant Airbending,0.0,1,0.0,0.98
Cats Aggro,Azorius Flash,1.0,1,0.02,1.0
Cats Aggro,Azorius Control,0.0,1,0.0,0.98
Cats Aggro,Selesnya Landfall,1.0,1,0.02,1.0
Cats Aggro,Simic Omniscience,1.0,1,0.02,1.0
Orzhov Aggro,Dimir Midrange,0.0,1,0.0,0.98
Orzhov Aggro,Jeskai Control,0.5,2,0.01,0.99
Orzhov Aggro,Mono Green Landfall,1.0,1,0.02,1.0
Orzhov Aggro,Izzet Elementals,0.5,2,0.01,0.99
Orzhov Aggro,Dimir Excruciator,0.33,3,0.01,0.91
Orzhov Aggro,Azorius Flash,0.0,1,0.0,0.98
Orzhov Aggro,Izzet Prowess,0.0,1,0.0,0.98
Orzhov Aggro,Temur Landfall,1.0,2,0.16,1.0
Bant Landfall,Izzet Lessons,1.0,1,0.02,1.0
Bant Landfall,Simic Rhythm,0.6,5,0.15,0.95
Bant Landfall,Dimir Midrange,1.0,1,0.02,1.0
Bant Landfall,Mono Green Landfall,0.33,3,0.01,0.91
Bant Landfall,Bant Airbending,1.0,1,0.02,1.0
Bant Landfall,Mono-Red Aggro,1.0,1,0.02,1.0
Bant Landfall,Izzet Looting,1.0,1,0.02,1.0
Bant Landfall,Simic Omniscience,1.0,1,0.02,1.0
Abzan Roots,Simic Rhythm,0.0,2,0.0,0.84
Abzan Roots,Dimir Midrange,1.0,2,0.16,1.0
Abzan Roots,Jeskai Control,1.0,1,0.02,1.0
Abzan Roots,Sultai Reanimator,0.0,1,0.0,0.98
Abzan Roots,Bant Airbending,0.0,1,0.0,0.98
Abzan Roots,Izzet Elementals,0.5,2,0.01,0.99
Abzan Roots,Simic Omniscience,0.0,1,0.0,0.98
Grixis Control,Izzet Lessons,0.5,2,0.01,0.99
Grixis Control,Simic Rhythm,0.5,4,0.07,0.93
Grixis Control,Dimir Midrange,0.0,1,0.0,0.98
Grixis Control,Jeskai Control,0.0,1,0.0,0.98
Grixis Control,Sultai Reanimator,0.0,1,0.0,0.98
Grixis Control,Azorius Control,0.0,1,0.0,0.98
Grixis Control,Boros Burn,1.0,1,0.02,1.0
Random Encounter,Izzet Lessons,0.0,2,0.0,0.84
Random Encounter,Simic Rhythm,0.0,1,0.0,0.98
Random Encounter,Dimir Midrange,0.0,1,0.0,0.98
Random Encounter,Jeskai Control,0.5,2,0.01,0.99
Random Encounter,Mono Green Landfall,0.0,1,0.0,0.98
Random Encounter,Mono-Red Aggro,0.0,2,0.0,0.84
Random Encounter,Izzet Elementals,1.0,1,0.02,1.0
Random Encounter,Temur Landfall,0.0,1,0.0,0.98
Abzan Ketramose,Simic Rhythm,0.0,1,0.0,0.98
Abzan Ketramose,Dimir Midrange,0.0,1,0.0,0.98
Abzan Ketramose,Jeskai Control,0.0,1,0.0,0.98
Abzan Ketramose,Sultai Reanimator,0.0,1,0.0,0.98
Abzan Ketramose,Mono-Red Aggro,0.0,1,0.0,0.98
Abzan Ketramose,Azorius Control,0.0,1,0.0,0.98
Abzan Ketramose,Izzet Splash,0.0,1,0.0,0.98
Abzan Ketramose,Simic Ouroboroid,0.0,1,0.0,0.98
Abzan Ketramose,Jeskai Artifacts,0.0,1,0.0,0.98
Dimir Elementals,Izzet Lessons,1.0,2,0.16,1.0
Dimir Elementals,Dimir Midrange,0.5,2,0.01,0.99
Dimir Elementals,Jeskai Control,0.0,2,0.0,0.84
Dimir Elementals,Sultai Reanimator,0.0,1,0.0,0.98
Dimir Elementals,Bant Airbending,0.0,1,0.0,0.98
Dimir Elementals,Izzet Elementals,0.0,1,0.0,0.98
Dimir Elementals,Boros Dragons,0.0,1,0.0,0.98
Dimir Elementals,Selesnya Landfall,0.0,1,0.0,0.98
Dimir Elementals,Golgari Ouroboroid,1.0,1,0.02,1.0
Jeskai Siege,Izzet Lessons,1.0,1,0.02,1.0
Jeskai Siege,Simic Rhythm,1.0,5,0.48,1.0
Jeskai Siege,Dimir Midrange,0.0,1,0.0,0.98
Jeskai Siege,Jeskai Control,0.67,3,0.09,0.99
Jeskai Siege,Sultai Reanimator,0.0,1,0.0,0.98
Jeskai Siege,Bant Airbending,1.0,1,0.02,1.0
Orzhov Control,Simic Rhythm,0.0,1,0.0,0.98
Orzhov Control,Jeskai Control,0.0,1,0.0,0.98
Orzhov Control,Mono Green Landfall,0.5,2,0.01,0.99
Orzhov Control,Azorius Control,0.0,1,0.0,0.98
Orzhov Control,Izzet Splash,0.0,1,0.0,0.98
Orzhov Control,Simic Ouroboroid,1.0,1,0.02,1.0
Orzhov Control,Simic Omniscience,1.0,1,0.02,1.0
Simic Frogs,Izzet Lessons,0.5,2,0.01,0.99
Simic Frogs,Jeskai Control,1.0,1,0.02,1.0
Simic Frogs,Azorius Flash,0.0,1,0.0,0.98
Simic Frogs,4 Color Control,1.0,1,0.02,1.0
Simic Frogs,Jeskai Artifacts,0.0,1,0.0,0.98
Simic Frogs,Dimir Bounce,1.0,1,0.02,1.0
Simic Frogs,Temur Battlecrier,0.5,2,0.01,0.99
Mardu Control,Izzet Lessons,1.0,1,0.02,1.0
Mardu Control,Dimir Midrange,0.0,2,0.0,0.84
Mardu Control,Jeskai Control,0.5,2,0.01,0.99
Mardu Control,Bant Airbending,1.0,1,0.02,1.0
Mardu Control,Dimir Excruciator,0.33,3,0.01,0.91
Mardu Control,4 Color Control,0.0,1,0.0,0.98
Mardu Control,Jeskai Artifacts,0.0,1,0.0,0.98
Jeskai Prowess,Dimir Midrange,0.0,1,0.0,0.98
Jeskai Prowess,Jeskai Control,0.0,1,0.0,0.98
Jeskai Prowess,Mono Green Landfall,0.33,3,0.01,0.91
Jeskai Prowess,Bant Airbending,1.0,1,0.02,1.0
Jeskai Prowess,Mono-Red Aggro,0.33,3,0.01,0.91
Jeskai Prowess,Dimir Excruciator,1.0,1,0.02,1.0
Jeskai Prowess,Temur Landfall,1.0,1,0.02,1.0
Izzet Dragons,Dimir Midrange,0.0,1,0.0,0.98
Izzet Dragons,Jeskai Control,0.0,1,0.0,0.98
Izzet Dragons,Sultai Reanimator,0.0,1,0.0,0.98
Izzet Dragons,Azorius Control,0.0,1,0.0,0.98
Mono Black Ugin,Izzet Lessons,0.0,1,0.0,0.98
Mono Black Ugin,Simic Rhythm,0.0,1,0.0,0.98
Mono Black Ugin,Dimir Midrange,1.0,1,0.02,1.0
Mono Black Ugin,Jeskai Control,1.0,1,0.02,1.0
Mono Black Ugin,Mono Green Landfall,0.0,1,0.0,0.98
Mono Black Ugin,Dimir Excruciator,1.0,1,0.02,1.0
Mono Black Ugin,Izzet Prowess,0.0,1,0.0,0.98
Mono Black Ugin,Izzet Splash,1.0,1,0.02,1.0
Esper Blink,Izzet Lessons,0.0,1,0.0,0.98
Esper Blink,Simic Rhythm,0.0,1,0.0,0.98
Esper Blink,Dimir Midrange,1.0,1,0.02,1.0
Esper Blink,Jeskai Control,0.0,1,0.0,0.98
Esper Blink,Azorius Control,0.0,1,0.0,0.98
Esper Blink,Temur Battlecrier,0.0,1,0.0,0.98
Esper Flash,Mono Green Landfall,0.0,3,0.0,0.71
Esper Flash,Izzet Elementals,0.0,1,0.0,0.98
Esper Flash,Dimir Excruciator,1.0,1,0.02,1.0
Esper Flash,Izzet Prowess,0.0,1,0.0,0.98
Esper Flash,Azorius Control,1.0,1,0.02,1.0
Esper Flash,Temur Landfall,1.0,1,0.02,1.0
Mardu Midrange,Izzet Lessons,1.0,1,0.02,1.0
Mardu Midrange,Simic Rhythm,0.0,1,0.0,0.98
Mardu Midrange,Dimir Midrange,1.0,2,0.16,1.0
Mardu Midrange,Sultai Reanimator,0.0,1,0.0,0.98
Mardu Midrange,Dimir Excruciator,0.0,1,0.0,0.98
Mardu Midrange,Boros Burn,1.0,1,0.02,1.0
Dimir Demons,Dimir Midrange,1.0,2,0.16,1.0
Dimir Demons,Mono-Red Aggro,0.0,1,0.0,0.98
Dimir Demons,Dimir Excruciator,0.0,1,0.0,0.98
Dimir Demons,Azorius Flash,1.0,1,0.02,1.0
Dimir Demons,4 Color Control,0.0,1,0.0,0.98
Golgari Deathtouch,Dimir Midrange,0.0,1,0.0,0.98
Golgari Deathtouch,Mono Green Landfall,0.0,1,0.0,0.98
Golgari Deathtouch,Azorius Flash,1.0,1,0.02,1.0
Golgari Deathtouch,Izzet Looting,0.0,1,0.0,0.98
Mono Blue Proft,Izzet Lessons,1.0,1,0.02,1.0
Mono Blue Proft,Simic Rhythm,0.0,2,0.0,0.84
Mono Blue Proft,Mono Green Landfall,0.5,2,0.01,0.99
Mono Blue Proft,Izzet Looting,1.0,1,0.02,1.0
Mono Blue Proft,Azorius Control,1.0,1,0.02,1.0
Mono Blue Proft,Selesnya Landfall,0.0,1,0.0,0.98
Jeskai Flash,Izzet Lessons,1.0,1,0.02,1.0
Jeskai Flash,Simic Rhythm,1.0,1,0.02,1.0
Jeskai Flash,Mono Green Landfall,0.0,1,0.0,0.98
Jeskai Flash,Azorius Flash,1.0,1,0.02,1.0
Jeskai Flash,Boros Dragons,1.0,1,0.02,1.0
Jeskai Flash,4 Color Control,0.0,1,0.0,0.98
Jeskai Flash,Temur Landfall,1.0,1,0.02,1.0
Simic Cauldron,Izzet Lessons,1.0,1,0.02,1.0
Simic Cauldron,Simic Rhythm,0.0,1,0.0,0.98
Simic Cauldron,Sultai Reanimator,0.0,1,0.0,0.98
Simic Cauldron,Mono-Red Aggro,0.0,1,0.0,0.98
Simic Cauldron,Boros Burn,0.0,1,0.0,0.98
Simic Cauldron,Selesnya Landfall,0.0,1,0.0,0.98
Simic Cauldron,Mono Black Midrange,0.0,1,0.0,0.98
Grixis Oculus,Jeskai Control,0.0,2,0.0,0.84
Grixis Oculus,Sultai Reanimator,0.0,2,0.0,0.84
Grixis Oculus,Boros Burn,1.0,1,0.02,1.0
Golgari Landfall,Izzet Lessons,0.0,1,0.0,0.98
Golgari Landfall,Dimir Midrange,1.0,1,0.02,1.0
Golgari Landfall,Jeskai Control,0.0,1,0.0,0.98
Golgari Landfall,Mono-Red Aggro,0.5,2,0.01,0.99
Golgari Landfall,Azorius Control,0.0,1,0.0,0.98
Izzet Flash,Izzet Lessons,0.0,2,0.0,0.84
Izzet Flash,Jeskai Control,0.0,1,0.0,0.98
Izzet Flash,Sultai Reanimator,0.0,1,0.0,0.98
Izzet Flash,Simic Ouroboroid,0.0,1,0.0,0.98
Izzet Flash,Allies,0.0,1,0.0,0.98
Sultai Graveyard,Simic Rhythm,0.0,2,0.0,0.84
Sultai Graveyard,Jeskai Control,0.0,1,0.0,0.98
Sultai Graveyard,Mono Green Landfall,1.0,1,0.02,1.0
Sultai Graveyard,Izzet Looting,1.0,2,0.16,1.0
Sultai Graveyard,Boros Dragons,1.0,1,0.02,1.0
Mono Black Moonshadow,Izzet Lessons,0.0,2,0.0,0.84
Mono Black Moonshadow,Jeskai Control,0.0,1,0.0,0.98
Mono Black Moonshadow,Mono Green Landfall,0.0,2,0.0,0.84
Mono Black Moonshadow,Sultai Reanimator,0.0,1,0.0,0.98
Mono Black Moonshadow,Mono-Red Aggro,0.0,1,0.0,0.98
Mono Black Moonshadow,Azorius Control,1.0,1,0.02,1.0
Selesnya Kithkins,Izzet Lessons,1.0,1,0.02,1.0
Selesnya Kithkins,Mono Green Landfall,0.0,2,0.0,0.84
Selesnya Kithkins,Sultai Reanimator,0.0,1,0.0,0.98
Selesnya Kithkins,Mono-Red Aggro,1.0,1,0.02,1.0
Selesnya Kithkins,Izzet Looting,1.0,1,0.02,1.0
Selesnya Kithkins,Boros Burn,0.0,1,0.0,0.98
Selesnya Kithkins,4 Color Control,1.0,1,0.02,1.0
Selesnya Kithkins,Golgari Ouroboroid,1.0,1,0.02,1.0
Selesnya Rhythm,Izzet Lessons,0.67,3,0.09,0.99
Selesnya Rhythm,Izzet Elementals,0.0,1,0.0,0.98
Selesnya Rhythm,Dimir Excruciator,0.5,2,0.01,0.99
Selesnya Rhythm,Izzet Prowess,1.0,1,0.02,1.0
Selesnya Rhythm,Boros Dragons,1.0,1,0.02,1.0
Izzet Pirates,Dimir Midrange,1.0,2,0.16,1.0
Izzet Pirates,Bant Airbending,0.5,2,0.01,0.99
Izzet Pirates,Dimir Bounce,1.0,1,0.02,1.0
Jeskai Oculus,Izzet Lessons,0.0,3,0.0,0.71
Jeskai Oculus,Simic Rhythm,1.0,1,0.02,1.0
Jeskai Oculus,Jeskai Control,0.0,1,0.0,0.98
Jeskai Oculus,Sultai Reanimator,1.0,1,0.02,1.0
Jeskai Oculus,Izzet Elementals,0.0,2,0.0,0.84
Temur Cauldron,Izzet Lessons,1.0,1,0.02,1.0
Temur Cauldron,Dimir Midrange,1.0,1,0.02,1.0
Temur Cauldron,Bant Airbending,0.0,1,0.0,0.98
Temur Cauldron,Izzet Elementals,0.0,1,0.0,0.98
Temur Cauldron,Dimir Excruciator,0.0,1,0.0,0.98
Temur Cauldron,Boros Burn,1.0,1,0.02,1.0
Temur Cauldron,4 Color Control,1.0,1,0.02,1.0
Rakdos Leyline,Izzet Lessons,0.5,2,0.01,0.99
Rakdos Leyline,Simic Rhythm,0.0,1,0.0,0.98
Rakdos Leyline,Mono Green Landfall,0.0,1,0.0,0.98
Rakdos Leyline,Dimir Excruciator,0.0,1,0.0,0.98
Rakdos Leyline,Izzet Prowess,0.0,1,0.0,0.98
Rakdos Leyline,Azorius Control,1.0,1,0.02,1.0
Jund Surprise,Dimir Midrange,1.0,1,0.02,1.0
Jund Surprise,Mono Green Landfall,1.0,1,0.02,1.0
Jund Surprise,Bant Airbending,0.5,2,0.01,0.99
Jund Surprise,Mono-Red Aggro,1.0,1,0.02,1.0
Jund Surprise,Simic Ouroboroid,0.0,1,0.0,0.98
Dimir Flash,Izzet Lessons,1.0,1,0.02,1.0
Dimir Flash,Simic Rhythm,0.5,2,0.01,0.99
Dimir Flash,Bant Airbending,0.0,1,0.0,0.98
Dimir Flash,Boros Dragons,0.0,1,0.0,0.98
Dimir Flash,Boros Burn,1.0,1,0.02,1.0
Bant Yuna,Simic Rhythm,1.0,1,0.02,1.0
Bant Yuna,Dimir Midrange,1.0,1,0.02,1.0
Bant Yuna,Sultai Reanimator,0.5,2,0.01,0.99
Bant Yuna,Bant Airbending,0.5,2,0.01,0.99
Bant Yuna,Simic Omniscience,1.0,1,0.02,1.0
Bant Midrange,Izzet Lessons,0.0,1,0.0,0.98
Bant Midrange,Dimir Midrange,1.0,1,0.02,1.0
Bant Midrange,Bant Airbending,1.0,1,0.02,1.0
Bant Midrange,Izzet Splash,0.0,1,0.0,0.98
Bant Midrange,Jeskai Artifacts,1.0,1,0.02,1.0
Bant Midrange,Mono Black Midrange,0.0,1,0.0,0.98
Sultai Landfall,Izzet Lessons,0.0,1,0.0,0.98
Sultai Landfall,Simic Rhythm,0.5,2,0.01,0.99
Sultai Landfall,Mono Green Landfall,0.5,2,0.01,0.99
Sultai Landfall,Mono-Red Aggro,0.0,1,0.0,0.98
Sultai Landfall,Mono Black Midrange,0.0,1,0.0,0.98
Esper Flyers,Simic Rhythm,1.0,1,0.02,1.0
Esper Flyers,Jeskai Control,0.5,2,0.01,0.99
Esper Flyers,Sultai Reanimator,0.0,1,0.0,0.98
Esper Flyers,Bant Airbending,1.0,1,0.02,1.0
Esper Flyers,Izzet Looting,0.0,2,0.0,0.84
Esper Flyers,Boros Burn,1.0,1,0.02,1.0
5 Color Legends,Dimir Midrange,1.0,1,0.02,1.0
5 Color Legends,Bant Airbending,0.0,2,0.0,0.84
5 Color Legends,Azorius Flash,0.0,1,0.0,0.98
5 Color Legends,Simic Ouroboroid,1.0,1,0.02,1.0
5 Color Legends,Golgari Ouroboroid,1.0,1,0.02,1.0
Dimir Faeries,Mono-Red Aggro,0.0,1,0.0,0.98
Dimir Faeries,Azorius Flash,0.0,1,0.0,0.98
Gruul Surprise,Boros Burn,0.67,3,0.09,0.99
Gruul Surprise,Selesnya Landfall,1.0,1,0.02,1.0
Gruul Surprise,Allies,1.0,1,0.02,1.0
Boros Discover,Izzet Lessons,0.33,3,0.01,0.91
Boros Discover,Jeskai Control,0.0,1,0.0,0.98
Boros Discover,Izzet Prowess,0.0,1,0.0,0.98
Sultai Mill,Jeskai Control,0.0,1,0.0,0.98
Sultai Mill,Bant Airbending,1.0,1,0.02,1.0
Sultai Mill,Dimir Bounce,0.0,1,0.0,0.98
Bant Cage,Mono Green Landfall,0.0,1,0.0,0.98
Bant Cage,Izzet Elementals,1.0,1,0.02,1.0
Bant Cage,Boros Dragons,0.0,2,0.0,0.84
Bant Cage,Temur Landfall,0.0,1,0.0,0.98
Abzan Lifegain,Izzet Lessons,0.0,1,0.0,0.98
Abzan Lifegain,Jeskai Control,0.0,1,0.0,0.98
Abzan Lifegain,Mono-Red Aggro,1.0,2,0.16,1.0
Abzan Lifegain,Simic Ouroboroid,0.0,1,0.0,0.98
Mono Blue Terror,Dimir Midrange,1.0,1,0.02,1.0
Mono Blue Terror,4 Color Control,1.0,1,0.02,1.0
Mono Blue Terror,Simic Ouroboroid,0.0,1,0.0,0.98
Mono Blue Terror,Esper Pixie,1.0,1,0.02,1.0
Mono Blue Terror,Temur Battlecrier,0.0,1,0.0,0.98
Rakdos Demons,Izzet Lessons,1.0,1,0.02,1.0
Rakdos Demons,Dimir Midrange,1.0,1,0.02,1.0
Rakdos Demons,Mono Green Landfall,0.0,1,0.0,0.98
Rakdos Demons,Azorius Control,0.0,1,0.0,0.98
Rakdos Demons,Simic Ouroboroid,0.0,1,0.0,0.98
Golgari Kona,Dimir Midrange,0.0,1,0.0,0.98
Golgari Kona,Jeskai Control,1.0,1,0.02,1.0
Golgari Kona,Sultai Reanimator,0.0,1,0.0,0.98
Golgari Kona,Azorius Control,1.0,1,0.02,1.0
Golgari Kona,4 Color Control,0.0,1,0.0,0.98
Rakdos Weapons,Izzet Lessons,1.0,1,0.02,1.0
Rakdos Weapons,Dimir Midrange,0.0,2,0.0,0.84
Rakdos Weapons,Izzet Prowess,1.0,1,0.02,1.0
Rakdos Weapons,Izzet Looting,0.0,1,0.0,0.98
Sultai Season,Dimir Midrange,0.67,3,0.09,0.99
Sultai Season,Sultai Reanimator,1.0,2,0.16,1.0
Jeskai Midrange,Simic Rhythm,0.0,1,0.0,0.98
Jeskai Midrange,Dimir Excruciator,0.0,1,0.0,0.98
Jeskai Midrange,Azorius Flash,0.0,1,0.0,0.98
Jeskai Midrange,Temur Landfall,0.0,2,0.0,0.84
Azorius Enchantments,Simic Rhythm,0.0,1,0.0,0.98
Azorius Enchantments,Sultai Reanimator,0.0,1,0.0,0.98
Azorius Enchantments,Bant Airbending,0.0,1,0.0,0.98
Azorius Enchantments,Selesnya Landfall,1.0,1,0.02,1.0
Azorius Enchantments,Jeskai Artifacts,0.0,1,0.0,0.98
Azorius Mill,Sultai Reanimator,0.0,1,0.0,0.98
Simic Landfall,Izzet Lessons,0.0,1,0.0,0.98
Simic Landfall,Dimir Midrange,0.0,1,0.0,0.98
Dimir Conqueror,Izzet Lessons,0.33,3,0.01,0.91
Dimir Conqueror,Simic Rhythm,0.0,1,0.0,0.98
Dimir Conqueror,Boros Dragons,0.0,1,0.0,0.98
Dimir Conqueror,Azorius Control,1.0,1,0.02,1.0
Esper Aggro,Izzet Lessons,1.0,1,0.02,1.0
Esper Aggro,Bant Airbending,0.0,1,0.0,0.98
Esper Aggro,4 Color Control,0.0,1,0.0,0.98
Jund Midrange,Izzet Lessons,0.0,1,0.0,0.98
Jund Midrange,Dimir Midrange,0.5,2,0.01,0.99
Jund Midrange,Jeskai Control,1.0,1,0.02,1.0
Jund Midrange,Sultai Reanimator,1.0,1,0.02,1.0
Azorius Tempo,Sultai Reanimator,0.0,1,0.0,0.98
Azorius Tempo,Izzet Prowess,0.0,1,0.0,0.98
Azorius Tempo,Boros Burn,1.0,1,0.02,1.0
Azorius Tempo,Jeskai Artifacts,0.0,1,0.0,0.98
Orzhov Tokens,Sultai Reanimator,0.0,1,0.0,0.98
Orzhov Tokens,Bant Airbending,0.0,1,0.0,0.98
Orzhov Tokens,Mono-Red Aggro,0.0,1,0.0,0.98
Orzhov Tokens,Azorius Control,1.0,1,0.02,1.0
Sultai Roots,Mono-Red Aggro,0.0,1,0.0,0.98
Sultai Roots,Izzet Prowess,0.0,1,0.0,0.98
Sultai Roots,Simic Ouroboroid,0.0,1,0.0,0.98
Sultai Roots,Selesnya Landfall,0.0,1,0.0,0.98
Orzhov Skeletons,Simic Rhythm,0.0,1,0.0,0.98
Orzhov Skeletons,Mono-Red Aggro,0.0,1,0.0,0.98
Orzhov Skeletons,Simic Ouroboroid,0.0,1,0.0,0.98
Orzhov Skeletons,Simic Omniscience,1.0,1,0.02,1.0
Golgari Chocobo,Izzet Lessons,0.0,1,0.0,0.98
Golgari Chocobo,Izzet Looting,0.0,1,0.0,0.98
Golgari Chocobo,4 Color Control,1.0,1,0.02,1.0
Orzhov Artifacts,Izzet Lessons,0.0,1,0.0,0.98
Orzhov Artifacts,Sultai Reanimator,0.5,2,0.01,0.99
Orzhov Artifacts,Azorius Control,0.0,1,0.0,0.98
Orzhov Artifacts,Golgari Ouroboroid,1.0,1,0.02,1.0
Abzan Counters,Simic Rhythm,0.0,1,0.0,0.98
Abzan Counters,Selesnya Landfall,0.0,1,0.0,0.98
Abzan Counters,Dimir Bounce,0.0,1,0.0,0.98
Orzhov Auras,Simic Ouroboroid,0.0,1,0.0,0.98
Mono Black Discard,Simic Rhythm,0.0,1,0.0,0.98
Mono Black Discard,Mono Green Landfall,0.0,1,0.0,0.98
Mono Black Discard,Sultai Reanimator,0.0,1,0.0,0.98
Mono Black Discard,Mono Black Midrange,1.0,1,0.02,1.0
Izzet Artifacts,Mono-Red Aggro,0.0,1,0.0,0.98
Selesnya Ugin,Dimir Midrange,0.0,1,0.0,0.98
Selesnya Ugin,Dimir Bounce,0.0,1,0.0,0.98
Sultai Ramp,Izzet Lessons,0.0,1,0.0,0.98
Sultai Ramp,Sultai Reanimator,0.0,1,0.0,0.98
Sultai Ramp,Izzet Elementals,1.0,1,0.02,1.0
Temur Ramp,Jeskai Control,0.0,1,0.0,0.98
Temur Ramp,Sultai Reanimator,1.0,1,0.02,1.0
Mono White Ugin,Dimir Midrange,0.0,1,0.0,0.98
Mono White Ugin,Boros Burn,1.0,1,0.02,1.0
Mono White Ugin,Selesnya Landfall,0.0,1,0.0,0.98
Mono White Prison,Sultai Reanimator,0.5,2,0.01,0.99
Mardu Ketramose,Dimir Midrange,0.0,1,0.0,0.98
Mardu Ketramose,Golgari Ouroboroid,0.0,1,0.0,0.98
Mardu Ketramose,Esper Pixie,1.0,1,0.02,1.0
Azorius Artifacts,Dimir Midrange,1.0,1,0.02,1.0
Azorius Artifacts,Azorius Control,0.0,1,0.0,0.98
Elves,Azorius Flash,1.0,1,0.02,1.0
Simic Aggro,Azorius Control,0.0,1,0.0,0.98
Mono Green Ramp,Sultai Reanimator,1.0,1,0.02,1.0
Mono White Midrange,Mono Black Midrange,1.0,1,0.02,1.0
